order,N,rep,tau0,lam,relax_rho,x,Z1_mean,Z1_sd,n_trials,seed,prep_seed
"(40, 50, 140)",100000,0,0.0,2.0,0.0,0.00358,0.6892,0.8310670413647291,10000,10380468090617305726,6308505021487959403
"(40, 50, 140)",100000,0,0.5,2.0,0.0,0.00358,0.6884,0.8290803202451145,10000,6231310525135725261,6308505021487959403
"(40, 50, 140)",100000,0,1.0,2.0,0.0,0.00358,0.6879,0.8347234669797133,10000,9238407022455699311,6308505021487959403
"(40, 50, 140)",100000,0,2.0,2.0,0.0,0.00358,0.6899,0.8268049048203958,10000,12144156890832365292,6308505021487959403
"(40, 50, 140)",100000,0,5.0,2.0,0.0,0.00358,0.6922,0.8318223084501182,10000,15175371578501788500,6308505021487959403
"(40, 50, 140)",100000,0,10.0,2.0,0.0,0.00358,0.6934,0.8390869124737129,10000,10337666839469366220,6308505021487959403
"(40, 50, 140)",100000,1,0.0,2.0,0.0,0.00638,0.6906,0.8255542344264233,10000,11376499393484134092,6756722886272425713
"(40, 50, 140)",100000,1,0.5,2.0,0.0,0.00638,0.6939,0.8281735187372957,10000,1068144801282333167,6756722886272425713
"(40, 50, 140)",100000,1,1.0,2.0,0.0,0.00638,0.6896,0.8283238811269444,10000,4083253455007060105,6756722886272425713
"(40, 50, 140)",100000,1,2.0,2.0,0.0,0.00638,0.7035,0.8335809713060707,10000,4484807738127768012,6756722886272425713
"(40, 50, 140)",100000,1,5.0,2.0,0.0,0.00638,0.6972,0.8317339347013644,10000,14602093591748319032,6756722886272425713
"(40, 50, 140)",100000,1,10.0,2.0,0.0,0.00638,0.6921,0.832446326611313,10000,11481652237185107427,6756722886272425713
"(40, 50, 140)",100000,2,0.0,2.0,0.0,-0.00234,0.7082,0.842688419510579,10000,601862638873199223,1184279535102422348
"(40, 50, 140)",100000,2,0.5,2.0,0.0,-0.00234,0.7077,0.8354223501022133,10000,5033613434623009018,1184279535102422348
"(40, 50, 140)",100000,2,1.0,2.0,0.0,-0.00234,0.6991,0.8339236972728904,10000,6495946703560465064,1184279535102422348
"(40, 50, 140)",100000,2,2.0,2.0,0.0,-0.00234,0.6768,0.8232918929238252,10000,2228109392465836286,1184279535102422348
"(40, 50, 140)",100000,2,5.0,2.0,0.0,-0.00234,0.6953,0.8375727209062391,10000,17305889667725898810,1184279535102422348
"(40, 50, 140)",100000,2,10.0,2.0,0.0,-0.00234,0.6996,0.8537170042070892,10000,1417001710403846648,1184279535102422348
"(40, 50, 140)",100000,3,0.0,2.0,0.0,0.0017,0.6934,0.8315440977835487,10000,10762485416052664657,6007610928440526352
"(40, 50, 140)",100000,3,0.5,2.0,0.0,0.0017,0.6914,0.8316460806859803,10000,15680798506301268279,6007610928440526352
"(40, 50, 140)",100000,3,1.0,2.0,0.0,0.0017,0.6857,0.8249748895310909,10000,1365797376052876851,6007610928440526352
"(40, 50, 140)",100000,3,2.0,2.0,0.0,0.0017,0.7159,0.8477376102931794,10000,15398995515497809361,6007610928440526352
"(40, 50, 140)",100000,3,5.0,2.0,0.0,0.0017,0.6949,0.8337166775049153,10000,3408186825830556013,6007610928440526352
"(40, 50, 140)",100000,3,10.0,2.0,0.0,0.0017,0.7058,0.8457646787311343,10000,10735533508449284562,6007610928440526352
"(40, 50, 140)",100000,4,0.0,2.0,0.0,-0.00174,0.7091,0.8457829064674264,10000,5918791344539343374,13877321819508503800
"(40, 50, 140)",100000,4,0.5,2.0,0.0,-0.00174,0.6921,0.8270223616073872,10000,2032950566190018099,13877321819508503800
"(40, 50, 140)",100000,4,1.0,2.0,0.0,-0.00174,0.68,0.8211378853412343,10000,18199883531968021085,13877321819508503800
"(40, 50, 140)",100000,4,2.0,2.0,0.0,-0.00174,0.6857,0.8318561825645386,10000,17529498344825528567,13877321819508503800
"(40, 50, 140)",100000,4,5.0,2.0,0.0,-0.00174,0.6927,0.8343478433077917,10000,17854917305717348389,13877321819508503800
"(40, 50, 140)",100000,4,10.0,2.0,0.0,-0.00174,0.7013,0.8379430319851615,10000,17931795019982005421,13877321819508503800
"(40, 50, 140)",100000,5,0.0,2.0,0.0,0.00156,0.7019,0.8424413099653136,10000,521288521069970742,17102989364183506097
"(40, 50, 140)",100000,5,0.5,2.0,0.0,0.00156,0.6971,0.84428838218184,10000,16971742834362981775,17102989364183506097
"(40, 50, 140)",100000,5,1.0,2.0,0.0,0.00156,0.6928,0.841605008242578,10000,9473050241595156299,17102989364183506097
"(40, 50, 140)",100000,5,2.0,2.0,0.0,0.00156,0.6949,0.8314343740258945,10000,5065404876953380649,17102989364183506097
"(40, 50, 140)",100000,5,5.0,2.0,0.0,0.00156,0.6699,0.8258342389481207,10000,17073554022120426072,17102989364183506097
"(40, 50, 140)",100000,5,10.0,2.0,0.0,0.00156,0.7061,0.8426112919839953,10000,10629268122543980776,17102989364183506097
"(40, 50, 140)",100000,6,0.0,2.0,0.0,0.00508,0.6973,0.8264024468141475,10000,16422052090177744235,7209826365562472571
"(40, 50, 140)",100000,6,0.5,2.0,0.0,0.00508,0.6959,0.8392220322190881,10000,17410337985054575228,7209826365562472571
"(40, 50, 140)",100000,6,1.0,2.0,0.0,0.00508,0.6953,0.8362582392923125,10000,10935182109444232917,7209826365562472571
"(40, 50, 140)",100000,6,2.0,2.0,0.0,0.00508,0.7148,0.8457733107927472,10000,5378664058810204087,7209826365562472571
"(40, 50, 140)",100000,6,5.0,2.0,0.0,0.00508,0.6892,0.8219920480714574,10000,7921955680826419692,7209826365562472571
"(40, 50, 140)",100000,6,10.0,2.0,0.0,0.00508,0.6905,0.8322133187475373,10000,13165834350271428603,7209826365562472571
"(40, 50, 140)",100000,7,0.0,2.0,0.0,0.00168,0.684,0.8257191902929966,10000,8372494345644458723,1866210873447199287
"(40, 50, 140)",100000,7,0.5,2.0,0.0,0.00168,0.6931,0.8392751803090738,10000,1307319379729610220,1866210873447199287
"(40, 50, 140)",100000,7,1.0,2.0,0.0,0.00168,0.7007,0.8289681711760002,10000,453802461231267017,1866210873447199287
"(40, 50, 140)",100000,7,2.0,2.0,0.0,0.00168,0.6919,0.8273106032702762,10000,6713578238644615787,1866210873447199287
"(40, 50, 140)",100000,7,5.0,2.0,0.0,0.00168,0.6915,0.8249823086472571,10000,16364569560509357464,1866210873447199287
"(40, 50, 140)",100000,7,10.0,2.0,0.0,0.00168,0.6913,0.8409964551077195,10000,1998706268339347407,1866210873447199287
"(40, 50, 140)",100000,8,0.0,2.0,0.0,-0.00104,0.6935,0.830798876189218,10000,18310125633332467938,2720832487710997001
"(40, 50, 140)",100000,8,0.5,2.0,0.0,-0.00104,0.697,0.8374133543911341,10000,1341820994492379203,2720832487710997001
"(40, 50, 140)",100000,8,1.0,2.0,0.0,-0.00104,0.6905,0.8325737612408829,10000,2498777815445741198,2720832487710997001
"(40, 50, 140)",100000,8,2.0,2.0,0.0,-0.00104,0.6825,0.8102835342894449,10000,15662859259295066029,2720832487710997001
"(40, 50, 140)",100000,8,5.0,2.0,0.0,-0.00104,0.6969,0.8393454831498222,10000,14416792734145817115,2720832487710997001
"(40, 50, 140)",100000,8,10.0,2.0,0.0,-0.00104,0.6989,0.8398269589219515,10000,10358613463631683054,2720832487710997001
"(40, 50, 140)",100000,9,0.0,2.0,0.0,-0.00068,0.703,0.8335829209194516,10000,2281360732712935482,4231672649150980470
"(40, 50, 140)",100000,9,0.5,2.0,0.0,-0.00068,0.7044,0.8320395837860712,10000,2066892725541147154,4231672649150980470
"(40, 50, 140)",100000,9,1.0,2.0,0.0,-0.00068,0.6793,0.8263896187514689,10000,7609291399087631617,4231672649150980470
"(40, 50, 140)",100000,9,2.0,2.0,0.0,-0.00068,0.6995,0.8287752631707128,10000,18096475702047449894,4231672649150980470
"(40, 50, 140)",100000,9,5.0,2.0,0.0,-0.00068,0.6923,0.8292704498219473,10000,13438972710478152797,4231672649150980470
"(40, 50, 140)",100000,9,10.0,2.0,0.0,-0.00068,0.6687,0.816704971639741,10000,11833247666434274968,4231672649150980470
"(40, 50, 140)",100000,10,0.0,2.0,0.0,8e-05,0.6962,0.8319704186314245,10000,3327888051434337495,13732675519007260928
"(40, 50, 140)",100000,10,0.5,2.0,0.0,8e-05,0.6859,0.8251722734848116,10000,7263807326947525823,13732675519007260928
"(40, 50, 140)",100000,10,1.0,2.0,0.0,8e-05,0.6906,0.8372226311880355,10000,9048453716311008226,13732675519007260928
"(40, 50, 140)",100000,10,2.0,2.0,0.0,8e-05,0.691,0.8330596610326803,10000,7914114098515262525,13732675519007260928
"(40, 50, 140)",100000,10,5.0,2.0,0.0,8e-05,0.6997,0.8462809989317469,10000,17971485764319354359,13732675519007260928
"(40, 50, 140)",100000,10,10.0,2.0,0.0,8e-05,0.7107,0.8322708558382588,10000,5485068271134250062,13732675519007260928
"(40, 50, 140)",100000,11,0.0,2.0,0.0,0.00108,0.6829,0.8181775671901211,10000,16955723310356520136,7494496418896521722
"(40, 50, 140)",100000,11,0.5,2.0,0.0,0.00108,0.6893,0.823549229453427,10000,4360132193703636880,7494496418896521722
"(40, 50, 140)",100000,11,1.0,2.0,0.0,0.00108,0.7055,0.833690142634176,10000,17916234427812464470,7494496418896521722
"(40, 50, 140)",100000,11,2.0,2.0,0.0,0.00108,0.6835,0.822310993199625,10000,15412778058169323973,7494496418896521722
"(40, 50, 140)",100000,11,5.0,2.0,0.0,0.00108,0.7034,0.8363602034045999,10000,650163751334101038,7494496418896521722
"(40, 50, 140)",100000,11,10.0,2.0,0.0,0.00108,0.686,0.8293809663108552,10000,18005307236429602317,7494496418896521722
"(40, 50, 140)",100000,12,0.0,2.0,0.0,-0.00376,0.6942,0.8220425386763993,10000,17199115162299399414,16993665869190483323
"(40, 50, 140)",100000,12,0.5,2.0,0.0,-0.00376,0.6886,0.8380335733292568,10000,7412158006874556772,16993665869190483323
"(40, 50, 140)",100000,12,1.0,2.0,0.0,-0.00376,0.6858,0.8224025745335797,10000,15090691662086905159,16993665869190483323
"(40, 50, 140)",100000,12,2.0,2.0,0.0,-0.00376,0.6874,0.8260444751631081,10000,5812385448443049464,16993665869190483323
"(40, 50, 140)",100000,12,5.0,2.0,0.0,-0.00376,0.6976,0.8373914033689644,10000,15237466111223000726,16993665869190483323
"(40, 50, 140)",100000,12,10.0,2.0,0.0,-0.00376,0.6846,0.8302961996648652,10000,1888521326563585515,16993665869190483323
"(40, 50, 140)",100000,13,0.0,2.0,0.0,0.0018,0.687,0.8226169642470222,10000,14424483905790617995,9250853726802623270
"(40, 50, 140)",100000,13,0.5,2.0,0.0,0.0018,0.7086,0.835557212634514,10000,409380580652388334,9250853726802623270
"(40, 50, 140)",100000,13,1.0,2.0,0.0,0.0018,0.6843,0.8214018383824143,10000,9928186705638909076,9250853726802623270
"(40, 50, 140)",100000,13,2.0,2.0,0.0,0.0018,0.7033,0.8435284607091823,10000,16317460372404635590,9250853726802623270
"(40, 50, 140)",100000,13,5.0,2.0,0.0,0.0018,0.682,0.8171552938563317,10000,7833476964236072779,9250853726802623270
"(40, 50, 140)",100000,13,10.0,2.0,0.0,0.0018,0.689,0.8374659007467058,10000,11090313844762952386,9250853726802623270
"(40, 50, 140)",100000,14,0.0,2.0,0.0,0.0028,0.6999,0.8419684561122874,10000,3832441200598829652,5568297343582994232
"(40, 50, 140)",100000,14,0.5,2.0,0.0,0.0028,0.6853,0.8295376563317227,10000,1421390845305899952,5568297343582994232
"(40, 50, 140)",100000,14,1.0,2.0,0.0,0.0028,0.6973,0.8381783606705852,10000,3894376092263042605,5568297343582994232
"(40, 50, 140)",100000,14,2.0,2.0,0.0,0.0028,0.702,0.8302198061312733,10000,6690203139138358174,5568297343582994232
"(40, 50, 140)",100000,14,5.0,2.0,0.0,0.0028,0.6973,0.8450704848782977,10000,15186440202270696447,5568297343582994232
"(40, 50, 140)",100000,14,10.0,2.0,0.0,0.0028,0.6979,0.8337296327407651,10000,8789300391927557295,5568297343582994232
"(40, 50, 140)",100000,15,0.0,2.0,0.0,-0.00426,0.6831,0.8302670198992811,10000,14788170245479378472,7324806406340094342
"(40, 50, 140)",100000,15,0.5,2.0,0.0,-0.00426,0.691,0.8292091164331695,10000,2489258352022538399,7324806406340094342
"(40, 50, 140)",100000,15,1.0,2.0,0.0,-0.00426,0.7001,0.837753050139062,10000,10951748661757824023,7324806406340094342
"(40, 50, 140)",100000,15,2.0,2.0,0.0,-0.00426,0.6839,0.8251356705945325,10000,7139460242494227897,7324806406340094342
"(40, 50, 140)",100000,15,5.0,2.0,0.0,-0.00426,0.691,0.8288472107510992,10000,5897898793691837186,7324806406340094342
"(40, 50, 140)",100000,15,10.0,2.0,0.0,-0.00426,0.7065,0.8416820022189413,10000,16752692086773525015,7324806406340094342
"(40, 50, 140)",100000,16,0.0,2.0,0.0,-0.0035,0.6936,0.8413024539259933,10000,3657218159246662209,14740781978222432179
"(40, 50, 140)",100000,16,0.5,2.0,0.0,-0.0035,0.6918,0.8204145708157558,10000,11530381794059728574,14740781978222432179
"(40, 50, 140)",100000,16,1.0,2.0,0.0,-0.0035,0.6948,0.8269953761268641,10000,619217161435598626,14740781978222432179
"(40, 50, 140)",100000,16,2.0,2.0,0.0,-0.0035,0.6907,0.8260155810721838,10000,12248603310658757558,14740781978222432179
"(40, 50, 140)",100000,16,5.0,2.0,0.0,-0.0035,0.6874,0.823376605754311,10000,5113842104516716274,14740781978222432179
"(40, 50, 140)",100000,16,10.0,2.0,0.0,-0.0035,0.6984,0.8406593310081565,10000,13811409683379790348,14740781978222432179
"(40, 50, 140)",100000,17,0.0,2.0,0.0,0.00292,0.6953,0.8387659165859582,10000,14945768422281370897,17240980298327770147
"(40, 50, 140)",100000,17,0.5,2.0,0.0,0.00292,0.6936,0.8299324784534458,10000,359848424430984377,17240980298327770147
"(40, 50, 140)",100000,17,1.0,2.0,0.0,0.00292,0.6874,0.8305120197935139,10000,892567600454623801,17240980298327770147
"(40, 50, 140)",100000,17,2.0,2.0,0.0,0.00292,0.7004,0.8443406487390687,10000,9030582544076777587,17240980298327770147
"(40, 50, 140)",100000,17,5.0,2.0,0.0,0.00292,0.7046,0.8430954400256825,10000,15712297569134030352,17240980298327770147
"(40, 50, 140)",100000,17,10.0,2.0,0.0,0.00292,0.6946,0.8336668039654713,10000,1054209164491809777,17240980298327770147
"(40, 50, 140)",100000,18,0.0,2.0,0.0,-0.00104,0.7082,0.8342196067194917,10000,8183526476815637660,5811273971294866461
"(40, 50, 140)",100000,18,0.5,2.0,0.0,-0.00104,0.7091,0.8327944192022816,10000,7932828083014857156,5811273971294866461
"(40, 50, 140)",100000,18,1.0,2.0,0.0,-0.00104,0.6943,0.827596521017434,10000,207145904801471558,5811273971294866461
"(40, 50, 140)",100000,18,2.0,2.0,0.0,-0.00104,0.7007,0.8353378292217425,10000,927701305402933188,5811273971294866461
"(40, 50, 140)",100000,18,5.0,2.0,0.0,-0.00104,0.6893,0.8250051959577804,10000,12196717839892273905,5811273971294866461
"(40, 50, 140)",100000,18,10.0,2.0,0.0,-0.00104,0.6912,0.8315718316363999,10000,10894190542326577151,5811273971294866461
"(40, 50, 140)",100000,19,0.0,2.0,0.0,0.00134,0.6868,0.8337717178747146,10000,13870320680855296525,4422731400566785855
"(40, 50, 140)",100000,19,0.5,2.0,0.0,0.00134,0.6947,0.8402157498229993,10000,5611877301894126660,4422731400566785855
"(40, 50, 140)",100000,19,1.0,2.0,0.0,0.00134,0.6841,0.8267862768302069,10000,11776348901201981594,4422731400566785855
"(40, 50, 140)",100000,19,2.0,2.0,0.0,0.00134,0.6939,0.8319086471480628,10000,12524807394878386751,4422731400566785855
"(40, 50, 140)",100000,19,5.0,2.0,0.0,0.00134,0.6917,0.8357756649342033,10000,2287096426659591851,4422731400566785855
"(40, 50, 140)",100000,19,10.0,2.0,0.0,0.00134,0.6991,0.8365579315966657,10000,8134366468274660310,4422731400566785855
"(40, 50, 140)",100000,20,0.0,2.0,0.0,0.0038,0.698,0.8321449672530938,10000,5192102349488157784,4554647378497235009
"(40, 50, 140)",100000,20,0.5,2.0,0.0,0.0038,0.68,0.829619688099727,10000,3042542958433625053,4554647378497235009
"(40, 50, 140)",100000,20,1.0,2.0,0.0,0.0038,0.7026,0.8394186693005089,10000,4164835202005059585,4554647378497235009
"(40, 50, 140)",100000,20,2.0,2.0,0.0,0.0038,0.6841,0.8343721038486175,10000,12359375004193702692,4554647378497235009
"(40, 50, 140)",100000,20,5.0,2.0,0.0,0.0038,0.6978,0.8300265383741899,10000,13841165550172624467,4554647378497235009
"(40, 50, 140)",100000,20,10.0,2.0,0.0,0.0038,0.6921,0.8293168071591601,10000,6839563687082634891,4554647378497235009
"(40, 50, 140)",100000,21,0.0,2.0,0.0,-0.00018,0.6798,0.823492424966616,10000,14048995531294033310,17022812643469408402
"(40, 50, 140)",100000,21,0.5,2.0,0.0,-0.00018,0.6934,0.825629824110446,10000,12385536217551470955,17022812643469408402
"(40, 50, 140)",100000,21,1.0,2.0,0.0,-0.00018,0.697,0.8382489284971455,10000,4491842170327464296,17022812643469408402
"(40, 50, 140)",100000,21,2.0,2.0,0.0,-0.00018,0.6963,0.8329079682464066,10000,10665739144730110619,17022812643469408402
"(40, 50, 140)",100000,21,5.0,2.0,0.0,-0.00018,0.7089,0.8305599153446414,10000,9738793165288263168,17022812643469408402
"(40, 50, 140)",100000,21,10.0,2.0,0.0,-0.00018,0.6982,0.8385625073349456,10000,10879680668914903392,17022812643469408402
"(40, 50, 140)",100000,22,0.0,2.0,0.0,-0.00202,0.6875,0.8268688657895648,10000,9929136341462315273,1242755447883146122
"(40, 50, 140)",100000,22,0.5,2.0,0.0,-0.00202,0.6899,0.8299438961080855,10000,12357343104240843569,1242755447883146122
"(40, 50, 140)",100000,22,1.0,2.0,0.0,-0.00202,0.6803,0.8227755501718534,10000,13693137487128940831,1242755447883146122
"(40, 50, 140)",100000,22,2.0,2.0,0.0,-0.00202,0.7009,0.8411361013498941,10000,14497259317660413624,1242755447883146122
"(40, 50, 140)",100000,22,5.0,2.0,0.0,-0.00202,0.699,0.8252678999638063,10000,8786159996753854244,1242755447883146122
"(40, 50, 140)",100000,22,10.0,2.0,0.0,-0.00202,0.6855,0.8212534296546784,10000,2430355973864418935,1242755447883146122
"(40, 50, 140)",100000,23,0.0,2.0,0.0,0.0011,0.7036,0.8395341099396589,10000,7060580473858744673,3886285306872609743
"(40, 50, 140)",100000,23,0.5,2.0,0.0,0.0011,0.6991,0.8301976347902233,10000,6313307605148144316,3886285306872609743
"(40, 50, 140)",100000,23,1.0,2.0,0.0,0.0011,0.7081,0.8393836110412499,10000,11357685481279145604,3886285306872609743
"(40, 50, 140)",100000,23,2.0,2.0,0.0,0.0011,0.7106,0.8487164850332511,10000,14913887935392374119,3886285306872609743
"(40, 50, 140)",100000,23,5.0,2.0,0.0,0.0011,0.6939,0.8268440948060956,10000,10875528550940123328,3886285306872609743
"(40, 50, 140)",100000,23,10.0,2.0,0.0,0.0011,0.6902,0.8362379382621545,10000,14207566017093094740,3886285306872609743
"(40, 140, 50)",100000,0,0.0,2.0,0.0,0.97036,0.7051,0.8322278836502851,10000,8271669400682096647,7416749104417419891
"(40, 140, 50)",100000,0,0.5,2.0,0.0,0.97036,0.9473,0.9810295367088544,10000,2236794539028515722,7416749104417419891
"(40, 140, 50)",100000,0,1.0,2.0,0.0,0.97036,1.125,1.0565446647742187,10000,16519600363316690059,7416749104417419891
"(40, 140, 50)",100000,0,2.0,2.0,0.0,0.97036,1.2823,1.1320489669119214,10000,9151066555872915278,7416749104417419891
"(40, 140, 50)",100000,0,5.0,2.0,0.0,0.97036,1.3668,1.1835530574435513,10000,10321780391327622557,7416749104417419891
"(40, 140, 50)",100000,0,10.0,2.0,0.0,0.97036,1.3609,1.1683268758223773,10000,14827449837247522552,7416749104417419891
"(40, 140, 50)",100000,1,0.0,2.0,0.0,0.97012,0.6927,0.8323076255798453,10000,8451037054727965960,16039801524390196045
"(40, 140, 50)",100000,1,0.5,2.0,0.0,0.97012,0.9594,0.9754213370018455,10000,7412569383028170184,16039801524390196045
"(40, 140, 50)",100000,1,1.0,2.0,0.0,0.97012,1.1253,1.0620323447382038,10000,8809551558518955453,16039801524390196045
"(40, 140, 50)",100000,1,2.0,2.0,0.0,0.97012,1.2939,1.1421266284101481,10000,5570867318418749809,16039801524390196045
"(40, 140, 50)",100000,1,5.0,2.0,0.0,0.97012,1.371,1.1766466970781733,10000,2896934078399083535,16039801524390196045
"(40, 140, 50)",100000,1,10.0,2.0,0.0,0.97012,1.3682,1.1769312965197556,10000,1623402059516627324,16039801524390196045
"(40, 140, 50)",100000,2,0.0,2.0,0.0,0.969,0.6904,0.8286232567639923,10000,5849592676228658466,2253124719834525741
"(40, 140, 50)",100000,2,0.5,2.0,0.0,0.969,0.9714,0.980141881469607,10000,7593289186860017425,2253124719834525741
"(40, 140, 50)",100000,2,1.0,2.0,0.0,0.969,1.1202,1.0505533428782297,10000,3377430786169861693,2253124719834525741
"(40, 140, 50)",100000,2,2.0,2.0,0.0,0.969,1.275,1.134770360194977,10000,12374281587755641320,2253124719834525741
"(40, 140, 50)",100000,2,5.0,2.0,0.0,0.969,1.3735,1.177088061119627,10000,8047714213456157216,2253124719834525741
"(40, 140, 50)",100000,2,10.0,2.0,0.0,0.969,1.3585,1.1605655695582755,10000,3466189039763047907,2253124719834525741
"(40, 140, 50)",100000,3,0.0,2.0,0.0,0.97068,0.6931,0.8398707807114313,10000,10848836476720487949,18392531375034563046
"(40, 140, 50)",100000,3,0.5,2.0,0.0,0.97068,0.9531,0.9842749970038722,10000,14902896495554184614,18392531375034563046
"(40, 140, 50)",100000,3,1.0,2.0,0.0,0.97068,1.1037,1.0364621244278718,10000,15317282527617358138,18392531375034563046
"(40, 140, 50)",100000,3,2.0,2.0,0.0,0.97068,1.2766,1.139220006066529,10000,2077902521186905516,18392531375034563046
"(40, 140, 50)",100000,3,5.0,2.0,0.0,0.97068,1.3634,1.1662231551657531,10000,4495080774030993809,18392531375034563046
"(40, 140, 50)",100000,3,10.0,2.0,0.0,0.97068,1.3618,1.1638884068596793,10000,5939160642996168943,18392531375034563046
"(40, 140, 50)",100000,4,0.0,2.0,0.0,0.97074,0.693,0.8351172025974601,10000,14558094620603365086,5896255616151498182
"(40, 140, 50)",100000,4,0.5,2.0,0.0,0.97074,0.9714,0.9859407933161061,10000,337390256849231538,5896255616151498182
"(40, 140, 50)",100000,4,1.0,2.0,0.0,0.97074,1.1366,1.0637920874684752,10000,8146511688056301672,5896255616151498182
"(40, 140, 50)",100000,4,2.0,2.0,0.0,0.97074,1.2686,1.1182929392202166,10000,18042535500980751786,5896255616151498182
"(40, 140, 50)",100000,4,5.0,2.0,0.0,0.97074,1.3616,1.1577475881848318,10000,2360910402965759472,5896255616151498182
"(40, 140, 50)",100000,4,10.0,2.0,0.0,0.97074,1.3442,1.1473700387410246,10000,4925195973900394689,5896255616151498182
"(40, 140, 50)",100000,5,0.0,2.0,0.0,0.97056,0.7051,0.8461711355033661,10000,3424222300221661068,16974259089188303808
"(40, 140, 50)",100000,5,0.5,2.0,0.0,0.97056,0.9459,0.9836004966416494,10000,13859248575599045525,16974259089188303808
"(40, 140, 50)",100000,5,1.0,2.0,0.0,0.97056,1.1385,1.068658950832921,10000,15709279492947187218,16974259089188303808
"(40, 140, 50)",100000,5,2.0,2.0,0.0,0.97056,1.3076,1.1377660968622316,10000,6926693870112275278,16974259089188303808
"(40, 140, 50)",100000,5,5.0,2.0,0.0,0.97056,1.37,1.1714252958351088,10000,6708882249956925417,16974259089188303808
"(40, 140, 50)",100000,5,10.0,2.0,0.0,0.97056,1.36,1.1695883009330112,10000,5254396444834196734,16974259089188303808
"(40, 140, 50)",100000,6,0.0,2.0,0.0,0.97032,0.6773,0.8216034403660456,10000,4285278297515887352,14840825724401460019
"(40, 140, 50)",100000,6,0.5,2.0,0.0,0.97032,0.9761,0.9888511377640549,10000,9388752517975908732,14840825724401460019
"(40, 140, 50)",100000,6,1.0,2.0,0.0,0.97032,1.1205,1.049328289424191,10000,9017925420485893683,14840825724401460019
"(40, 140, 50)",100000,6,2.0,2.0,0.0,0.97032,1.2765,1.142443988923213,10000,5498711842811855521,14840825724401460019
"(40, 140, 50)",100000,6,5.0,2.0,0.0,0.97032,1.3586,1.1507121507333555,10000,14220947170454486795,14840825724401460019
"(40, 140, 50)",100000,6,10.0,2.0,0.0,0.97032,1.3615,1.1483682444941152,10000,8381701873103498819,14840825724401460019
"(40, 140, 50)",100000,7,0.0,2.0,0.0,0.96914,0.698,0.8374163400678669,10000,10965433577810872003,9304823166092396068
"(40, 140, 50)",100000,7,0.5,2.0,0.0,0.96914,0.9386,0.9615209265789407,10000,9021376934216864177,9304823166092396068
"(40, 140, 50)",100000,7,1.0,2.0,0.0,0.96914,1.1275,1.0633705025448883,10000,11127117780234427499,9304823166092396068
"(40, 140, 50)",100000,7,2.0,2.0,0.0,0.96914,1.2628,1.1286556367442797,10000,7679340535291476337,9304823166092396068
"(40, 140, 50)",100000,7,5.0,2.0,0.0,0.96914,1.3613,1.1565016470398823,10000,16773505275178311997,9304823166092396068
"(40, 140, 50)",100000,7,10.0,2.0,0.0,0.96914,1.3561,1.168087853255607,10000,11964082245900935515,9304823166092396068
"(40, 140, 50)",100000,8,0.0,2.0,0.0,0.96878,0.6886,0.8369588341185012,10000,7038547424605581297,17180509660435808941
"(40, 140, 50)",100000,8,0.5,2.0,0.0,0.96878,0.9594,0.980636428438429,10000,3337252465460373384,17180509660435808941
"(40, 140, 50)",100000,8,1.0,2.0,0.0,0.96878,1.1165,1.0596414648377064,10000,4357303492124920504,17180509660435808941
"(40, 140, 50)",100000,8,2.0,2.0,0.0,0.96878,1.2786,1.1451258320888285,10000,17255186286189751918,17180509660435808941
"(40, 140, 50)",100000,8,5.0,2.0,0.0,0.96878,1.3567,1.1624113858798022,10000,17858708996473008882,17180509660435808941
"(40, 140, 50)",100000,8,10.0,2.0,0.0,0.96878,1.3895,1.1802241494327637,10000,15175692778566005867,17180509660435808941
"(40, 140, 50)",100000,9,0.0,2.0,0.0,0.97158,0.6819,0.8264264565397256,10000,8681407903866825057,7474546433234078126
"(40, 140, 50)",100000,9,0.5,2.0,0.0,0.97158,0.9563,0.9715372861963903,10000,16235755653808393629,7474546433234078126
"(40, 140, 50)",100000,9,1.0,2.0,0.0,0.97158,1.1302,1.0697487537920405,10000,7038579122513104296,7474546433234078126
"(40, 140, 50)",100000,9,2.0,2.0,0.0,0.97158,1.2675,1.122884605373009,10000,3305729591110290396,7474546433234078126
"(40, 140, 50)",100000,9,5.0,2.0,0.0,0.97158,1.3651,1.164619089557773,10000,15075925175219300912,7474546433234078126
"(40, 140, 50)",100000,9,10.0,2.0,0.0,0.97158,1.3544,1.1542676783949808,10000,6002496095886879599,7474546433234078126
"(40, 140, 50)",100000,10,0.0,2.0,0.0,0.97134,0.6944,0.841593410113693,10000,13410027361882061123,16494390183735558475
"(40, 140, 50)",100000,10,0.5,2.0,0.0,0.97134,0.9567,0.9822024140462168,10000,14895520619539487963,16494390183735558475
"(40, 140, 50)",100000,10,1.0,2.0,0.0,0.97134,1.1285,1.0644721979018572,10000,12985404897366635463,16494390183735558475
"(40, 140, 50)",100000,10,2.0,2.0,0.0,0.97134,1.2734,1.1271998482743844,10000,2104056277090835451,16494390183735558475
"(40, 140, 50)",100000,10,5.0,2.0,0.0,0.97134,1.3611,1.1694629341520129,10000,13606759828677117991,16494390183735558475
"(40, 140, 50)",100000,10,10.0,2.0,0.0,0.97134,1.3627,1.155457579585604,10000,8458838019724738201,16494390183735558475
"(40, 140, 50)",100000,11,0.0,2.0,0.0,0.96984,0.6929,0.8304568356366184,10000,17545395626929838341,10042003255820228007
"(40, 140, 50)",100000,11,0.5,2.0,0.0,0.96984,0.9571,0.9739375983319181,10000,7949643887678096909,10042003255820228007
"(40, 140, 50)",100000,11,1.0,2.0,0.0,0.96984,1.1211,1.0616720325743139,10000,5067705532380990934,10042003255820228007
"(40, 140, 50)",100000,11,2.0,2.0,0.0,0.96984,1.2671,1.1221780243579158,10000,2593039909562958535,10042003255820228007
"(40, 140, 50)",100000,11,5.0,2.0,0.0,0.96984,1.3616,1.1587837235531906,10000,18337016786396415863,10042003255820228007
"(40, 140, 50)",100000,11,10.0,2.0,0.0,0.96984,1.3702,1.156410691998676,10000,1984768781569923947,10042003255820228007
"(40, 140, 50)",100000,12,0.0,2.0,0.0,0.96922,0.698,0.8396823843874928,10000,17061634759890717361,8493763158738836868
"(40, 140, 50)",100000,12,0.5,2.0,0.0,0.96922,0.9615,0.9782195261515354,10000,2925939483768127225,8493763158738836868
"(40, 140, 50)",100000,12,1.0,2.0,0.0,0.96922,1.1202,1.0507437205316164,10000,5155311057474551130,8493763158738836868
"(40, 140, 50)",100000,12,2.0,2.0,0.0,0.96922,1.2764,1.1172859404768676,10000,2641664808561662392,8493763158738836868
"(40, 140, 50)",100000,12,5.0,2.0,0.0,0.96922,1.3819,1.1829591409820222,10000,591173483786142065,8493763158738836868
"(40, 140, 50)",100000,12,10.0,2.0,0.0,0.96922,1.3557,1.1606516364620876,10000,6827818923054963112,8493763158738836868
"(40, 140, 50)",100000,13,0.0,2.0,0.0,0.96814,0.6962,0.8440241688955168,10000,9946878298201040353,17977102750740450857
"(40, 140, 50)",100000,13,0.5,2.0,0.0,0.96814,0.9556,0.9678441569959614,10000,15616321577838225234,17977102750740450857
"(40, 140, 50)",100000,13,1.0,2.0,0.0,0.96814,1.1188,1.0713549085779246,10000,13245344123350302807,17977102750740450857
"(40, 140, 50)",100000,13,2.0,2.0,0.0,0.96814,1.2794,1.1116020897428145,10000,12666423435410097426,17977102750740450857
"(40, 140, 50)",100000,13,5.0,2.0,0.0,0.96814,1.3412,1.1621177271521057,10000,13328310508543978699,17977102750740450857
"(40, 140, 50)",100000,13,10.0,2.0,0.0,0.96814,1.3833,1.1713745437869918,10000,5685129054444610956,17977102750740450857
"(40, 140, 50)",100000,14,0.0,2.0,0.0,0.96968,0.6971,0.835955424736998,10000,9800925040868793794,14685953348856697655
"(40, 140, 50)",100000,14,0.5,2.0,0.0,0.96968,0.9526,0.9736775877078,10000,8190544917682965272,14685953348856697655
"(40, 140, 50)",100000,14,1.0,2.0,0.0,0.96968,1.1104,1.0574136618964391,10000,12877679494152160141,14685953348856697655
"(40, 140, 50)",100000,14,2.0,2.0,0.0,0.96968,1.2866,1.1330440498417915,10000,16352210499488720451,14685953348856697655
"(40, 140, 50)",100000,14,5.0,2.0,0.0,0.96968,1.3534,1.168180167821064,10000,5791633843255640356,14685953348856697655
"(40, 140, 50)",100000,14,10.0,2.0,0.0,0.96968,1.3525,1.1575740787417355,10000,348773636656637621,14685953348856697655
"(40, 140, 50)",100000,15,0.0,2.0,0.0,0.97038,0.6951,0.8284954015943881,10000,11762984025393222233,9591253041824893477
"(40, 140, 50)",100000,15,0.5,2.0,0.0,0.97038,0.9775,0.9840175705026337,10000,11950234998366159441,9591253041824893477
"(40, 140, 50)",100000,15,1.0,2.0,0.0,0.97038,1.1306,1.0597433394905387,10000,4532760385045275095,9591253041824893477
"(40, 140, 50)",100000,15,2.0,2.0,0.0,0.97038,1.2698,1.1281556778757762,10000,16455591723500606879,9591253041824893477
"(40, 140, 50)",100000,15,5.0,2.0,0.0,0.97038,1.3536,1.1729896122570933,10000,5470093477140007991,9591253041824893477
"(40, 140, 50)",100000,15,10.0,2.0,0.0,0.97038,1.3648,1.1574346311963148,10000,3488763380576834107,9591253041824893477
"(40, 140, 50)",100000,16,0.0,2.0,0.0,0.97062,0.6982,0.8395160741307295,10000,15769436630149564120,12022546827927584138
"(40, 140, 50)",100000,16,0.5,2.0,0.0,0.97062,0.967,0.9657143782848231,10000,16658106680010262797,12022546827927584138
"(40, 140, 50)",100000,16,1.0,2.0,0.0,0.97062,1.1123,1.0522354441582902,10000,7313409648574889811,12022546827927584138
"(40, 140, 50)",100000,16,2.0,2.0,0.0,0.97062,1.2726,1.1319970767357017,10000,14253528786175403678,12022546827927584138
"(40, 140, 50)",100000,16,5.0,2.0,0.0,0.97062,1.3637,1.1622208850896518,10000,2518874554923571858,12022546827927584138
"(40, 140, 50)",100000,16,10.0,2.0,0.0,0.97062,1.3657,1.1732438621684802,10000,16508483241486628068,12022546827927584138
"(40, 140, 50)",100000,17,0.0,2.0,0.0,0.97136,0.7111,0.8404209782853318,10000,17125371766055958295,15912686319878096895
"(40, 140, 50)",100000,17,0.5,2.0,0.0,0.97136,0.966,0.9900212190662481,10000,4686504085980434514,15912686319878096895
"(40, 140, 50)",100000,17,1.0,2.0,0.0,0.97136,1.1073,1.0512360437703667,10000,6684902255227861736,15912686319878096895
"(40, 140, 50)",100000,17,2.0,2.0,0.0,0.97136,1.2768,1.1438149287621342,10000,3192915374580758966,15912686319878096895
"(40, 140, 50)",100000,17,5.0,2.0,0.0,0.97136,1.3855,1.175001196927594,10000,6385277476213429902,15912686319878096895
"(40, 140, 50)",100000,17,10.0,2.0,0.0,0.97136,1.3471,1.1654859182944144,10000,11909258607433048393,15912686319878096895
"(40, 140, 50)",100000,18,0.0,2.0,0.0,0.96936,0.6832,0.837441276024223,10000,6234449735761321845,1759901453008873544
"(40, 140, 50)",100000,18,0.5,2.0,0.0,0.96936,0.9607,0.9717252363675132,10000,5358035208995486217,1759901453008873544
"(40, 140, 50)",100000,18,1.0,2.0,0.0,0.96936,1.1169,1.054488304609613,10000,9349288037576493201,1759901453008873544
"(40, 140, 50)",100000,18,2.0,2.0,0.0,0.96936,1.273,1.1174058616214426,10000,1128201064589033563,1759901453008873544
"(40, 140, 50)",100000,18,5.0,2.0,0.0,0.96936,1.354,1.1769547664427147,10000,13660398041223534428,1759901453008873544
"(40, 140, 50)",100000,18,10.0,2.0,0.0,0.96936,1.3669,1.162935781530174,10000,9716356164673279171,1759901453008873544
"(40, 140, 50)",100000,19,0.0,2.0,0.0,0.97084,0.6917,0.8290475510995725,10000,12741641064882233380,7447367782518287347
"(40, 140, 50)",100000,19,0.5,2.0,0.0,0.97084,0.9752,0.9773845139190638,10000,12027118595401717041,7447367782518287347
"(40, 140, 50)",100000,19,1.0,2.0,0.0,0.97084,1.1132,1.0522815638644274,10000,14736824143125776885,7447367782518287347
"(40, 140, 50)",100000,19,2.0,2.0,0.0,0.97084,1.2829,1.1367483493196586,10000,16342380167917913968,7447367782518287347
"(40, 140, 50)",100000,19,5.0,2.0,0.0,0.97084,1.3635,1.1729046510829655,10000,7951723310151042046,7447367782518287347
"(40, 140, 50)",100000,19,10.0,2.0,0.0,0.97084,1.3767,1.1715521172514451,10000,13343173821059775240,7447367782518287347
"(40, 140, 50)",100000,20,0.0,2.0,0.0,0.97038,0.7053,0.8422130622854459,10000,1204288969230918656,16469399097709282395
"(40, 140, 50)",100000,20,0.5,2.0,0.0,0.97038,0.9593,0.9752633612837028,10000,14837402933991404479,16469399097709282395
"(40, 140, 50)",100000,20,1.0,2.0,0.0,0.97038,1.1032,1.057857110467485,10000,1618110920919602712,16469399097709282395
"(40, 140, 50)",100000,20,2.0,2.0,0.0,0.97038,1.2781,1.1103529521588333,10000,4089673695929985267,16469399097709282395
"(40, 140, 50)",100000,20,5.0,2.0,0.0,0.97038,1.3533,1.1789054634741418,10000,17801951226336708099,16469399097709282395
"(40, 140, 50)",100000,20,10.0,2.0,0.0,0.97038,1.3697,1.169597668376005,10000,15859539746106387441,16469399097709282395
"(40, 140, 50)",100000,21,0.0,2.0,0.0,0.97096,0.6971,0.8378674072782746,10000,11232954638366998617,1255989857453522527
"(40, 140, 50)",100000,21,0.5,2.0,0.0,0.97096,0.9803,0.9902575276144584,10000,10167767285304157010,1255989857453522527
"(40, 140, 50)",100000,21,1.0,2.0,0.0,0.97096,1.1317,1.0511258709401343,10000,18430671624191835888,1255989857453522527
"(40, 140, 50)",100000,21,2.0,2.0,0.0,0.97096,1.272,1.1147826129014584,10000,7570390287768432845,1255989857453522527
"(40, 140, 50)",100000,21,5.0,2.0,0.0,0.97096,1.3502,1.1602131569056375,10000,16754161296871635239,1255989857453522527
"(40, 140, 50)",100000,21,10.0,2.0,0.0,0.97096,1.3835,1.1815952635046714,10000,4416653516141297515,1255989857453522527
"(40, 140, 50)",100000,22,0.0,2.0,0.0,0.97054,0.7071,0.8437895401572645,10000,4385344020717928483,7157443356162340115
"(40, 140, 50)",100000,22,0.5,2.0,0.0,0.97054,0.9335,0.962377455594583,10000,10325394970152986937,7157443356162340115
"(40, 140, 50)",100000,22,1.0,2.0,0.0,0.97054,1.0962,1.0590834366434863,10000,13635464332214384032,7157443356162340115
"(40, 140, 50)",100000,22,2.0,2.0,0.0,0.97054,1.2558,1.1265403984442515,10000,5693109556602132181,7157443356162340115
"(40, 140, 50)",100000,22,5.0,2.0,0.0,0.97054,1.3699,1.177460246149791,10000,6283644478504515231,7157443356162340115
"(40, 140, 50)",100000,22,10.0,2.0,0.0,0.97054,1.3723,1.1676596477164443,10000,8922113419803465937,7157443356162340115
"(40, 140, 50)",100000,23,0.0,2.0,0.0,0.96868,0.681,0.8222570222631522,10000,10015062005466779982,13871129564637106895
"(40, 140, 50)",100000,23,0.5,2.0,0.0,0.96868,0.9685,0.9738596358095071,10000,16832409405418518650,13871129564637106895
"(40, 140, 50)",100000,23,1.0,2.0,0.0,0.96868,1.1168,1.0453071446721631,10000,6755122368763261122,13871129564637106895
"(40, 140, 50)",100000,23,2.0,2.0,0.0,0.96868,1.2711,1.1095620319703983,10000,11539289046603295804,13871129564637106895
"(40, 140, 50)",100000,23,5.0,2.0,0.0,0.96868,1.3653,1.1850722972185972,10000,4890035556826705634,13871129564637106895
"(40, 140, 50)",100000,23,10.0,2.0,0.0,0.96868,1.3699,1.1623291663333115,10000,13260008401929084604,13871129564637106895
"(40, 50, 140)",100000,0,0.0,2.0,1.0,0.00358,0.6809,0.827250641802372,10000,10380468090617305726,6308505021487959403
"(40, 50, 140)",100000,0,0.5,2.0,1.0,0.00358,0.6983,0.8259208948394835,10000,6231310525135725261,6308505021487959403
"(40, 50, 140)",100000,0,1.0,2.0,1.0,0.00358,0.7043,0.8398404867618139,10000,9238407022455699311,6308505021487959403
"(40, 50, 140)",100000,0,2.0,2.0,1.0,0.00358,0.6881,0.8362346075306158,10000,12144156890832365292,6308505021487959403
"(40, 50, 140)",100000,0,5.0,2.0,1.0,0.00358,0.6947,0.8367567903474815,10000,15175371578501788500,6308505021487959403
"(40, 50, 140)",100000,0,10.0,2.0,1.0,0.00358,0.6915,0.8477025480444165,10000,10337666839469366220,6308505021487959403
"(40, 50, 140)",100000,1,0.0,2.0,1.0,0.00638,0.7077,0.8455366362377932,10000,11376499393484134092,6756722886272425713
"(40, 50, 140)",100000,1,0.5,2.0,1.0,0.00638,0.697,0.8242929976013319,10000,1068144801282333167,6756722886272425713
"(40, 50, 140)",100000,1,1.0,2.0,1.0,0.00638,0.7024,0.8333688801299439,10000,4083253455007060105,6756722886272425713
"(40, 50, 140)",100000,1,2.0,2.0,1.0,0.00638,0.7005,0.8453822905181491,10000,4484807738127768012,6756722886272425713
"(40, 50, 140)",100000,1,5.0,2.0,1.0,0.00638,0.695,0.8303276126893766,10000,14602093591748319032,6756722886272425713
"(40, 50, 140)",100000,1,10.0,2.0,1.0,0.00638,0.6965,0.8296123044275355,10000,11481652237185107427,6756722886272425713
"(40, 50, 140)",100000,2,0.0,2.0,1.0,-0.00234,0.7111,0.8461136926194278,10000,601862638873199223,1184279535102422348
"(40, 50, 140)",100000,2,0.5,2.0,1.0,-0.00234,0.6996,0.8344036570786915,10000,5033613434623009018,1184279535102422348
"(40, 50, 140)",100000,2,1.0,2.0,1.0,-0.00234,0.693,0.8336788962485526,10000,6495946703560465064,1184279535102422348
"(40, 50, 140)",100000,2,2.0,2.0,1.0,-0.00234,0.68,0.8304631038743923,10000,2228109392465836286,1184279535102422348
"(40, 50, 140)",100000,2,5.0,2.0,1.0,-0.00234,0.7007,0.8468714360060282,10000,17305889667725898810,1184279535102422348
"(40, 50, 140)",100000,2,10.0,2.0,1.0,-0.00234,0.704,0.8381254353761987,10000,1417001710403846648,1184279535102422348
"(40, 50, 140)",100000,3,0.0,2.0,1.0,0.0017,0.6835,0.8281282084514229,10000,10762485416052664657,6007610928440526352
"(40, 50, 140)",100000,3,0.5,2.0,1.0,0.0017,0.6898,0.828157318662611,10000,15680798506301268279,6007610928440526352
"(40, 50, 140)",100000,3,1.0,2.0,1.0,0.0017,0.7104,0.8539348689894608,10000,1365797376052876851,6007610928440526352
"(40, 50, 140)",100000,3,2.0,2.0,1.0,0.0017,0.7126,0.8384936178377956,10000,15398995515497809361,6007610928440526352
"(40, 50, 140)",100000,3,5.0,2.0,1.0,0.0017,0.7027,0.8402281287429225,10000,3408186825830556013,6007610928440526352
"(40, 50, 140)",100000,3,10.0,2.0,1.0,0.0017,0.709,0.8411835465437358,10000,10735533508449284562,6007610928440526352
"(40, 50, 140)",100000,4,0.0,2.0,1.0,-0.00174,0.698,0.8308218981843524,10000,5918791344539343374,13877321819508503800
"(40, 50, 140)",100000,4,0.5,2.0,1.0,-0.00174,0.6854,0.8377929515715504,10000,2032950566190018099,13877321819508503800
"(40, 50, 140)",100000,4,1.0,2.0,1.0,-0.00174,0.686,0.8304655124065838,10000,18199883531968021085,13877321819508503800
"(40, 50, 140)",100000,4,2.0,2.0,1.0,-0.00174,0.6831,0.831711226542263,10000,17529498344825528567,13877321819508503800
"(40, 50, 140)",100000,4,5.0,2.0,1.0,-0.00174,0.6936,0.8370120064311449,10000,17854917305717348389,13877321819508503800
"(40, 50, 140)",100000,4,10.0,2.0,1.0,-0.00174,0.6854,0.8083886374875155,10000,17931795019982005421,13877321819508503800
"(40, 50, 140)",100000,5,0.0,2.0,1.0,0.00156,0.6967,0.8358103659902704,10000,521288521069970742,17102989364183506097
"(40, 50, 140)",100000,5,0.5,2.0,1.0,0.00156,0.6771,0.8178645855201365,10000,16971742834362981775,17102989364183506097
"(40, 50, 140)",100000,5,1.0,2.0,1.0,0.00156,0.7012,0.8383250198365121,10000,9473050241595156299,17102989364183506097
"(40, 50, 140)",100000,5,2.0,2.0,1.0,0.00156,0.6955,0.8363310917151754,10000,5065404876953380649,17102989364183506097
"(40, 50, 140)",100000,5,5.0,2.0,1.0,0.00156,0.6949,0.8390973712507053,10000,17073554022120426072,17102989364183506097
"(40, 50, 140)",100000,5,10.0,2.0,1.0,0.00156,0.696,0.832498231427871,10000,10629268122543980776,17102989364183506097
"(40, 50, 140)",100000,6,0.0,2.0,1.0,0.00508,0.6832,0.8214044256777853,10000,16422052090177744235,7209826365562472571
"(40, 50, 140)",100000,6,0.5,2.0,1.0,0.00508,0.697,0.834302466771258,10000,17410337985054575228,7209826365562472571
"(40, 50, 140)",100000,6,1.0,2.0,1.0,0.00508,0.6927,0.8354259414516436,10000,10935182109444232917,7209826365562472571
"(40, 50, 140)",100000,6,2.0,2.0,1.0,0.00508,0.7159,0.8298530325338099,10000,5378664058810204087,7209826365562472571
"(40, 50, 140)",100000,6,5.0,2.0,1.0,0.00508,0.6924,0.8250153362395775,10000,7921955680826419692,7209826365562472571
"(40, 50, 140)",100000,6,10.0,2.0,1.0,0.00508,0.6981,0.8317605259672135,10000,13165834350271428603,7209826365562472571
"(40, 50, 140)",100000,7,0.0,2.0,1.0,0.00168,0.7047,0.8415276150386791,10000,8372494345644458723,1866210873447199287
"(40, 50, 140)",100000,7,0.5,2.0,1.0,0.00168,0.6954,0.8293899135888235,10000,1307319379729610220,1866210873447199287
"(40, 50, 140)",100000,7,1.0,2.0,1.0,0.00168,0.6972,0.8427236666415817,10000,453802461231267017,1866210873447199287
"(40, 50, 140)",100000,7,2.0,2.0,1.0,0.00168,0.6988,0.8339952726553558,10000,6713578238644615787,1866210873447199287
"(40, 50, 140)",100000,7,5.0,2.0,1.0,0.00168,0.6949,0.8394548578963877,10000,16364569560509357464,1866210873447199287
"(40, 50, 140)",100000,7,10.0,2.0,1.0,0.00168,0.6873,0.8289676886000288,10000,1998706268339347407,1866210873447199287
"(40, 50, 140)",100000,8,0.0,2.0,1.0,-0.00104,0.692,0.8410747533210513,10000,18310125633332467938,2720832487710997001
"(40, 50, 140)",100000,8,0.5,2.0,1.0,-0.00104,0.6963,0.8317063685871082,10000,1341820994492379203,2720832487710997001
"(40, 50, 140)",100000,8,1.0,2.0,1.0,-0.00104,0.6942,0.8293100358210742,10000,2498777815445741198,2720832487710997001
"(40, 50, 140)",100000,8,2.0,2.0,1.0,-0.00104,0.6904,0.833197012552357,10000,15662859259295066029,2720832487710997001
"(40, 50, 140)",100000,8,5.0,2.0,1.0,-0.00104,0.7002,0.8474619632632002,10000,14416792734145817115,2720832487710997001
"(40, 50, 140)",100000,8,10.0,2.0,1.0,-0.00104,0.6944,0.8370655337969586,10000,10358613463631683054,2720832487710997001
"(40, 50, 140)",100000,9,0.0,2.0,1.0,-0.00068,0.698,0.8381325948945444,10000,2281360732712935482,4231672649150980470
"(40, 50, 140)",100000,9,0.5,2.0,1.0,-0.00068,0.6894,0.8286110665625718,10000,2066892725541147154,4231672649150980470
"(40, 50, 140)",100000,9,1.0,2.0,1.0,-0.00068,0.6787,0.8165371903951036,10000,7609291399087631617,4231672649150980470
"(40, 50, 140)",100000,9,2.0,2.0,1.0,-0.00068,0.6919,0.830327245327668,10000,18096475702047449894,4231672649150980470
"(40, 50, 140)",100000,9,5.0,2.0,1.0,-0.00068,0.709,0.8463986289355071,10000,13438972710478152797,4231672649150980470
"(40, 50, 140)",100000,9,10.0,2.0,1.0,-0.00068,0.6907,0.8377969326573337,10000,11833247666434274968,4231672649150980470
"(40, 50, 140)",100000,10,0.0,2.0,1.0,8e-05,0.6845,0.8242740398491736,10000,3327888051434337495,13732675519007260928
"(40, 50, 140)",100000,10,0.5,2.0,1.0,8e-05,0.6848,0.8277182320978406,10000,7263807326947525823,13732675519007260928
"(40, 50, 140)",100000,10,1.0,2.0,1.0,8e-05,0.7011,0.8375135419163617,10000,9048453716311008226,13732675519007260928
"(40, 50, 140)",100000,10,2.0,2.0,1.0,8e-05,0.7044,0.8562090570619652,10000,7914114098515262525,13732675519007260928
"(40, 50, 140)",100000,10,5.0,2.0,1.0,8e-05,0.6879,0.8285905178220557,10000,17971485764319354359,13732675519007260928
"(40, 50, 140)",100000,10,10.0,2.0,1.0,8e-05,0.6894,0.8263146613681492,10000,5485068271134250062,13732675519007260928
"(40, 50, 140)",100000,11,0.0,2.0,1.0,0.00108,0.6806,0.8221017121515514,10000,16955723310356520136,7494496418896521722
"(40, 50, 140)",100000,11,0.5,2.0,1.0,0.00108,0.6931,0.8340155563266308,10000,4360132193703636880,7494496418896521722
"(40, 50, 140)",100000,11,1.0,2.0,1.0,0.00108,0.7126,0.842064217987394,10000,17916234427812464470,7494496418896521722
"(40, 50, 140)",100000,11,2.0,2.0,1.0,0.00108,0.6886,0.8369588341185012,10000,15412778058169323973,7494496418896521722
"(40, 50, 140)",100000,11,5.0,2.0,1.0,0.00108,0.6903,0.8256234464981848,10000,650163751334101038,7494496418896521722
"(40, 50, 140)",100000,11,10.0,2.0,1.0,0.00108,0.7029,0.8402988755318086,10000,18005307236429602317,7494496418896521722
"(40, 50, 140)",100000,12,0.0,2.0,1.0,-0.00376,0.6943,0.8307325211234752,10000,17199115162299399414,16993665869190483323
"(40, 50, 140)",100000,12,0.5,2.0,1.0,-0.00376,0.6864,0.825665314955904,10000,7412158006874556772,16993665869190483323
"(40, 50, 140)",100000,12,1.0,2.0,1.0,-0.00376,0.6867,0.8324736699987118,10000,15090691662086905159,16993665869190483323
"(40, 50, 140)",100000,12,2.0,2.0,1.0,-0.00376,0.6822,0.8297421329550044,10000,5812385448443049464,16993665869190483323
"(40, 50, 140)",100000,12,5.0,2.0,1.0,-0.00376,0.6923,0.8296321708768866,10000,15237466111223000726,16993665869190483323
"(40, 50, 140)",100000,12,10.0,2.0,1.0,-0.00376,0.6777,0.8181012400454459,10000,1888521326563585515,16993665869190483323
"(40, 50, 140)",100000,13,0.0,2.0,1.0,0.0018,0.6753,0.823491180142433,10000,14424483905790617995,9250853726802623270
"(40, 50, 140)",100000,13,0.5,2.0,1.0,0.0018,0.7001,0.8412079131078758,10000,409380580652388334,9250853726802623270
"(40, 50, 140)",100000,13,1.0,2.0,1.0,0.0018,0.6826,0.8164091452141132,10000,9928186705638909076,9250853726802623270
"(40, 50, 140)",100000,13,2.0,2.0,1.0,0.0018,0.6952,0.8462674381409732,10000,16317460372404635590,9250853726802623270
"(40, 50, 140)",100000,13,5.0,2.0,1.0,0.0018,0.699,0.8353854121773302,10000,7833476964236072779,9250853726802623270
"(40, 50, 140)",100000,13,10.0,2.0,1.0,0.0018,0.7043,0.8489602955134804,10000,11090313844762952386,9250853726802623270
"(40, 50, 140)",100000,14,0.0,2.0,1.0,0.0028,0.7025,0.8409901761897369,10000,3832441200598829652,5568297343582994232
"(40, 50, 140)",100000,14,0.5,2.0,1.0,0.0028,0.6885,0.8266414480343705,10000,1421390845305899952,5568297343582994232
"(40, 50, 140)",100000,14,1.0,2.0,1.0,0.0028,0.6996,0.8445301434030118,10000,3894376092263042605,5568297343582994232
"(40, 50, 140)",100000,14,2.0,2.0,1.0,0.0028,0.6951,0.8220727281433411,10000,6690203139138358174,5568297343582994232
"(40, 50, 140)",100000,14,5.0,2.0,1.0,0.0028,0.6897,0.8257615262349178,10000,15186440202270696447,5568297343582994232
"(40, 50, 140)",100000,14,10.0,2.0,1.0,0.0028,0.7017,0.8249758593539884,10000,8789300391927557295,5568297343582994232
"(40, 50, 140)",100000,15,0.0,2.0,1.0,-0.00426,0.6933,0.8268636407219964,10000,14788170245479378472,7324806406340094342
"(40, 50, 140)",100000,15,0.5,2.0,1.0,-0.00426,0.6917,0.8398342944677935,10000,2489258352022538399,7324806406340094342
"(40, 50, 140)",100000,15,1.0,2.0,1.0,-0.00426,0.704,0.8414599250591487,10000,10951748661757824023,7324806406340094342
"(40, 50, 140)",100000,15,2.0,2.0,1.0,-0.00426,0.6771,0.8204284857865608,10000,7139460242494227897,7324806406340094342
"(40, 50, 140)",100000,15,5.0,2.0,1.0,-0.00426,0.6824,0.8292158946257544,10000,5897898793691837186,7324806406340094342
"(40, 50, 140)",100000,15,10.0,2.0,1.0,-0.00426,0.6962,0.8395094029275434,10000,16752692086773525015,7324806406340094342
"(40, 50, 140)",100000,16,0.0,2.0,1.0,-0.0035,0.6834,0.8297187977431468,10000,3657218159246662209,14740781978222432179
"(40, 50, 140)",100000,16,0.5,2.0,1.0,-0.0035,0.6975,0.8315424801473639,10000,11530381794059728574,14740781978222432179
"(40, 50, 140)",100000,16,1.0,2.0,1.0,-0.0035,0.6902,0.8244343085976708,10000,619217161435598626,14740781978222432179
"(40, 50, 140)",100000,16,2.0,2.0,1.0,-0.0035,0.6877,0.8273071701099728,10000,12248603310658757558,14740781978222432179
"(40, 50, 140)",100000,16,5.0,2.0,1.0,-0.0035,0.6932,0.8268870141763149,10000,5113842104516716274,14740781978222432179
"(40, 50, 140)",100000,16,10.0,2.0,1.0,-0.0035,0.6867,0.8242639450474044,10000,13811409683379790348,14740781978222432179
"(40, 50, 140)",100000,17,0.0,2.0,1.0,0.00292,0.6909,0.8327223622872544,10000,14945768422281370897,17240980298327770147
"(40, 50, 140)",100000,17,0.5,2.0,1.0,0.00292,0.684,0.8345140150795171,10000,359848424430984377,17240980298327770147
"(40, 50, 140)",100000,17,1.0,2.0,1.0,0.00292,0.6908,0.8332255315811248,10000,892567600454623801,17240980298327770147
"(40, 50, 140)",100000,17,2.0,2.0,1.0,0.00292,0.6967,0.8304083741188915,10000,9030582544076777587,17240980298327770147
"(40, 50, 140)",100000,17,5.0,2.0,1.0,0.00292,0.7027,0.8489904525251435,10000,15712297569134030352,17240980298327770147
"(40, 50, 140)",100000,17,10.0,2.0,1.0,0.00292,0.7079,0.8422876793907681,10000,1054209164491809777,17240980298327770147
"(40, 50, 140)",100000,18,0.0,2.0,1.0,-0.00104,0.7132,0.8506574644427575,10000,8183526476815637660,5811273971294866461
"(40, 50, 140)",100000,18,0.5,2.0,1.0,-0.00104,0.6866,0.827314260053874,10000,7932828083014857156,5811273971294866461
"(40, 50, 140)",100000,18,1.0,2.0,1.0,-0.00104,0.683,0.8290836736866777,10000,207145904801471558,5811273971294866461
"(40, 50, 140)",100000,18,2.0,2.0,1.0,-0.00104,0.698,0.8382519111977393,10000,927701305402933188,5811273971294866461
"(40, 50, 140)",100000,18,5.0,2.0,1.0,-0.00104,0.6934,0.8232036239112666,10000,12196717839892273905,5811273971294866461
"(40, 50, 140)",100000,18,10.0,2.0,1.0,-0.00104,0.6906,0.8405607022871239,10000,10894190542326577151,5811273971294866461
"(40, 50, 140)",100000,19,0.0,2.0,1.0,0.00134,0.6819,0.8186448606940583,10000,13870320680855296525,4422731400566785855
"(40, 50, 140)",100000,19,0.5,2.0,1.0,0.00134,0.6924,0.828885363059639,10000,5611877301894126660,4422731400566785855
"(40, 50, 140)",100000,19,1.0,2.0,1.0,0.00134,0.6885,0.820326181164755,10000,11776348901201981594,4422731400566785855
"(40, 50, 140)",100000,19,2.0,2.0,1.0,0.00134,0.7027,0.8423678937179626,10000,12524807394878386751,4422731400566785855
"(40, 50, 140)",100000,19,5.0,2.0,1.0,0.00134,0.6977,0.8389189999689188,10000,2287096426659591851,4422731400566785855
"(40, 50, 140)",100000,19,10.0,2.0,1.0,0.00134,0.6925,0.831271827554097,10000,8134366468274660310,4422731400566785855
"(40, 50, 140)",100000,20,0.0,2.0,1.0,0.0038,0.6944,0.8402852181996256,10000,5192102349488157784,4554647378497235009
"(40, 50, 140)",100000,20,0.5,2.0,1.0,0.0038,0.6945,0.8293603160589403,10000,3042542958433625053,4554647378497235009
"(40, 50, 140)",100000,20,1.0,2.0,1.0,0.0038,0.6981,0.8258478022367353,10000,4164835202005059585,4554647378497235009
"(40, 50, 140)",100000,20,2.0,2.0,1.0,0.0038,0.6951,0.8321089054463077,10000,12359375004193702692,4554647378497235009
"(40, 50, 140)",100000,20,5.0,2.0,1.0,0.0038,0.6969,0.8297585431461326,10000,13841165550172624467,4554647378497235009
"(40, 50, 140)",100000,20,10.0,2.0,1.0,0.0038,0.6792,0.8301543685529594,10000,6839563687082634891,4554647378497235009
"(40, 50, 140)",100000,21,0.0,2.0,1.0,-0.00018,0.6779,0.8197675230693078,10000,14048995531294033310,17022812643469408402
"(40, 50, 140)",100000,21,0.5,2.0,1.0,-0.00018,0.6848,0.8288049539941087,10000,12385536217551470955,17022812643469408402
"(40, 50, 140)",100000,21,1.0,2.0,1.0,-0.00018,0.6947,0.837593019435227,10000,4491842170327464296,17022812643469408402
"(40, 50, 140)",100000,21,2.0,2.0,1.0,-0.00018,0.6974,0.8275878987594111,10000,10665739144730110619,17022812643469408402
"(40, 50, 140)",100000,21,5.0,2.0,1.0,-0.00018,0.6961,0.8377439772968528,10000,9738793165288263168,17022812643469408402
"(40, 50, 140)",100000,21,10.0,2.0,1.0,-0.00018,0.7051,0.8421430463353891,10000,10879680668914903392,17022812643469408402
"(40, 50, 140)",100000,22,0.0,2.0,1.0,-0.00202,0.6796,0.8266874749372473,10000,9929136341462315273,1242755447883146122
"(40, 50, 140)",100000,22,0.5,2.0,1.0,-0.00202,0.6985,0.8382529551404397,10000,12357343104240843569,1242755447883146122
"(40, 50, 140)",100000,22,1.0,2.0,1.0,-0.00202,0.6847,0.8365141275486978,10000,13693137487128940831,1242755447883146122
"(40, 50, 140)",100000,22,2.0,2.0,1.0,-0.00202,0.7084,0.8364445014108193,10000,14497259317660413624,1242755447883146122
"(40, 50, 140)",100000,22,5.0,2.0,1.0,-0.00202,0.7047,0.8349656440612849,10000,8786159996753854244,1242755447883146122
"(40, 50, 140)",100000,22,10.0,2.0,1.0,-0.00202,0.695,0.8322525244338059,10000,2430355973864418935,1242755447883146122
"(40, 50, 140)",100000,23,0.0,2.0,1.0,0.0011,0.6998,0.8317145753883909,10000,7060580473858744673,3886285306872609743
"(40, 50, 140)",100000,23,0.5,2.0,1.0,0.0011,0.6962,0.8348504402141455,10000,6313307605148144316,3886285306872609743
"(40, 50, 140)",100000,23,1.0,2.0,1.0,0.0011,0.6841,0.8260601839713341,10000,11357685481279145604,3886285306872609743
"(40, 50, 140)",100000,23,2.0,2.0,1.0,0.0011,0.706,0.8306822517065897,10000,14913887935392374119,3886285306872609743
"(40, 50, 140)",100000,23,5.0,2.0,1.0,0.0011,0.7019,0.8419663180484555,10000,10875528550940123328,3886285306872609743
"(40, 50, 140)",100000,23,10.0,2.0,1.0,0.0011,0.6733,0.8208742251096357,10000,14207566017093094740,3886285306872609743
"(40, 140, 50)",100000,0,0.0,2.0,1.0,0.97036,0.8856,0.9408512954319677,10000,8271669400682096647,7416749104417419891
"(40, 140, 50)",100000,0,0.5,2.0,1.0,0.97036,1.0654,1.0266587762369161,10000,2236794539028515722,7416749104417419891
"(40, 140, 50)",100000,0,1.0,2.0,1.0,0.97036,1.1885,1.098311603707201,10000,16519600363316690059,7416749104417419891
"(40, 140, 50)",100000,0,2.0,2.0,1.0,0.97036,1.3189,1.1439115539954723,10000,9151066555872915278,7416749104417419891
"(40, 140, 50)",100000,0,5.0,2.0,1.0,0.97036,1.3627,1.1772371463430267,10000,10321780391327622557,7416749104417419891
"(40, 140, 50)",100000,0,10.0,2.0,1.0,0.97036,1.3295,1.161578527895401,10000,14827449837247522552,7416749104417419891
"(40, 140, 50)",100000,1,0.0,2.0,1.0,0.97012,0.886,0.9433413959425981,10000,8451037054727965960,16039801524390196045
"(40, 140, 50)",100000,1,0.5,2.0,1.0,0.97012,1.0682,1.0169819001430271,10000,7412569383028170184,16039801524390196045
"(40, 140, 50)",100000,1,1.0,2.0,1.0,0.97012,1.1975,1.096546392725424,10000,8809551558518955453,16039801524390196045
"(40, 140, 50)",100000,1,2.0,2.0,1.0,0.97012,1.3023,1.135977004333907,10000,5570867318418749809,16039801524390196045
"(40, 140, 50)",100000,1,5.0,2.0,1.0,0.97012,1.3666,1.1606632388058955,10000,2896934078399083535,16039801524390196045
"(40, 140, 50)",100000,1,10.0,2.0,1.0,0.97012,1.3523,1.1672707321338138,10000,1623402059516627324,16039801524390196045
"(40, 140, 50)",100000,2,0.0,2.0,1.0,0.969,0.8738,0.9360348156546379,10000,5849592676228658466,2253124719834525741
"(40, 140, 50)",100000,2,0.5,2.0,1.0,0.969,1.0604,1.0340496921698628,10000,7593289186860017425,2253124719834525741
"(40, 140, 50)",100000,2,1.0,2.0,1.0,0.969,1.1868,1.0906991897275102,10000,3377430786169861693,2253124719834525741
"(40, 140, 50)",100000,2,2.0,2.0,1.0,0.969,1.3113,1.1585881678380223,10000,12374281587755641320,2253124719834525741
"(40, 140, 50)",100000,2,5.0,2.0,1.0,0.969,1.3843,1.1891824609758375,10000,8047714213456157216,2253124719834525741
"(40, 140, 50)",100000,2,10.0,2.0,1.0,0.969,1.3797,1.172461247350058,10000,3466189039763047907,2253124719834525741
"(40, 140, 50)",100000,3,0.0,2.0,1.0,0.97068,0.8828,0.9461256128905594,10000,10848836476720487949,18392531375034563046
"(40, 140, 50)",100000,3,0.5,2.0,1.0,0.97068,1.0702,1.024976593733618,10000,14902896495554184614,18392531375034563046
"(40, 140, 50)",100000,3,1.0,2.0,1.0,0.97068,1.1997,1.1016084894945266,10000,15317282527617358138,18392531375034563046
"(40, 140, 50)",100000,3,2.0,2.0,1.0,0.97068,1.3111,1.135009081268276,10000,2077902521186905516,18392531375034563046
"(40, 140, 50)",100000,3,5.0,2.0,1.0,0.97068,1.3714,1.1697003290954435,10000,4495080774030993809,18392531375034563046
"(40, 140, 50)",100000,3,10.0,2.0,1.0,0.97068,1.3655,1.167495633655844,10000,5939160642996168943,18392531375034563046
"(40, 140, 50)",100000,4,0.0,2.0,1.0,0.97074,0.872,0.9397362983470645,10000,14558094620603365086,5896255616151498182
"(40, 140, 50)",100000,4,0.5,2.0,1.0,0.97074,1.083,1.0445190769010402,10000,337390256849231538,5896255616151498182
"(40, 140, 50)",100000,4,1.0,2.0,1.0,0.97074,1.1802,1.0841796458845994,10000,8146511688056301672,5896255616151498182
"(40, 140, 50)",100000,4,2.0,2.0,1.0,0.97074,1.3095,1.1370307972537026,10000,18042535500980751786,5896255616151498182
"(40, 140, 50)",100000,4,5.0,2.0,1.0,0.97074,1.3724,1.1851829841297028,10000,2360910402965759472,5896255616151498182
"(40, 140, 50)",100000,4,10.0,2.0,1.0,0.97074,1.3515,1.1507737301562815,10000,4925195973900394689,5896255616151498182
"(40, 140, 50)",100000,5,0.0,2.0,1.0,0.97056,0.8858,0.9300778808715153,10000,3424222300221661068,16974259089188303808
"(40, 140, 50)",100000,5,0.5,2.0,1.0,0.97056,1.0678,1.0462851577190255,10000,13859248575599045525,16974259089188303808
"(40, 140, 50)",100000,5,1.0,2.0,1.0,0.97056,1.1913,1.0962775617740448,10000,15709279492947187218,16974259089188303808
"(40, 140, 50)",100000,5,2.0,2.0,1.0,0.97056,1.3003,1.1331585567922449,10000,6926693870112275278,16974259089188303808
"(40, 140, 50)",100000,5,5.0,2.0,1.0,0.97056,1.3618,1.1663776419669438,10000,6708882249956925417,16974259089188303808
"(40, 140, 50)",100000,5,10.0,2.0,1.0,0.97056,1.368,1.1696635461880174,10000,5254396444834196734,16974259089188303808
"(40, 140, 50)",100000,6,0.0,2.0,1.0,0.97032,0.8732,0.9295203928995219,10000,4285278297515887352,14840825724401460019
"(40, 140, 50)",100000,6,0.5,2.0,1.0,0.97032,1.0693,1.0280093337703855,10000,9388752517975908732,14840825724401460019
"(40, 140, 50)",100000,6,1.0,2.0,1.0,0.97032,1.1982,1.0884094925726953,10000,9017925420485893683,14840825724401460019
"(40, 140, 50)",100000,6,2.0,2.0,1.0,0.97032,1.316,1.1398569767267908,10000,5498711842811855521,14840825724401460019
"(40, 140, 50)",100000,6,5.0,2.0,1.0,0.97032,1.3654,1.1546498004226917,10000,14220947170454486795,14840825724401460019
"(40, 140, 50)",100000,6,10.0,2.0,1.0,0.97032,1.3622,1.1435654481460251,10000,8381701873103498819,14840825724401460019
"(40, 140, 50)",100000,7,0.0,2.0,1.0,0.96914,0.8792,0.9485237633991956,10000,10965433577810872003,9304823166092396068
"(40, 140, 50)",100000,7,0.5,2.0,1.0,0.96914,1.0597,1.0305542752380492,10000,9021376934216864177,9304823166092396068
"(40, 140, 50)",100000,7,1.0,2.0,1.0,0.96914,1.1808,1.0801981497874733,10000,11127117780234427499,9304823166092396068
"(40, 140, 50)",100000,7,2.0,2.0,1.0,0.96914,1.2875,1.1418292899609561,10000,7679340535291476337,9304823166092396068
"(40, 140, 50)",100000,7,5.0,2.0,1.0,0.96914,1.3776,1.1867430538695354,10000,16773505275178311997,9304823166092396068
"(40, 140, 50)",100000,7,10.0,2.0,1.0,0.96914,1.3635,1.1701729275914934,10000,11964082245900935515,9304823166092396068
"(40, 140, 50)",100000,8,0.0,2.0,1.0,0.96878,0.8766,0.9337342373301925,10000,7038547424605581297,17180509660435808941
"(40, 140, 50)",100000,8,0.5,2.0,1.0,0.96878,1.0689,1.0242351760067494,10000,3337252465460373384,17180509660435808941
"(40, 140, 50)",100000,8,1.0,2.0,1.0,0.96878,1.2079,1.0914195846103218,10000,4357303492124920504,17180509660435808941
"(40, 140, 50)",100000,8,2.0,2.0,1.0,0.96878,1.3112,1.1499072956890342,10000,17255186286189751918,17180509660435808941
"(40, 140, 50)",100000,8,5.0,2.0,1.0,0.96878,1.3614,1.1684718963917216,10000,17858708996473008882,17180509660435808941
"(40, 140, 50)",100000,8,10.0,2.0,1.0,0.96878,1.3666,1.174964890645429,10000,15175692778566005867,17180509660435808941
"(40, 140, 50)",100000,9,0.0,2.0,1.0,0.97158,0.8655,0.940477644508354,10000,8681407903866825057,7474546433234078126
"(40, 140, 50)",100000,9,0.5,2.0,1.0,0.97158,1.0865,1.0349516232589078,10000,16235755653808393629,7474546433234078126
"(40, 140, 50)",100000,9,1.0,2.0,1.0,0.97158,1.192,1.088326442499926,10000,7038579122513104296,7474546433234078126
"(40, 140, 50)",100000,9,2.0,2.0,1.0,0.97158,1.2918,1.1171291589407983,10000,3305729591110290396,7474546433234078126
"(40, 140, 50)",100000,9,5.0,2.0,1.0,0.97158,1.36,1.1719800995475023,10000,15075925175219300912,7474546433234078126
"(40, 140, 50)",100000,9,10.0,2.0,1.0,0.97158,1.3457,1.166502285792135,10000,6002496095886879599,7474546433234078126
"(40, 140, 50)",100000,10,0.0,2.0,1.0,0.97134,0.8907,0.9400222732400646,10000,13410027361882061123,16494390183735558475
"(40, 140, 50)",100000,10,0.5,2.0,1.0,0.97134,1.0754,1.0316110032983423,10000,14895520619539487963,16494390183735558475
"(40, 140, 50)",100000,10,1.0,2.0,1.0,0.97134,1.1812,1.0988572740492157,10000,12985404897366635463,16494390183735558475
"(40, 140, 50)",100000,10,2.0,2.0,1.0,0.97134,1.2969,1.1307865659910283,10000,2104056277090835451,16494390183735558475
"(40, 140, 50)",100000,10,5.0,2.0,1.0,0.97134,1.3478,1.1611933503941967,10000,13606759828677117991,16494390183735558475
"(40, 140, 50)",100000,10,10.0,2.0,1.0,0.97134,1.3722,1.1601731595654234,10000,8458838019724738201,16494390183735558475
"(40, 140, 50)",100000,11,0.0,2.0,1.0,0.96984,0.8689,0.9308057960407178,10000,17545395626929838341,10042003255820228007
"(40, 140, 50)",100000,11,0.5,2.0,1.0,0.96984,1.0617,1.0305335074275812,10000,7949643887678096909,10042003255820228007
"(40, 140, 50)",100000,11,1.0,2.0,1.0,0.96984,1.1904,1.0970269763404552,10000,5067705532380990934,10042003255820228007
"(40, 140, 50)",100000,11,2.0,2.0,1.0,0.96984,1.2863,1.129274030509689,10000,2593039909562958535,10042003255820228007
"(40, 140, 50)",100000,11,5.0,2.0,1.0,0.96984,1.3677,1.1708261157743869,10000,18337016786396415863,10042003255820228007
"(40, 140, 50)",100000,11,10.0,2.0,1.0,0.96984,1.379,1.1710235393077977,10000,1984768781569923947,10042003255820228007
"(40, 140, 50)",100000,12,0.0,2.0,1.0,0.96922,0.8835,0.9390505479435914,10000,17061634759890717361,8493763158738836868
"(40, 140, 50)",100000,12,0.5,2.0,1.0,0.96922,1.0826,1.0404256285524953,10000,2925939483768127225,8493763158738836868
"(40, 140, 50)",100000,12,1.0,2.0,1.0,0.96922,1.1934,1.1092878309749887,10000,5155311057474551130,8493763158738836868
"(40, 140, 50)",100000,12,2.0,2.0,1.0,0.96922,1.3097,1.1353919241751493,10000,2641664808561662392,8493763158738836868
"(40, 140, 50)",100000,12,5.0,2.0,1.0,0.96922,1.3728,1.1688270940038856,10000,591173483786142065,8493763158738836868
"(40, 140, 50)",100000,12,10.0,2.0,1.0,0.96922,1.3518,1.1611079093511143,10000,6827818923054963112,8493763158738836868
"(40, 140, 50)",100000,13,0.0,2.0,1.0,0.96814,0.8808,0.9318144599751508,10000,9946878298201040353,17977102750740450857
"(40, 140, 50)",100000,13,0.5,2.0,1.0,0.96814,1.0599,1.0214775238022438,10000,15616321577838225234,17977102750740450857
"(40, 140, 50)",100000,13,1.0,2.0,1.0,0.96814,1.1944,1.1000589315874385,10000,13245344123350302807,17977102750740450857
"(40, 140, 50)",100000,13,2.0,2.0,1.0,0.96814,1.3004,1.1272474922087292,10000,12666423435410097426,17977102750740450857
"(40, 140, 50)",100000,13,5.0,2.0,1.0,0.96814,1.3544,1.1654769296933185,10000,13328310508543978699,17977102750740450857
"(40, 140, 50)",100000,13,10.0,2.0,1.0,0.96814,1.3594,1.1724201878634173,10000,5685129054444610956,17977102750740450857
"(40, 140, 50)",100000,14,0.0,2.0,1.0,0.96968,0.8915,0.9501673704159601,10000,9800925040868793794,14685953348856697655
"(40, 140, 50)",100000,14,0.5,2.0,1.0,0.96968,1.0667,1.0279867633771205,10000,8190544917682965272,14685953348856697655
"(40, 140, 50)",100000,14,1.0,2.0,1.0,0.96968,1.2022,1.099015897789636,10000,12877679494152160141,14685953348856697655
"(40, 140, 50)",100000,14,2.0,2.0,1.0,0.96968,1.3158,1.1511745655147305,10000,16352210499488720451,14685953348856697655
"(40, 140, 50)",100000,14,5.0,2.0,1.0,0.96968,1.3655,1.173732301145144,10000,5791633843255640356,14685953348856697655
"(40, 140, 50)",100000,14,10.0,2.0,1.0,0.96968,1.3687,1.1615916836496172,10000,348773636656637621,14685953348856697655
"(40, 140, 50)",100000,15,0.0,2.0,1.0,0.97038,0.89,0.9393552250474164,10000,11762984025393222233,9591253041824893477
"(40, 140, 50)",100000,15,0.5,2.0,1.0,0.97038,1.0829,1.0391032497092652,10000,11950234998366159441,9591253041824893477
"(40, 140, 50)",100000,15,1.0,2.0,1.0,0.97038,1.1921,1.1025965544641392,10000,4532760385045275095,9591253041824893477
"(40, 140, 50)",100000,15,2.0,2.0,1.0,0.97038,1.2729,1.1257674383426282,10000,16455591723500606879,9591253041824893477
"(40, 140, 50)",100000,15,5.0,2.0,1.0,0.97038,1.3515,1.1491213156058842,10000,5470093477140007991,9591253041824893477
"(40, 140, 50)",100000,15,10.0,2.0,1.0,0.97038,1.3733,1.1658829436542206,10000,3488763380576834107,9591253041824893477
"(40, 140, 50)",100000,16,0.0,2.0,1.0,0.97062,0.891,0.9426599921424895,10000,15769436630149564120,12022546827927584138
"(40, 140, 50)",100000,16,0.5,2.0,1.0,0.97062,1.0638,1.0291916651179969,10000,16658106680010262797,12022546827927584138
"(40, 140, 50)",100000,16,1.0,2.0,1.0,0.97062,1.1985,1.1013714413880498,10000,7313409648574889811,12022546827927584138
"(40, 140, 50)",100000,16,2.0,2.0,1.0,0.97062,1.2984,1.151299261269154,10000,14253528786175403678,12022546827927584138
"(40, 140, 50)",100000,16,5.0,2.0,1.0,0.97062,1.3636,1.175046004763784,10000,2518874554923571858,12022546827927584138
"(40, 140, 50)",100000,16,10.0,2.0,1.0,0.97062,1.3664,1.1674276546034332,10000,16508483241486628068,12022546827927584138
"(40, 140, 50)",100000,17,0.0,2.0,1.0,0.97136,0.8861,0.9229366019381395,10000,17125371766055958295,15912686319878096895
"(40, 140, 50)",100000,17,0.5,2.0,1.0,0.97136,1.0802,1.0233634189615763,10000,4686504085980434514,15912686319878096895
"(40, 140, 50)",100000,17,1.0,2.0,1.0,0.97136,1.1815,1.0771600518853908,10000,6684902255227861736,15912686319878096895
"(40, 140, 50)",100000,17,2.0,2.0,1.0,0.97136,1.3058,1.1349956746693584,10000,3192915374580758966,15912686319878096895
"(40, 140, 50)",100000,17,5.0,2.0,1.0,0.97136,1.3553,1.1592222779212635,10000,6385277476213429902,15912686319878096895
"(40, 140, 50)",100000,17,10.0,2.0,1.0,0.97136,1.3502,1.1717069811710488,10000,11909258607433048393,15912686319878096895
"(40, 140, 50)",100000,18,0.0,2.0,1.0,0.96936,0.8754,0.9357149118399385,10000,6234449735761321845,1759901453008873544
"(40, 140, 50)",100000,18,0.5,2.0,1.0,0.96936,1.0596,1.0386316553868158,10000,5358035208995486217,1759901453008873544
"(40, 140, 50)",100000,18,1.0,2.0,1.0,0.96936,1.1747,1.0830961267228187,10000,9349288037576493201,1759901453008873544
"(40, 140, 50)",100000,18,2.0,2.0,1.0,0.96936,1.3058,1.136140590571499,10000,1128201064589033563,1759901453008873544
"(40, 140, 50)",100000,18,5.0,2.0,1.0,0.96936,1.3688,1.1794599071470198,10000,13660398041223534428,1759901453008873544
"(40, 140, 50)",100000,18,10.0,2.0,1.0,0.96936,1.3475,1.1528558702915845,10000,9716356164673279171,1759901453008873544
"(40, 140, 50)",100000,19,0.0,2.0,1.0,0.97084,0.8841,0.9478169790115443,10000,12741641064882233380,7447367782518287347
"(40, 140, 50)",100000,19,0.5,2.0,1.0,0.97084,1.0717,1.0184610136296963,10000,12027118595401717041,7447367782518287347
"(40, 140, 50)",100000,19,1.0,2.0,1.0,0.97084,1.1801,1.0870980490355144,10000,14736824143125776885,7447367782518287347
"(40, 140, 50)",100000,19,2.0,2.0,1.0,0.97084,1.3043,1.1422048735657364,10000,16342380167917913968,7447367782518287347
"(40, 140, 50)",100000,19,5.0,2.0,1.0,0.97084,1.359,1.1678421920527422,10000,7951723310151042046,7447367782518287347
"(40, 140, 50)",100000,19,10.0,2.0,1.0,0.97084,1.388,1.1735389722424805,10000,13343173821059775240,7447367782518287347
"(40, 140, 50)",100000,20,0.0,2.0,1.0,0.97038,0.9007,0.9579829242362897,10000,1204288969230918656,16469399097709282395
"(40, 140, 50)",100000,20,0.5,2.0,1.0,0.97038,1.0929,1.0410465733082164,10000,14837402933991404479,16469399097709282395
"(40, 140, 50)",100000,20,1.0,2.0,1.0,0.97038,1.1952,1.0913368231697127,10000,1618110920919602712,16469399097709282395
"(40, 140, 50)",100000,20,2.0,2.0,1.0,0.97038,1.2973,1.1476255549792556,10000,4089673695929985267,16469399097709282395
"(40, 140, 50)",100000,20,5.0,2.0,1.0,0.97038,1.3477,1.17368754966832,10000,17801951226336708099,16469399097709282395
"(40, 140, 50)",100000,20,10.0,2.0,1.0,0.97038,1.3617,1.1661085244989382,10000,15859539746106387441,16469399097709282395
"(40, 140, 50)",100000,21,0.0,2.0,1.0,0.97096,0.8852,0.9284972647870707,10000,11232954638366998617,1255989857453522527
"(40, 140, 50)",100000,21,0.5,2.0,1.0,0.97096,1.077,1.0412393663043067,10000,10167767285304157010,1255989857453522527
"(40, 140, 50)",100000,21,1.0,2.0,1.0,0.97096,1.1998,1.103812393561523,10000,18430671624191835888,1255989857453522527
"(40, 140, 50)",100000,21,2.0,2.0,1.0,0.97096,1.3006,1.138933429545245,10000,7570390287768432845,1255989857453522527
"(40, 140, 50)",100000,21,5.0,2.0,1.0,0.97096,1.367,1.1592434535240879,10000,16754161296871635239,1255989857453522527
"(40, 140, 50)",100000,21,10.0,2.0,1.0,0.97096,1.3634,1.173404503064813,10000,4416653516141297515,1255989857453522527
"(40, 140, 50)",100000,22,0.0,2.0,1.0,0.97054,0.8929,0.951798393578284,10000,4385344020717928483,7157443356162340115
"(40, 140, 50)",100000,22,0.5,2.0,1.0,0.97054,1.0612,1.0260408549290805,10000,10325394970152986937,7157443356162340115
"(40, 140, 50)",100000,22,1.0,2.0,1.0,0.97054,1.1759,1.0827171457226326,10000,13635464332214384032,7157443356162340115
"(40, 140, 50)",100000,22,2.0,2.0,1.0,0.97054,1.3086,1.1513898600652108,10000,5693109556602132181,7157443356162340115
"(40, 140, 50)",100000,22,5.0,2.0,1.0,0.97054,1.3531,1.1651421139133893,10000,6283644478504515231,7157443356162340115
"(40, 140, 50)",100000,22,10.0,2.0,1.0,0.97054,1.3538,1.1653159898223373,10000,8922113419803465937,7157443356162340115
"(40, 140, 50)",100000,23,0.0,2.0,1.0,0.96868,0.8697,0.9315624997116871,10000,10015062005466779982,13871129564637106895
"(40, 140, 50)",100000,23,0.5,2.0,1.0,0.96868,1.0917,1.0448924777358688,10000,16832409405418518650,13871129564637106895
"(40, 140, 50)",100000,23,1.0,2.0,1.0,0.96868,1.1919,1.0969023244897183,10000,6755122368763261122,13871129564637106895
"(40, 140, 50)",100000,23,2.0,2.0,1.0,0.96868,1.3174,1.162063801702782,10000,11539289046603295804,13871129564637106895
"(40, 140, 50)",100000,23,5.0,2.0,1.0,0.96868,1.3728,1.1762476422299792,10000,4890035556826705634,13871129564637106895
"(40, 140, 50)",100000,23,10.0,2.0,1.0,0.96868,1.3717,1.1790157411212885,10000,13260008401929084604,13871129564637106895
