stage,item,quantity,predicted,measured,diff,interval_on_diff,delta,status,category,archive,N,replicates
Stage 1,1,T1.1 lambda=0 lifetime equals L exactly (pathwise),0.6931471805599453,0.6931471805599453,0.0,"[+0, +0]",0.0,PASS,,crowd1_stage1_archive_v3,10000,10
Stage 1,1,T1.2 cell A: first active interval >= L (pathwise),0.0,0.0,0.0,"[+0, +0]",0.0,PASS,,crowd1_stage1_archive_v3,100000,120
Stage 1,1,T1.3 cell A: no activity after L_+ (pathwise),0.0,0.0,0.0,"[+0, +0]",0.0,PASS,,crowd1_stage1_archive_v3,100000,120
Stage 1,1,"T1.4 cell A (lam=3.0, f=0.1): final size Z vs 1-Z=(1-f)exp(-lam L Z)",0.8445779570848877,0.8444499999999999,-0.00012795708488777535,"[-0.0008388, +0.0005829]",0.042228897854244385,PASS,,crowd1_stage1_archive_v3,100000,20
Stage 1,1,T1.2 cell B: first active interval >= L (pathwise),0.0,0.0,0.0,"[+0, +0]",0.0,PASS,,crowd1_stage1_archive_v3,100000,120
Stage 1,1,T1.3 cell B: no activity after L_+ (pathwise),0.0,0.0,0.0,"[+0, +0]",0.0,PASS,,crowd1_stage1_archive_v3,100000,120
Stage 1,1,"T1.4 cell B (lam=2.0, f=0.3): final size Z vs 1-Z=(1-f)exp(-lam L Z)",0.7538196471813874,0.7538609999999999,4.1352818612505615e-05,"[-0.001113, +0.001195]",0.03769098235906937,PASS,,crowd1_stage1_archive_v3,100000,20
Stage 1,1,T2.1 two camps remain fixed (pathwise),0.0,0.0,0.0,"[+0, +0]",0.0,PASS,,crowd1_stage1_archive_v3,100000,120
Stage 1,1,T2.2 renewal corner A* vs A=1-exp(-lam L A),0.49999999999999994,0.5000017766002335,1.7766002335384279e-06,"[-0.0002072, +0.0002108]",0.024999999999999998,PASS,,crowd1_stage1_archive_v3,100000,20
Stage 1,1,T3a.1 counter mean after one pulse vs 1 + Lambda,6.999727600421425,7.001755,0.0020273995785755616,"[-0.004651, +0.008706]",0.1399945520084285,PASS,,crowd1_stage1_archive_v3,100000,10
Stage 1,1,T3a.2 counter variance vs Lambda,5.999727600421425,6.013485604846047,0.013758004424622605,"[-0.007429, +0.03495]",0.1199945520084285,PASS,,crowd1_stage1_archive_v3,100000,10
Stage 1,1,T3b class identifiers and transition bookkeeping vs hand table,0.0,0.0,0.0,"[+0, +0]",0.0,PASS,,crowd1_stage1_archive_v3,0,6
Stage 1,1,T4 P(AA)+P(RR) | Delta=15 order=1 I1 process,0.9330127018922194,0.9329129999999999,-9.970189221952808e-05,"[-0.0004502, +0.0002508]",0.009486832980505138,PASS,,crowd1_stage1_archive_v3,100000,20
Stage 1,1,T4 P(AA)+P(RR) | Delta=15 order=1 I1 automaton,0.9330127018922194,0.9331455000000002,0.00013279810778077383,"[-0.0002896, +0.0005552]",0.009486832980505138,PASS,,crowd1_stage1_archive_v3,100000,20
Stage 1,1,T6 P(AA)+P(RR) | Delta=15 order=1 I1 surrogate,0.9330127018922194,0.9328804999999999,-0.00013220189221951895,"[-0.0005964, +0.000332]",0.009486832980505138,PASS,,crowd1_stage1_archive_v3,100000,20
Stage 1,1,T4 P(AA)+P(RR) | Delta=15 order=1 I2 process,0.9330127018922194,0.9328764999999997,-0.000136201892219745,"[-0.0004098, +0.0001374]",0.009486832980505138,PASS,,crowd1_stage1_archive_v3,100000,20
Stage 1,1,T4 P(AA)+P(RR) | Delta=15 order=1 I2 automaton,0.9330127018922194,0.9326644999999999,-0.0003482018922195129,"[-0.0007275, +3.114e-05]",0.009486832980505138,PASS,,crowd1_stage1_archive_v3,100000,20
Stage 1,1,T6 P(AA)+P(RR) | Delta=15 order=1 I2 surrogate,0.7165063509461095,0.716215,-0.00029135094610943657,"[-0.0008552, +0.0002725]",0.009486832980505138,PASS,,crowd1_stage1_archive_v3,100000,20
Stage 1,1,T4 P(AA)+P(RR) | Delta=15 order=1 I3 process,0.9330127018922194,0.9329495,-6.320189221942218e-05,"[-0.0003676, +0.0002412]",0.009486832980505138,PASS,,crowd1_stage1_archive_v3,100000,20
Stage 1,1,T4 P(AA)+P(RR) | Delta=15 order=1 I3 automaton,0.9330127018922194,0.9332045000000001,0.00019179810778069406,"[-0.0001841, +0.0005677]",0.009486832980505138,PASS,,crowd1_stage1_archive_v3,100000,20
Stage 1,1,T6 P(AA)+P(RR) | Delta=15 order=1 I3 surrogate,0.8247595264191645,0.824607,-0.00015252641916452259,"[-0.0007145, +0.0004095]",0.009486832980505138,PASS,,crowd1_stage1_archive_v3,100000,20
Stage 1,1,T4 P(AA)+P(RR) | Delta=15 order=2 I1 process,0.9330127018922194,0.9327990000000002,-0.0002137018922192535,"[-0.0006008, +0.0001734]",0.009486832980505138,PASS,,crowd1_stage1_archive_v3,100000,20
Stage 1,1,T4 P(AA)+P(RR) | Delta=15 order=2 I1 automaton,0.9330127018922194,0.9329495,-6.320189221942218e-05,"[-0.0004407, +0.0003143]",0.009486832980505138,PASS,,crowd1_stage1_archive_v3,100000,20
Stage 1,1,T6 P(AA)+P(RR) | Delta=15 order=2 I1 surrogate,0.8247595264191644,0.8248149999999999,5.547358083546339e-05,"[-0.0003323, +0.0004432]",0.009486832980505138,PASS,,crowd1_stage1_archive_v3,100000,20
Stage 1,1,T4 P(AA)+P(RR) | Delta=15 order=2 I2 process,0.9330127018922194,0.9330109999999999,-1.701892219485579e-06,"[-0.0003777, +0.0003743]",0.009486832980505138,PASS,,crowd1_stage1_archive_v3,100000,20
Stage 1,1,T4 P(AA)+P(RR) | Delta=15 order=2 I2 automaton,0.9330127018922194,0.9332625,0.00024979810778058553,"[-0.0001419, +0.0006415]",0.009486832980505138,PASS,,crowd1_stage1_archive_v3,100000,20
Stage 1,1,T6 P(AA)+P(RR) | Delta=15 order=2 I2 surrogate,0.7165063509461095,0.7169779999999999,0.00047164905389041056,"[-0.0002983, +0.001242]",0.009486832980505138,PASS,,crowd1_stage1_archive_v3,100000,20
Stage 1,1,T4 P(AA)+P(RR) | Delta=15 order=2 I3 process,0.9330127018922194,0.9332785000000001,0.00026579810778071256,"[-7.491e-05, +0.0006065]",0.009486832980505138,PASS,,crowd1_stage1_archive_v3,100000,20
Stage 1,1,T4 P(AA)+P(RR) | Delta=15 order=2 I3 automaton,0.9330127018922194,0.9328870000000002,-0.0001257018922191655,"[-0.0005393, +0.0002879]",0.009486832980505138,PASS,,crowd1_stage1_archive_v3,100000,20
Stage 1,1,T6 P(AA)+P(RR) | Delta=15 order=2 I3 surrogate,0.7706329386826369,0.770333,-0.00029993868263689105,"[-0.0009006, +0.0003007]",0.009486832980505138,PASS,,crowd1_stage1_archive_v3,100000,20
Stage 1,1,T4 P(AA)+P(RR) | Delta=30 order=1 I1 process,0.7500000000000001,0.749898,-0.00010200000000015752,"[-0.0007196, +0.0005156]",0.009486832980505138,PASS,,crowd1_stage1_archive_v3,100000,20
Stage 1,1,T4 P(AA)+P(RR) | Delta=30 order=1 I1 automaton,0.7500000000000001,0.750134,0.00013399999999985646,"[-0.0004861, +0.0007541]",0.009486832980505138,PASS,,crowd1_stage1_archive_v3,100000,20
Stage 1,1,T6 P(AA)+P(RR) | Delta=30 order=1 I1 surrogate,0.75,0.749861,-0.00013900000000000023,"[-0.0007497, +0.0004717]",0.009486832980505138,PASS,,crowd1_stage1_archive_v3,100000,20
Stage 1,1,T4 P(AA)+P(RR) | Delta=30 order=1 I2 process,0.7500000000000001,0.7502865000000001,0.00028649999999996734,"[-0.0004516, +0.001025]",0.009486832980505138,PASS,,crowd1_stage1_archive_v3,100000,20
Stage 1,1,T4 P(AA)+P(RR) | Delta=30 order=1 I2 automaton,0.7500000000000001,0.749836,-0.00016400000000016401,"[-0.0008857, +0.0005577]",0.009486832980505138,PASS,,crowd1_stage1_archive_v3,100000,20
Stage 1,1,T6 P(AA)+P(RR) | Delta=30 order=1 I2 surrogate,0.625,0.6250094999999999,9.4999999998846e-06,"[-0.000618, +0.000637]",0.009486832980505138,PASS,,crowd1_stage1_archive_v3,100000,20
Stage 1,1,T4 P(AA)+P(RR) | Delta=30 order=1 I3 process,0.7500000000000001,0.74958,-0.00042000000000008697,"[-0.001013, +0.0001727]",0.009486832980505138,PASS,,crowd1_stage1_archive_v3,100000,20
Stage 1,1,T4 P(AA)+P(RR) | Delta=30 order=1 I3 automaton,0.7500000000000001,0.7499359999999998,-6.400000000028605e-05,"[-0.0006862, +0.0005582]",0.009486832980505138,PASS,,crowd1_stage1_archive_v3,100000,20
Stage 1,1,T6 P(AA)+P(RR) | Delta=30 order=1 I3 surrogate,0.6875000000000001,0.6882675,0.000767499999999921,"[+9.652e-05, +0.001438]",0.009486832980505138,PASS,,crowd1_stage1_archive_v3,100000,20
Stage 1,1,T4 P(AA)+P(RR) | Delta=30 order=2 I1 process,0.7499999999999996,0.7502475000000002,0.0002475000000006222,"[-0.0003763, +0.0008713]",0.009486832980505138,PASS,,crowd1_stage1_archive_v3,100000,20
Stage 1,1,T4 P(AA)+P(RR) | Delta=30 order=2 I1 automaton,0.7499999999999996,0.750099,9.900000000040432e-05,"[-0.0005798, +0.0007778]",0.009486832980505138,PASS,,crowd1_stage1_archive_v3,100000,20
Stage 1,1,T6 P(AA)+P(RR) | Delta=30 order=2 I1 surrogate,0.5625,0.56229,-0.00021000000000004349,"[-0.001104, +0.0006841]",0.009486832980505138,PASS,,crowd1_stage1_archive_v3,100000,20
Stage 1,1,T4 P(AA)+P(RR) | Delta=30 order=2 I2 process,0.7499999999999996,0.7499784999999999,-2.1499999999674557e-05,"[-0.000513, +0.00047]",0.009486832980505138,PASS,,crowd1_stage1_archive_v3,100000,20
Stage 1,1,T4 P(AA)+P(RR) | Delta=30 order=2 I2 automaton,0.7499999999999996,0.750189,0.00018900000000043882,"[-0.0004959, +0.0008739]",0.009486832980505138,PASS,,crowd1_stage1_archive_v3,100000,20
Stage 1,1,T6 P(AA)+P(RR) | Delta=30 order=2 I2 surrogate,0.6250000000000002,0.6253755,0.00037549999999975103,"[-0.000279, +0.00103]",0.009486832980505138,PASS,,crowd1_stage1_archive_v3,100000,20
Stage 1,1,T4 P(AA)+P(RR) | Delta=30 order=2 I3 process,0.7499999999999996,0.7501015,0.0001015000000004207,"[-0.0003658, +0.0005688]",0.009486832980505138,PASS,,crowd1_stage1_archive_v3,100000,20
Stage 1,1,T4 P(AA)+P(RR) | Delta=30 order=2 I3 automaton,0.7499999999999996,0.7501450000000001,0.00014500000000050584,"[-0.0006665, +0.0009565]",0.009486832980505138,PASS,,crowd1_stage1_archive_v3,100000,20
Stage 1,1,T6 P(AA)+P(RR) | Delta=30 order=2 I3 surrogate,0.59375,0.5942430000000001,0.0004930000000000767,"[-3.428e-05, +0.00102]",0.009486832980505138,PASS,,crowd1_stage1_archive_v3,100000,20
Stage 1,1,T4 P(AA)+P(RR) | Delta=45 order=1 I1 process,0.5000000000000001,0.5000699999999999,6.999999999979245e-05,"[-0.0007881, +0.0009281]",0.009486832980505138,PASS,,crowd1_stage1_archive_v3,100000,20
Stage 1,1,T4 P(AA)+P(RR) | Delta=45 order=1 I1 automaton,0.5000000000000001,0.49983900000000003,-0.00016100000000007775,"[-0.0008715, +0.0005495]",0.009486832980505138,PASS,,crowd1_stage1_archive_v3,100000,20
Stage 1,1,T6 P(AA)+P(RR) | Delta=45 order=1 I1 surrogate,0.5,0.499564,-0.00043599999999999195,"[-0.001199, +0.0003268]",0.009486832980505138,PASS,,crowd1_stage1_archive_v3,100000,20
Stage 1,1,T4 P(AA)+P(RR) | Delta=45 order=1 I2 process,0.5000000000000001,0.5000704999999999,7.049999999975132e-05,"[-0.0005568, +0.0006978]",0.009486832980505138,PASS,,crowd1_stage1_archive_v3,100000,20
Stage 1,1,T4 P(AA)+P(RR) | Delta=45 order=1 I2 automaton,0.5000000000000001,0.5002335,0.00023349999999988658,"[-0.0003179, +0.0007849]",0.009486832980505138,PASS,,crowd1_stage1_archive_v3,100000,20
Stage 1,1,T6 P(AA)+P(RR) | Delta=45 order=1 I2 surrogate,0.4999999999999999,0.4999505,-4.949999999986909e-05,"[-0.0009077, +0.0008087]",0.009486832980505138,PASS,,crowd1_stage1_archive_v3,100000,20
Stage 1,1,T4 P(AA)+P(RR) | Delta=45 order=1 I3 process,0.5000000000000001,0.5002395,0.00023949999999983707,"[-0.0003801, +0.0008591]",0.009486832980505138,PASS,,crowd1_stage1_archive_v3,100000,20
Stage 1,1,T4 P(AA)+P(RR) | Delta=45 order=1 I3 automaton,0.5000000000000001,0.500095,9.499999999984521e-05,"[-0.000664, +0.000854]",0.009486832980505138,PASS,,crowd1_stage1_archive_v3,100000,20
Stage 1,1,T6 P(AA)+P(RR) | Delta=45 order=1 I3 surrogate,0.4999999999999999,0.49990100000000004,-9.899999999984921e-05,"[-0.0007769, +0.0005789]",0.009486832980505138,PASS,,crowd1_stage1_archive_v3,100000,20
Stage 1,1,T4 P(AA)+P(RR) | Delta=45 order=2 I1 process,0.4999999999999998,0.4999510000000001,-4.899999999968818e-05,"[-0.0008572, +0.0007592]",0.009486832980505138,PASS,,crowd1_stage1_archive_v3,100000,20
Stage 1,1,T4 P(AA)+P(RR) | Delta=45 order=2 I1 automaton,0.4999999999999998,0.49966299999999997,-0.0003369999999998097,"[-0.0009694, +0.0002954]",0.009486832980505138,PASS,,crowd1_stage1_archive_v3,100000,20
Stage 1,1,T6 P(AA)+P(RR) | Delta=45 order=2 I1 surrogate,0.5,0.5002159999999999,0.00021599999999988295,"[-0.0004489, +0.0008809]",0.009486832980505138,PASS,,crowd1_stage1_archive_v3,100000,20
Stage 1,1,T4 P(AA)+P(RR) | Delta=45 order=2 I2 process,0.4999999999999998,0.499639,-0.00036099999999977817,"[-0.001092, +0.0003703]",0.009486832980505138,PASS,,crowd1_stage1_archive_v3,100000,20
Stage 1,1,T4 P(AA)+P(RR) | Delta=45 order=2 I2 automaton,0.4999999999999998,0.49991050000000004,-8.949999999974256e-05,"[-0.0008106, +0.0006316]",0.009486832980505138,PASS,,crowd1_stage1_archive_v3,100000,20
Stage 1,1,T6 P(AA)+P(RR) | Delta=45 order=2 I2 surrogate,0.4999999999999999,0.5001495,0.00014950000000013564,"[-0.0007849, +0.001084]",0.009486832980505138,PASS,,crowd1_stage1_archive_v3,100000,20
Stage 1,1,T4 P(AA)+P(RR) | Delta=45 order=2 I3 process,0.4999999999999998,0.4999325,-6.749999999977607e-05,"[-0.0006379, +0.0005029]",0.009486832980505138,PASS,,crowd1_stage1_archive_v3,100000,20
Stage 1,1,T4 P(AA)+P(RR) | Delta=45 order=2 I3 automaton,0.4999999999999998,0.5000530000000001,5.3000000000302805e-05,"[-0.0008415, +0.0009475]",0.009486832980505138,PASS,,crowd1_stage1_archive_v3,100000,20
Stage 1,1,T6 P(AA)+P(RR) | Delta=45 order=2 I3 surrogate,0.5,0.5009339999999999,0.0009339999999998794,"[+0.0003102, +0.001558]",0.009486832980505138,PASS,,crowd1_stage1_archive_v3,100000,20
Stage 1,1,T4 P(AA)+P(RR) | Delta=60 order=1 I1 process,0.2500000000000001,0.25014299999999995,0.0001429999999998377,"[-0.0004263, +0.0007123]",0.009486832980505138,PASS,,crowd1_stage1_archive_v3,100000,20
Stage 1,1,T4 P(AA)+P(RR) | Delta=60 order=1 I1 automaton,0.2500000000000001,0.24981100000000006,-0.00018900000000005024,"[-0.0009535, +0.0005755]",0.009486832980505138,PASS,,crowd1_stage1_archive_v3,100000,20
Stage 1,1,T6 P(AA)+P(RR) | Delta=60 order=1 I1 surrogate,0.2500000000000001,0.2498475,-0.00015250000000011088,"[-0.0008594, +0.0005544]",0.009486832980505138,PASS,,crowd1_stage1_archive_v3,100000,20
Stage 1,1,T4 P(AA)+P(RR) | Delta=60 order=1 I2 process,0.2500000000000001,0.250324,0.00032399999999987994,"[-0.0002671, +0.0009151]",0.009486832980505138,PASS,,crowd1_stage1_archive_v3,100000,20
Stage 1,1,T4 P(AA)+P(RR) | Delta=60 order=1 I2 automaton,0.2500000000000001,0.2503375,0.00033749999999987956,"[-0.0002302, +0.0009052]",0.009486832980505138,PASS,,crowd1_stage1_archive_v3,100000,20
Stage 1,1,T6 P(AA)+P(RR) | Delta=60 order=1 I2 surrogate,0.3750000000000001,0.3750885,8.849999999988034e-05,"[-0.0005804, +0.0007574]",0.009486832980505138,PASS,,crowd1_stage1_archive_v3,100000,20
Stage 1,1,T4 P(AA)+P(RR) | Delta=60 order=1 I3 process,0.2500000000000001,0.24994850000000005,-5.150000000006538e-05,"[-0.0004868, +0.0003838]",0.009486832980505138,PASS,,crowd1_stage1_archive_v3,100000,20
Stage 1,1,T4 P(AA)+P(RR) | Delta=60 order=1 I3 automaton,0.2500000000000001,0.24984100000000004,-0.00015900000000007575,"[-0.0009558, +0.0006378]",0.009486832980505138,PASS,,crowd1_stage1_archive_v3,100000,20
Stage 1,1,T6 P(AA)+P(RR) | Delta=60 order=1 I3 surrogate,0.31250000000000006,0.3126405,0.00014049999999993235,"[-0.0007139, +0.0009949]",0.009486832980505138,PASS,,crowd1_stage1_archive_v3,100000,20
Stage 1,1,T4 P(AA)+P(RR) | Delta=60 order=2 I1 process,0.2500000000000001,0.24940599999999996,-0.00059400000000015,"[-0.001128, -5.995e-05]",0.009486832980505138,PASS,,crowd1_stage1_archive_v3,100000,20
Stage 1,1,T4 P(AA)+P(RR) | Delta=60 order=2 I1 automaton,0.2500000000000001,0.2502935,0.00029349999999989107,"[-0.0005396, +0.001127]",0.009486832980505138,PASS,,crowd1_stage1_archive_v3,100000,20
Stage 1,1,T6 P(AA)+P(RR) | Delta=60 order=2 I1 surrogate,0.4375,0.43724299999999994,-0.00025700000000006273,"[-0.001078, +0.0005642]",0.009486832980505138,PASS,,crowd1_stage1_archive_v3,100000,20
Stage 1,1,T4 P(AA)+P(RR) | Delta=60 order=2 I2 process,0.2500000000000001,0.24998449999999997,-1.55000000001404e-05,"[-0.0005335, +0.0005025]",0.009486832980505138,PASS,,crowd1_stage1_archive_v3,100000,20
Stage 1,1,T4 P(AA)+P(RR) | Delta=60 order=2 I2 automaton,0.2500000000000001,0.24995650000000005,-4.350000000005738e-05,"[-0.0004416, +0.0003546]",0.009486832980505138,PASS,,crowd1_stage1_archive_v3,100000,20
Stage 1,1,T6 P(AA)+P(RR) | Delta=60 order=2 I2 surrogate,0.37499999999999983,0.375151,0.00015100000000017877,"[-0.0003496, +0.0006516]",0.009486832980505138,PASS,,crowd1_stage1_archive_v3,100000,20
Stage 1,1,T4 P(AA)+P(RR) | Delta=60 order=2 I3 process,0.2500000000000001,0.24965200000000004,-0.0003480000000000705,"[-0.0009595, +0.0002635]",0.009486832980505138,PASS,,crowd1_stage1_archive_v3,100000,20
Stage 1,1,T4 P(AA)+P(RR) | Delta=60 order=2 I3 automaton,0.2500000000000001,0.250151,0.0001509999999999012,"[-0.0003834, +0.0006854]",0.009486832980505138,PASS,,crowd1_stage1_archive_v3,100000,20
Stage 1,1,T6 P(AA)+P(RR) | Delta=60 order=2 I3 surrogate,0.40624999999999994,0.40676249999999997,0.0005125000000000268,"[-0.0004089, +0.001434]",0.009486832980505138,PASS,,crowd1_stage1_archive_v3,100000,20
Stage 1,1,T4 P(AA)+P(RR) | Delta=75 order=1 I1 process,0.06698729810778066,0.066974,-1.3298107780654322e-05,"[-0.000434, +0.0004074]",0.009486832980505138,PASS,,crowd1_stage1_archive_v3,100000,20
Stage 1,1,T4 P(AA)+P(RR) | Delta=75 order=1 I1 automaton,0.06698729810778066,0.06688000000000001,-0.00010729810778065119,"[-0.0004488, +0.0002342]",0.009486832980505138,PASS,,crowd1_stage1_archive_v3,100000,20
Stage 1,1,T6 P(AA)+P(RR) | Delta=75 order=1 I1 surrogate,0.06698729810778065,0.06713499999999999,0.00014770189221934016,"[-0.000151, +0.0004464]",0.009486832980505138,PASS,,crowd1_stage1_archive_v3,100000,20
Stage 1,1,T4 P(AA)+P(RR) | Delta=75 order=1 I2 process,0.06698729810778066,0.0669315,-5.579810778065519e-05,"[-0.0004377, +0.0003261]",0.009486832980505138,PASS,,crowd1_stage1_archive_v3,100000,20
Stage 1,1,T4 P(AA)+P(RR) | Delta=75 order=1 I2 automaton,0.06698729810778066,0.06695950000000002,-2.7798107780641068e-05,"[-0.0003172, +0.0002616]",0.009486832980505138,PASS,,crowd1_stage1_archive_v3,100000,20
Stage 1,1,T6 P(AA)+P(RR) | Delta=75 order=1 I2 surrogate,0.2834936490538903,0.28367450000000005,0.00018085094610975627,"[-0.0005395, +0.0009012]",0.009486832980505138,PASS,,crowd1_stage1_archive_v3,100000,20
Stage 1,1,T4 P(AA)+P(RR) | Delta=75 order=1 I3 process,0.06698729810778066,0.0671155,0.00012820189221933453,"[-0.0001546, +0.0004111]",0.009486832980505138,PASS,,crowd1_stage1_archive_v3,100000,20
Stage 1,1,T4 P(AA)+P(RR) | Delta=75 order=1 I3 automaton,0.06698729810778066,0.067084,9.670189221934467e-05,"[-0.0002445, +0.0004379]",0.009486832980505138,PASS,,crowd1_stage1_archive_v3,100000,20
Stage 1,1,T6 P(AA)+P(RR) | Delta=75 order=1 I3 surrogate,0.17524047358083544,0.174798,-0.0004424735808354341,"[-0.0009625, +7.758e-05]",0.009486832980505138,PASS,,crowd1_stage1_archive_v3,100000,20
Stage 1,1,T4 P(AA)+P(RR) | Delta=75 order=2 I1 process,0.06698729810778044,0.06720849999999999,0.00022120189221955244,"[-0.0001911, +0.0006335]",0.009486832980505138,PASS,,crowd1_stage1_archive_v3,100000,20
Stage 1,1,T4 P(AA)+P(RR) | Delta=75 order=2 I1 automaton,0.06698729810778044,0.06717000000000001,0.00018270189221956945,"[-0.0002024, +0.0005678]",0.009486832980505138,PASS,,crowd1_stage1_archive_v3,100000,20
Stage 1,1,T6 P(AA)+P(RR) | Delta=75 order=2 I1 surrogate,0.1752404735808355,0.175655,0.00041452641916450705,"[-0.0001686, +0.0009977]",0.009486832980505138,PASS,,crowd1_stage1_archive_v3,100000,20
Stage 1,1,T4 P(AA)+P(RR) | Delta=75 order=2 I2 process,0.06698729810778044,0.067025,3.7701892219563216e-05,"[-0.0003272, +0.0004026]",0.009486832980505138,PASS,,crowd1_stage1_archive_v3,100000,20
Stage 1,1,T4 P(AA)+P(RR) | Delta=75 order=2 I2 automaton,0.06698729810778044,0.066506,-0.00048129810778044235,"[-0.0008561, -0.0001065]",0.009486832980505138,PASS,,crowd1_stage1_archive_v3,100000,20
Stage 1,1,T6 P(AA)+P(RR) | Delta=75 order=2 I2 surrogate,0.2834936490538903,0.2838395,0.000345850946109727,"[-0.0004664, +0.001158]",0.009486832980505138,PASS,,crowd1_stage1_archive_v3,100000,20
Stage 1,1,T4 P(AA)+P(RR) | Delta=75 order=2 I3 process,0.06698729810778044,0.0671675,0.00018020189221956695,"[-0.0002025, +0.0005629]",0.009486832980505138,PASS,,crowd1_stage1_archive_v3,100000,20
Stage 1,1,T4 P(AA)+P(RR) | Delta=75 order=2 I3 automaton,0.06698729810778044,0.067265,0.0002777018922195673,"[-4.976e-05, +0.0006052]",0.009486832980505138,PASS,,crowd1_stage1_archive_v3,100000,20
Stage 1,1,T6 P(AA)+P(RR) | Delta=75 order=2 I3 surrogate,0.22936706131736292,0.22908000000000003,-0.0002870613173628911,"[-0.0009182, +0.0003441]",0.009486832980505138,PASS,,crowd1_stage1_archive_v3,100000,20
Stage 1,1,T4 A5 control: automaton reproduces the process pathwise,0.0,0.0,0.0,"[+0, +0]",0.0,PASS,,crowd1_stage1_archive_v3,100000,5
Stage 1,1,T6 aligned anchor closed form cos^2(Delta) | Delta=15,0.9330127018922194,0.9328804999999999,-0.00013220189221951895,"[-0.0005964, +0.000332]",0.009486832980505138,PASS,,crowd1_stage1_archive_v3,100000,20
Stage 1,1,T6 isotropic anchor closed form 1/2 + cos(2Delta)/4 | Delta=15,0.7165063509461097,0.716215,-0.0002913509461096586,"[-0.0008552, +0.0002725]",0.009486832980505138,PASS,,crowd1_stage1_archive_v3,100000,20
Stage 1,1,T6 aligned anchor closed form cos^2(Delta) | Delta=30,0.7500000000000001,0.749861,-0.00013900000000011126,"[-0.0007497, +0.0004717]",0.009486832980505138,PASS,,crowd1_stage1_archive_v3,100000,20
Stage 1,1,T6 isotropic anchor closed form 1/2 + cos(2Delta)/4 | Delta=30,0.625,0.6250094999999999,9.4999999998846e-06,"[-0.000618, +0.000637]",0.009486832980505138,PASS,,crowd1_stage1_archive_v3,100000,20
Stage 1,1,T6 aligned anchor closed form cos^2(Delta) | Delta=45,0.5000000000000001,0.499564,-0.00043600000000010297,"[-0.001199, +0.0003268]",0.009486832980505138,PASS,,crowd1_stage1_archive_v3,100000,20
Stage 1,1,T6 isotropic anchor closed form 1/2 + cos(2Delta)/4 | Delta=45,0.5,0.4999505,-4.9499999999980115e-05,"[-0.0009077, +0.0008087]",0.009486832980505138,PASS,,crowd1_stage1_archive_v3,100000,20
Stage 1,1,T6 aligned anchor closed form cos^2(Delta) | Delta=60,0.2500000000000001,0.2498475,-0.00015250000000011088,"[-0.0008594, +0.0005544]",0.009486832980505138,PASS,,crowd1_stage1_archive_v3,100000,20
Stage 1,1,T6 isotropic anchor closed form 1/2 + cos(2Delta)/4 | Delta=60,0.37500000000000006,0.3750885,8.849999999993585e-05,"[-0.0005804, +0.0007574]",0.009486832980505138,PASS,,crowd1_stage1_archive_v3,100000,20
Stage 1,1,T6 aligned anchor closed form cos^2(Delta) | Delta=75,0.06698729810778066,0.06713499999999999,0.00014770189221932628,"[-0.000151, +0.0004464]",0.009486832980505138,PASS,,crowd1_stage1_archive_v3,100000,20
Stage 1,1,T6 isotropic anchor closed form 1/2 + cos(2Delta)/4 | Delta=75,0.2834936490538903,0.28367450000000005,0.00018085094610975627,"[-0.0005395, +0.0009012]",0.009486832980505138,PASS,,crowd1_stage1_archive_v3,100000,20
Stage 1,1,T5 P(AR) = 0 pathwise | process,0.0,0.0,0.0,"[+0, +0]",0.0,PASS,,crowd1_stage1_archive_v3,100000,20
Stage 1,1,T5 P(RA) = 0 pathwise | process,0.0,0.0,0.0,"[+0, +0]",0.0,PASS,,crowd1_stage1_archive_v3,100000,20
Stage 1,1,T5 x = 0 | process,0.0,0.0005260000000000001,0.0005260000000000001,"[-0.001073, +0.002125]",0.01,PASS,,crowd1_stage1_archive_v3,100000,20
Stage 1,1,T5 P(AR) = 0 pathwise | automaton,0.0,0.0,0.0,"[+0, +0]",0.0,PASS,,crowd1_stage1_archive_v3,100000,20
Stage 1,1,T5 P(RA) = 0 pathwise | automaton,0.0,0.0,0.0,"[+0, +0]",0.0,PASS,,crowd1_stage1_archive_v3,100000,20
Stage 1,1,T5 x = 0 | automaton,0.0,0.000747,0.000747,"[-0.0009369, +0.002431]",0.01,PASS,,crowd1_stage1_archive_v3,100000,20
Stage 1,1,T5 surrogate registered contrast P(AA),0.375,0.3748225,-0.0001774999999999971,"[-0.0009421, +0.0005871]",0.009486832980505138,PASS,,crowd1_stage1_archive_v3,100000,20
Stage 1,1,T5 surrogate registered contrast P(AR),0.125,0.125114,0.00011400000000000299,"[-0.000377, +0.000605]",0.009486832980505138,PASS,,crowd1_stage1_archive_v3,100000,20
Stage 1,1,T5 surrogate registered contrast P(RA),0.125,0.1253975,0.0003974999999999951,"[-6.876e-05, +0.0008638]",0.009486832980505138,PASS,,crowd1_stage1_archive_v3,100000,20
Stage 1,1,T5 surrogate registered contrast P(RR),0.375,0.37466600000000005,-0.00033399999999994545,"[-0.001126, +0.0004582]",0.009486832980505138,PASS,,crowd1_stage1_archive_v3,100000,20
Stage 1,1,T5 surrogate registered contrast x = 1/4,0.25,0.250668,0.0006680000000000019,"[-0.0009164, +0.002252]",0.009486832980505138,PASS,,crowd1_stage1_archive_v3,100000,20
Stage 2,P1,P1 no activation by the campaign (pathwise),0.0,0.0,0.0,"[+0, +0]",0.0,PASS,,crowd1_stage2_archive (s2-v2),100000,576
Stage 2,P1,"P1 post-campaign x | (40, 50, 140)",0.0,0.0005974999999999999,0.0005974999999999999,"[-0.0005736, +0.001769]",0.01,PASS,,crowd1_stage2_archive (s2-v2),100000,24
Stage 2,P1,"P1 operator R/lambda | (40, 50, 140)",0.34657359,0.34732708333333334,0.0007534933333333549,"[-0.001133, +0.00264]",0.0069314718,PASS,,crowd1_stage2_archive (s2-v2),100000,24
Stage 2,P1,"P1 post-campaign x | (40, 140, 50)",0.96984631,0.9701091666666667,0.0002628566666666998,"[-0.0001269, +0.0006526]",0.0193969262,PASS,,crowd1_stage2_archive (s2-v2),100000,24
Stage 2,P1,"P1 operator R/lambda | (40, 140, 50)",0.682696708,0.6824187500000001,-0.00027795799999996706,"[-0.00263, +0.002074]",0.01365393416,PASS,,crowd1_stage2_archive (s2-v2),100000,24
Stage 2,P1,"P1 held-out post-campaign x | (50, 40, 140)",0.0,-0.0010316666666666666,-0.0010316666666666666,"[-0.00249, +0.0004267]",0.01,PASS,,crowd1_stage2_archive (s2-v2),100000,24
Stage 2,P1,"P1 held-out operator R/lambda | (50, 40, 140)",0.34657359,0.3473354166666667,0.0007618266666666873,"[-0.001256, +0.002779]",0.0069314718,PASS,,crowd1_stage2_archive (s2-v2),100000,24
Stage 2,P1,"P1 held-out post-campaign x | (140, 40, 50)",0.96984631,0.969685,-0.0001613099999999701,"[-0.0004884, +0.0001658]",0.0193969262,PASS,,crowd1_stage2_archive (s2-v2),100000,24
Stage 2,P1,"P1 held-out operator R/lambda | (140, 40, 50)",0.682696708,0.6806749999999999,-0.002021708000000122,"[-0.004913, +0.0008698]",0.01365393416,PASS,,crowd1_stage2_archive (s2-v2),100000,24
Stage 2,P1-delay,P1-delay invasion-advantage ratio at tau0=10.0/rho vs 1.97,1.97,1.9650829823260565,-0.00491701767394348,"[-0.01749, +0.007655]",0.0394,PASS,,crowd1_stage2_archive (s2-v2),100000,24
Stage 2,P1-delay,P1-delay advantage present at every delay (ratio > 1),1.0,1.0006283252933197,0.000628325293319687,"[-0.007774, +0.009031]",0.0,INCONCLUSIVE,,crowd1_stage2_archive (s2-v2),100000,24
Stage 2,P1-delay,P1-delay orientation preparation decays as exp(-rho tau0),0.0,0.0016531402399847957,0.0016531402399847957,"[+0.001415, +0.001897]",0.02,PASS,,crowd1_stage2_archive (s2-v2),100000,24
Stage 2,P2,P2 no activation by the campaign (pathwise),0.0,0.0,0.0,"[+0, +0]",0.0,PASS,,crowd1_stage2_archive (s2-v2),100000,120
Stage 2,P2,"P2 first-generation acceptance q_T | (10, 20, 30)",0.707442366,0.7057632130905821,-0.0016791529094178914,"[-0.003978, +0.0006193]",0.01414884732,PASS,,crowd1_stage2_archive (s2-v2),100000,20
Stage 2,P2,"P2 operator R/lambda | (10, 20, 30)",0.03628705,0.03620566037735849,-8.138962264150895e-05,"[-0.0004335, +0.0002708]",0.000725741,PASS,,crowd1_stage2_archive (s2-v2),100000,20
Stage 2,P2,"P2 first-generation acceptance q_T | (10, 30, 20)",0.759089355,0.7592743090538466,0.0001849540538466643,"[-0.00185, +0.00222]",0.0151817871,PASS,,crowd1_stage2_archive (s2-v2),100000,20
Stage 2,P2,"P2 operator R/lambda | (10, 30, 20)",0.038936194,0.03900990566037736,7.371166037736104e-05,"[-9.371e-05, +0.0002411]",0.00077872388,PASS,,crowd1_stage2_archive (s2-v2),100000,20
Stage 2,P2,"P2 first-generation acceptance q_T | (20, 10, 30)",0.637858566,0.6383957683899861,0.0005372023899861134,"[-0.002053, +0.003128]",0.01275717132,PASS,,crowd1_stage2_archive (s2-v2),100000,20
Stage 2,P2,"P2 operator R/lambda | (20, 10, 30)",0.032717867,0.03265424528301887,-6.362171698112706e-05,"[-0.0003309, +0.0002036]",0.00065435734,PASS,,crowd1_stage2_archive (s2-v2),100000,20
Stage 2,P2,P2 operator R/lambda from I2 (all orders equal),0.025646647,0.02563459119496855,-1.2055805031451622e-05,"[-0.0001642, +0.00014]",0.00051293294,PASS,,crowd1_stage2_archive (s2-v2),100000,60
Stage 2,P2-delay,P2-delay rho=0: order dependence persists (orientation never relaxes),0.006199056603773581,0.006072641509433964,-0.00012641509433961723,"[-0.0005444, +0.0002915]",0.00012398113207547163,INCONCLUSIVE,,crowd1_stage2_archive (s2-v2),100000,10
Stage 2,P2-delay,P2-delay rho=0.5: order dependence decays as exp(-rho tau0),0.0,0.001697480653405865,0.001697480653405865,"[+0.001481, +0.001905]",0.02,PASS,,crowd1_stage2_archive (s2-v2),100000,10
Stage 2,P3,P3 no activation by the campaign (pathwise),0.0,0.0,0.0,"[+0, +0]",0.0,PASS,,crowd1_stage2_archive (s2-v2),100000,40
Stage 2,P3,"P3 frozen diagnostic R_fr(0) | (45, 20)",1.266783868,1.2601592726202568,-0.006624595379743248,"[-0.0141, +0.0008507]",0.025335677360000003,PASS,,crowd1_stage2_archive (s2-v2),100000,20
Stage 2,P3,"P3 E Z_2 from a seed introduced immediately | (45, 20)",1.5624039584,1.56143,-0.0009739583999999191,"[-0.00852, +0.006572]",0.031248079168,PASS,,crowd1_stage2_archive (s2-v2),100000,20
Stage 2,P3,"P3 frozen diagnostic R_fr(0) | (20, 45)",0.875468736,0.8782097699147796,0.0027410339147796448,"[-0.003363, +0.008845]",0.01750937472,PASS,,crowd1_stage2_archive (s2-v2),100000,20
Stage 2,P3,"P3 E Z_2 from a seed introduced immediately | (20, 45)",1.1039594704,1.1103925000000001,0.00643302960000014,"[+0.001749, +0.01112]",0.022079189408,PASS,,crowd1_stage2_archive (s2-v2),100000,20
Stage 2,P3,"P3 convergence to R_inf = 0.0912 lambda at tau0 = 10.0 | (45, 20)",0.364643112,0.36353574072836575,-0.0011073712716342388,"[-0.003913, +0.001698]",0.00729286224,PASS,,crowd1_stage2_archive (s2-v2),100000,20
Stage 2,P3,"P3 convergence to R_inf = 0.0912 lambda at tau0 = 10.0 | (20, 45)",0.364643112,0.36252635981950865,-0.0021167521804913436,"[-0.005651, +0.001417]",0.00729286224,PASS,,crowd1_stage2_archive (s2-v2),100000,20
Stage 2,P4,P4 no reach ignites at lambda = 1.4 (A(160) = 0),0.0,0.0,0.0,"[+0, +0]",0.0,PASS,,crowd1_stage2_archive (s2-v2),50000,500
Stage 2,P4,P4 finite-amplitude threshold f_c at lambda = 1.6,0.127,0.13342201463414632,0.0064220146341463225,"[+0.005588, +0.00722]",0.006350000000000001,INCONCLUSIVE,,crowd1_stage2_archive (s2-v2),50000,100
Stage 2,P4,P4 upper branch A* at lambda = 1.6,0.63,0.6364194321766561,0.006419432176656081,"[+0.005992, +0.006847]",0.0315,PASS,,crowd1_stage2_archive (s2-v2),50000,317
Stage 2,P4,P4 finite-amplitude threshold f_c at lambda = 1.75,0.038,0.04381454117647059,0.005814541176470588,"[+0.005361, +0.006434]",0.0019,FAIL,,crowd1_stage2_archive (s2-v2),50000,100
Stage 2,P4,P4 upper branch A* at lambda = 1.75,0.75,0.747168901098901,-0.002831098901099005,"[-0.00324, -0.002422]",0.037500000000000006,PASS,,crowd1_stage2_archive (s2-v2),50000,182
Stage 2,P4,P4 finite-amplitude threshold f_c at lambda = 1.9,0.0086,0.00731044,-0.0012895600000000004,"[-0.002124, -0.000967]",0.00043000000000000004,FAIL,,crowd1_stage2_archive (s2-v2),50000,100
Stage 2,P4,P4 upper branch A* at lambda = 1.9,0.81,0.8132018611987382,0.0032018611987381096,"[+0.003028, +0.003376]",0.04050000000000001,PASS,,crowd1_stage2_archive (s2-v2),50000,634
Stage 2,P6,P6 case A collapse time t_dagger vs the kinetic solution,70.3,70.35303633651682,0.0530363365168256,"[+0.02879, +0.07729]",3.515,PASS,,crowd1_stage2_archive (s2-v2),100000,50
Stage 3 P5,P5,"P5 active-branch mean A over [20,70] at lambda=2, f=0.01 (conditional on A(20)>0)",0.5,0.50011818184,0.00011818184000000898,"[-3.448e-05, +0.0002708]",0.025,PASS,,crowd1_stage3_P5_archive,100000,50
Stage 3 P5,P5,"P5 mean A over [20,70] at lambda=1, f=0.01 (activity dies)",0.0,0.0,0.0,"[+0, +0]",0.001,PASS,,crowd1_stage3_P5_archive,100000,50
Stage 3 P5,P5,"P5 pathwise extinction at lambda=1, f=0.01: A(t)=0 for all t>=20",0.0,0.0,0.0,"[+0, +0]",0.0,PASS,,crowd1_stage3_P5_archive,100000,50
Stage 3 P5,P5,"P5 active-branch mean A over [20,70] at lambda=2, f=0.1 (conditional on A(20)>0)",0.5,0.49989095472,-0.00010904527999999747,"[-0.0002568, +3.874e-05]",0.025,PASS,,crowd1_stage3_P5_archive,100000,50
Stage 3 P5,P5,"P5 mean A over [20,70] at lambda=1, f=0.1 (activity dies)",0.0,0.0,0.0,"[+0, +0]",0.001,PASS,,crowd1_stage3_P5_archive,100000,50
Stage 3 P5,P5,"P5 pathwise extinction at lambda=1, f=0.1: A(t)=0 for all t>=20",0.0,0.0,0.0,"[+0, +0]",0.0,PASS,,crowd1_stage3_P5_archive,100000,50
Stage 3 P7,P7,"P7 A_max, single T pulse, f=0.1 (mean trajectory)",0.1358,0.13594939999999997,0.00014939999999996623,"[-0.0001647, +0.0004459]",0.002716,PASS,,crowd1_stage3_P7_archive,100000,50
Stage 3 P7,P7,"P7 T_act, single T pulse, f=0.1 (mean trajectory)",0.69315,0.6932,4.999999999999449e-05,"[+5e-05, +5e-05]",0.013863,PASS,,crowd1_stage3_P7_archive,100000,50
Stage 3 P7,P7,"P7 I, single T pulse, f=0.1",0.09963,0.09975955142387564,0.00012955142387564844,"[-0.0001299, +0.000389]",0.0019925999999999998,PASS,,crowd1_stage3_P7_archive,100000,50
Stage 3 P7,P7,"P7 A_max, single T pulse, f=0.25 (mean trajectory)",0.32038,0.32017599999999985,-0.0002040000000001485,"[-0.0006843, +0.0002499]",0.0064076,PASS,,crowd1_stage3_P7_archive,100000,50
Stage 3 P7,P7,"P7 T_act, single T pulse, f=0.25 (mean trajectory)",0.69315,0.6932,4.999999999999449e-05,"[+5e-05, +5e-05]",0.013863,PASS,,crowd1_stage3_P7_archive,100000,50
Stage 3 P7,P7,"P7 I, single T pulse, f=0.25",0.22969,0.22958175330133737,-0.00010824669866263403,"[-0.0004649, +0.0002484]",0.0045938,PASS,,crowd1_stage3_P7_archive,100000,50
Stage 3 P7,P7,"P7 A_max, single T pulse, f=0.5 (mean trajectory)",0.58579,0.5856336,-0.0001564000000000565,"[-0.0006174, +0.0002822]",0.0117158,PASS,,crowd1_stage3_P7_archive,100000,50
Stage 3 P7,P7,"P7 T_act, single T pulse, f=0.5 (mean trajectory)",0.69315,0.6932,4.999999999999449e-05,"[+5e-05, +5e-05]",0.013863,PASS,,crowd1_stage3_P7_archive,100000,50
Stage 3 P7,P7,"P7 I, single T pulse, f=0.5",0.41095,0.41079547468442484,-0.00015452531557513804,"[-0.0004813, +0.0001723]",0.008219,PASS,,crowd1_stage3_P7_archive,100000,50
Stage 3 P7,P7,"P7 A_max, single T pulse, f=0.75 (mean trajectory)",0.80926,0.8096148000000001,0.0003548000000000995,"[+8.98e-05, +0.000646]",0.0161852,PASS,,crowd1_stage3_P7_archive,100000,50
Stage 3 P7,P7,"P7 T_act, single T pulse, f=0.75 (mean trajectory)",0.69315,0.6932,4.999999999999449e-05,"[+5e-05, +5e-05]",0.013863,PASS,,crowd1_stage3_P7_archive,100000,50
Stage 3 P7,P7,"P7 I, single T pulse, f=0.75",0.56233,0.5625819443308749,0.0002519443308749425,"[+5.533e-05, +0.0004486]",0.0112466,PASS,,crowd1_stage3_P7_archive,100000,50
Stage 3 P7,P7,"P7 A_max, coincident (T, T_perp), f=0.1 (mean trajectory)",0.1358,0.13594620000000002,0.00014620000000001299,"[-0.00024, +0.0005491]",0.002716,PASS,,crowd1_stage3_P7_archive,100000,50
Stage 3 P7,P7,"P7 T_act, coincident (T, T_perp), f=0.1 (mean trajectory)",0.69315,0.6932,4.999999999999449e-05,"[+5e-05, +5e-05]",0.013863,PASS,,crowd1_stage3_P7_archive,100000,50
Stage 3 P7,P7,"P7 I, coincident (T, T_perp), f=0.1",0.09963,0.09974720762296542,0.00011720762296542342,"[-0.0002191, +0.0004535]",0.0019925999999999998,PASS,,crowd1_stage3_P7_archive,100000,50
Stage 3 P7,P7,"P7 A_max, coincident (T, T_perp), f=0.25 (mean trajectory)",0.32038,0.32059219999999994,0.00021219999999994021,"[-0.0003312, +0.0007527]",0.0064076,PASS,,crowd1_stage3_P7_archive,100000,50
Stage 3 P7,P7,"P7 T_act, coincident (T, T_perp), f=0.25 (mean trajectory)",0.69315,0.6932,4.999999999999449e-05,"[+5e-05, +5e-05]",0.013863,PASS,,crowd1_stage3_P7_archive,100000,50
Stage 3 P7,P7,"P7 I, coincident (T, T_perp), f=0.25",0.22969,0.22982653878391066,0.00013653878391065022,"[-0.0002659, +0.0005389]",0.0045938,PASS,,crowd1_stage3_P7_archive,100000,50
Stage 3 P7,P7,"P7 A_max, coincident (T, T_perp), f=0.5 (mean trajectory)",0.58579,0.5856868,-0.000103200000000081,"[-0.0005824, +0.000356]",0.0117158,PASS,,crowd1_stage3_P7_archive,100000,50
Stage 3 P7,P7,"P7 T_act, coincident (T, T_perp), f=0.5 (mean trajectory)",0.69315,0.6932,4.999999999999449e-05,"[+5e-05, +5e-05]",0.013863,PASS,,crowd1_stage3_P7_archive,100000,50
Stage 3 P7,P7,"P7 I, coincident (T, T_perp), f=0.5",0.41095,0.41083125648598967,-0.00011874351401031102,"[-0.0004803, +0.0002428]",0.008219,PASS,,crowd1_stage3_P7_archive,100000,50
Stage 3 P7,P7,"P7 A_max, coincident (T, T_perp), f=0.75 (mean trajectory)",0.80926,0.8091191999999997,-0.00014080000000027404,"[-0.0004464, +0.000171]",0.0161852,PASS,,crowd1_stage3_P7_archive,100000,50
Stage 3 P7,P7,"P7 T_act, coincident (T, T_perp), f=0.75 (mean trajectory)",0.69315,0.6932,4.999999999999449e-05,"[+5e-05, +5e-05]",0.013863,PASS,,crowd1_stage3_P7_archive,100000,50
Stage 3 P7,P7,"P7 I, coincident (T, T_perp), f=0.75",0.56233,0.5622536931848113,-7.630681518866478e-05,"[-0.0003015, +0.0001489]",0.0112466,PASS,,crowd1_stage3_P7_archive,100000,50
Stage 3 P7,P7,"P7 A_max, coincident (T_perp, T), f=0.1",0.0,0.0,0.0,"[+0, +0]",0.001,PASS,,crowd1_stage3_P7_archive,100000,50
Stage 3 P7,P7,"P7 T_act, coincident (T_perp, T), f=0.1",0.0,0.0,0.0,"[+0, +0]",0.001,PASS,,crowd1_stage3_P7_archive,100000,50
Stage 3 P7,P7,"P7 I, coincident (T_perp, T), f=0.1",0.0,0.0,0.0,"[+0, +0]",0.001,PASS,,crowd1_stage3_P7_archive,100000,50
Stage 3 P7,P7,"P7 A_max, coincident (T_perp, T), f=0.25",0.0,0.0,0.0,"[+0, +0]",0.001,PASS,,crowd1_stage3_P7_archive,100000,50
Stage 3 P7,P7,"P7 T_act, coincident (T_perp, T), f=0.25",0.0,0.0,0.0,"[+0, +0]",0.001,PASS,,crowd1_stage3_P7_archive,100000,50
Stage 3 P7,P7,"P7 I, coincident (T_perp, T), f=0.25",0.0,0.0,0.0,"[+0, +0]",0.001,PASS,,crowd1_stage3_P7_archive,100000,50
Stage 3 P7,P7,"P7 A_max, coincident (T_perp, T), f=0.5",0.0,0.0,0.0,"[+0, +0]",0.001,PASS,,crowd1_stage3_P7_archive,100000,50
Stage 3 P7,P7,"P7 T_act, coincident (T_perp, T), f=0.5",0.0,0.0,0.0,"[+0, +0]",0.001,PASS,,crowd1_stage3_P7_archive,100000,50
Stage 3 P7,P7,"P7 I, coincident (T_perp, T), f=0.5",0.0,0.0,0.0,"[+0, +0]",0.001,PASS,,crowd1_stage3_P7_archive,100000,50
Stage 3 P7,P7,"P7 A_max, coincident (T_perp, T), f=0.75",0.0,0.0,0.0,"[+0, +0]",0.001,PASS,,crowd1_stage3_P7_archive,100000,50
Stage 3 P7,P7,"P7 T_act, coincident (T_perp, T), f=0.75",0.0,0.0,0.0,"[+0, +0]",0.001,PASS,,crowd1_stage3_P7_archive,100000,50
Stage 3 P7,P7,"P7 I, coincident (T_perp, T), f=0.75",0.0,0.0,0.0,"[+0, +0]",0.001,PASS,,crowd1_stage3_P7_archive,100000,50
Stage 3 P9,P9,P9 A_+ on the two-camp branch at lambda=1.5,0.2990288970354737,0.2989779920792079,-5.0904956265807044e-05,"[-0.0003374, +0.0002356]",0.014951444851773686,PASS,,crowd1_stage3_P9_archive,100000,50
Stage 3 P9,P9,P9 A_- on the two-camp branch at lambda=1.5,0.2990288970354737,0.2990751920792079,4.629504373421245e-05,"[-0.0003081, +0.0004007]",0.014951444851773686,PASS,,crowd1_stage3_P9_archive,100000,50
Stage 3 P9,P9,P9 relaxation after perturbing A_+ by +0.05 at lambda=1.5,0.0,0.00020780792079208354,0.00020780792079208354,"[-0.0002586, +0.0006742]",0.001,PASS,,crowd1_stage3_P9_archive,100000,50
Stage 3 P9,P9,P9 relaxation after perturbing A_+ by -0.05 at lambda=1.5,0.0,0.0002824079207920871,0.0002824079207920871,"[-0.0001531, +0.0007179]",0.001,PASS,,crowd1_stage3_P9_archive,100000,50
Stage 3 P9,P9,P9 relaxation after perturbing A_- by +0.05 at lambda=1.5,0.0,0.0001836079207920882,0.0001836079207920882,"[-0.0003722, +0.0007394]",0.001,PASS,,crowd1_stage3_P9_archive,100000,50
Stage 3 P9,P9,P9 relaxation after perturbing A_- by -0.05 at lambda=1.5,0.0,-0.0003475920792079168,-0.0003475920792079168,"[-0.000766, +7.084e-05]",0.001,PASS,,crowd1_stage3_P9_archive,100000,50
Stage 3 P9,P9,P9 A_+ on the two-camp branch at lambda=2.0,0.423895615808929,0.4235844178217822,-0.00031119798714679403,"[-0.0006739, +5.153e-05]",0.02119478079044645,PASS,,crowd1_stage3_P9_archive,100000,50
Stage 3 P9,P9,P9 A_- on the two-camp branch at lambda=2.0,0.423895615808929,0.42421500990099015,0.00031939409206116487,"[-2.852e-05, +0.0006673]",0.02119478079044645,PASS,,crowd1_stage3_P9_archive,100000,50
Stage 3 P9,P9,P9 relaxation after perturbing A_+ by +0.05 at lambda=2.0,0.0,-0.00012781782178218016,-0.00012781782178218016,"[-0.0003753, +0.0001196]",0.001,PASS,,crowd1_stage3_P9_archive,100000,50
Stage 3 P9,P9,P9 relaxation after perturbing A_+ by -0.05 at lambda=2.0,0.0,-4.6017821782182725e-05,-4.6017821782182725e-05,"[-0.0003083, +0.0002163]",0.001,PASS,,crowd1_stage3_P9_archive,100000,50
Stage 3 P9,P9,P9 relaxation after perturbing A_- by +0.05 at lambda=2.0,0.0,-0.00015100990099011112,-0.00015100990099011112,"[-0.0004194, +0.0001174]",0.001,PASS,,crowd1_stage3_P9_archive,100000,50
Stage 3 P9,P9,P9 relaxation after perturbing A_- by -0.05 at lambda=2.0,0.0,-6.080990099010752e-05,-6.080990099010752e-05,"[-0.0003046, +0.000183]",0.001,PASS,,crowd1_stage3_P9_archive,100000,50
Stage 3 P9,P9,P9 A_+ on the two-camp branch at lambda=3.0,0.4830416853464199,0.48288781980198026,-0.0001538655444396353,"[-0.0005632, +0.0002554]",0.024152084267320996,PASS,,crowd1_stage3_P9_archive,100000,50
Stage 3 P9,P9,P9 A_- on the two-camp branch at lambda=3.0,0.4830416853464199,0.4831862316831683,0.0001445463367484301,"[-0.0002686, +0.0005577]",0.024152084267320996,PASS,,crowd1_stage3_P9_archive,100000,50
Stage 3 P9,P9,P9 relaxation after perturbing A_+ by -0.05 at lambda=3.0,0.0,0.0001877683168316746,0.0001877683168316746,"[+5.677e-05, +0.0003188]",0.001,PASS,,crowd1_stage3_P9_archive,100000,50
Stage 3 P9,P9,P9 relaxation after perturbing A_- by -0.05 at lambda=3.0,0.0,8.79683168316736e-05,8.79683168316736e-05,"[-1.701e-05, +0.0001929]",0.001,PASS,,crowd1_stage3_P9_archive,100000,50
Stage 3 P9,P9,"P9 pathwise: stance never flips (camps are fixed, C4.1)",0.0,0.0,0.0,"[+0, +0]",0.0,PASS,,crowd1_stage3_P9_archive,100000,150
Stage 3 P9,P9,"P9 pathwise: orientation stays on {T_+, T_-} (two-camp law invariant)",0.0,0.0,0.0,"[+0, +0]",0.0,PASS,,crowd1_stage3_P9_archive,100000,150
Stage 2B,P1-delay,"between-order ratio of the time-dependent first-generation count E Z1 at tau0 = 0.0/rho  [THE RESULT, per ruling 1]",1.2702501,1.27479,,+-0.00531 (sem over 24 backgrounds),,REPORTED (replaces the failed registered sentence),E (estimand mismatch),crowd1_stage2b_archive,100000,24 backgrounds x 10000 trials
Stage 2B,P1-delay,"between-order ratio of the time-dependent first-generation count E Z1 at tau0 = 0.5/rho  [THE RESULT, per ruling 1]",1.5455197,1.54939,,+-0.00475 (sem over 24 backgrounds),,REPORTED (replaces the failed registered sentence),E (estimand mismatch),crowd1_stage2b_archive,100000,24 backgrounds x 10000 trials
Stage 2B,P1-delay,"between-order ratio of the time-dependent first-generation count E Z1 at tau0 = 1.0/rho  [THE RESULT, per ruling 1]",1.7124792,1.71506,,+-0.00454 (sem over 24 backgrounds),,REPORTED (replaces the failed registered sentence),E (estimand mismatch),crowd1_stage2b_archive,100000,24 backgrounds x 10000 trials
Stage 2B,P1-delay,"between-order ratio of the time-dependent first-generation count E Z1 at tau0 = 2.0/rho  [THE RESULT, per ruling 1]",1.8751663,1.87402,,+-0.00539 (sem over 24 backgrounds),,REPORTED (replaces the failed registered sentence),E (estimand mismatch),crowd1_stage2b_archive,100000,24 backgrounds x 10000 trials
Stage 2B,P1-delay,"between-order ratio of the time-dependent first-generation count E Z1 at tau0 = 5.0/rho  [THE RESULT, per ruling 1]",1.9651325,1.95918,,+-0.00411 (sem over 24 backgrounds),,REPORTED (replaces the failed registered sentence),E (estimand mismatch),crowd1_stage2b_archive,100000,24 backgrounds x 10000 trials
Stage 2B,P1-delay,"between-order ratio of the time-dependent first-generation count E Z1 at tau0 = 10.0/rho  [THE RESULT, per ruling 1]",1.9698145,1.96282,,+-0.00624 (sem over 24 backgrounds),,REPORTED (replaces the failed registered sentence),E (estimand mismatch),crowd1_stage2b_archive,100000,24 backgrounds x 10000 trials
Stage 2B,P1-delay,"between-order ratio of the FROZEN-BACKGROUND PROXY at tau0 = 0.0/rho  [named as a proxy, not the result]",1.0000000,1.00044,,+-0.00406,,REPORTED (proxy),E (estimand mismatch),crowd1_stage2b_archive,100000,24 backgrounds x 10000 trials
Stage 2B,P1-delay,"between-order ratio of the FROZEN-BACKGROUND PROXY at tau0 = 0.5/rho  [named as a proxy, not the result]",1.3816048,1.38347,,+-0.00424,,REPORTED (proxy),E (estimand mismatch),crowd1_stage2b_archive,100000,24 backgrounds x 10000 trials
Stage 2B,P1-delay,"between-order ratio of the FROZEN-BACKGROUND PROXY at tau0 = 1.0/rho  [named as a proxy, not the result]",1.6130598,1.61747,,+-0.00492,,REPORTED (proxy),E (estimand mismatch),crowd1_stage2b_archive,100000,24 backgrounds x 10000 trials
Stage 2B,P1-delay,"between-order ratio of the FROZEN-BACKGROUND PROXY at tau0 = 2.0/rho  [named as a proxy, not the result]",1.8385919,1.83554,,+-0.00603,,REPORTED (proxy),E (estimand mismatch),crowd1_stage2b_archive,100000,24 backgrounds x 10000 trials
Stage 2B,P1-delay,"between-order ratio of the FROZEN-BACKGROUND PROXY at tau0 = 5.0/rho  [named as a proxy, not the result]",1.9633115,1.96366,,+-0.00501,,REPORTED (proxy),E (estimand mismatch),crowd1_stage2b_archive,100000,24 backgrounds x 10000 trials
Stage 2B,P1-delay,"between-order ratio of the FROZEN-BACKGROUND PROXY at tau0 = 10.0/rho  [named as a proxy, not the result]",1.9698023,1.96477,,+-0.00608,,REPORTED (proxy),E (estimand mismatch),crowd1_stage2b_archive,100000,24 backgrounds x 10000 trials
Stage 2B,P4,"critical fraction f_c at lambda = 1.6 from the independent kinetic reference  [THE REFERENCE VALUE, per ruling 2; FLOOR-CORRECTED, c_min 1e-3 -> 1e-5]",(Appendix F value WITHDRAWN),0.132681,,+-9.34e-04 (h; horizon sensitivity 0) +-1.53e-06 (floor),,REPORTED (reference),"A (error in the registered prediction). Floor shift -5.264e-05, h-independent to 5.6e-17; supersedes the floor-1e-3 value 0.132734. Still overlaps the agent f_50 interval: True; still disjoint from the withdrawn Appendix F value: True. No verdict attached to this row, and none changed.",crowd1_stage2b_archive,mean field (N -> inf),-
Stage 2B,P4,"critical fraction f_c at lambda = 1.75 from the independent kinetic reference  [THE REFERENCE VALUE, per ruling 2; FLOOR-CORRECTED, c_min 1e-3 -> 1e-5]",(Appendix F value WITHDRAWN),0.044069,,+-4.84e-04 (h; horizon sensitivity 0) +-1.22e-06 (floor),,REPORTED (reference),"A (error in the registered prediction). Floor shift -2.747e-05, h-independent to 6.9e-18; supersedes the floor-1e-3 value 0.044097. Still overlaps the agent f_50 interval: True; still disjoint from the withdrawn Appendix F value: True. No verdict attached to this row, and none changed.",crowd1_stage2b_archive,mean field (N -> inf),-
Stage 2B,P4,"critical fraction f_c at lambda = 1.9 from the independent kinetic reference  [THE REFERENCE VALUE, per ruling 2; FLOOR-CORRECTED, c_min 1e-3 -> 1e-5]",(Appendix F value WITHDRAWN),0.007082,,+-2.61e-04 (h; horizon sensitivity 0) +-8.54e-07 (floor),,REPORTED (reference),"A (error in the registered prediction). Floor shift -1.196e-05, h-independent to 0.0e+00; supersedes the floor-1e-3 value 0.007094. Still overlaps the agent f_50 interval: True; still disjoint from the withdrawn Appendix F value: True. No verdict attached to this row, and none changed.",crowd1_stage2b_archive,mean field (N -> inf),-
Stage 2B,P6 case A,"t_dagger at A_f = 0.5603, kinetic reference: FLOOR AUDIT",70.3 +- 0.1 (registered),70.327688 (unchanged),,"+-0.024355 (h) ; matched-h floor shift over c_min 1e-2 -> 1e-4 ONLY = +1.371e-04 (0.56% of the h error); the 2e-2 -> 1e-2 step is not quantified, so this is a measured partial shift, NOT a bound on the floor error",,"REPORTED (floor audit, no verdict)","floor as run 2e-2, 20x coarser than the default. NO BOUND IS CLAIMED on the total floor effect: the matched-h shift from c_min 1e-2 to 1e-4 is MEASURED at +1.371e-4, but the 2e-2 -> 1e-2 step -- the one that separates the floor actually used from the measured range -- is NOT quantified, because 2e-2 is not commensurate with 1e-2 and 1e-4 (U2/U1 = 2 exactly there) and an unmatched comparison is confounded by the adjusted h. t_dagger is reported unchanged at 70.327688 +- 0.024355 (h) with the floor contribution UNQUANTIFIED. Quantifying it needs a floor ladder at every rung of the h-ladder (436 counter slabs at c_min = 1e-4); deliberately not run.",crowd1_stage2b_archive,mean field (N -> inf),-
Stage 2B,P6 case B,"t* at A = 0.325, kinetic reference [FLOOR-CORRECTED, c_min 1e-2 -> 1e-4, matched h]",(no registered value; this is the reference),12.905457,,+-0.003053 (h) +-<1e-7 (floor),,REPORTED (reference),matched-h floor effect +6.886e-05; supersedes the floor-1e-2 value 12.905389. The case B PASS verdicts were re-checked against the corrected value and both still PASS.,crowd1_stage2b_archive,mean field (N -> inf),-
Stage 2B,P6 case B,"Lambda* at A = 0.325, kinetic reference [FLOOR-CORRECTED, c_min 1e-2 -> 1e-4, matched h]",(no registered value; this is the reference),25.428608,,+-0.013437 (h) +-<1e-7 (floor),,REPORTED (reference),matched-h floor effect +1.225e-04; supersedes the floor-1e-2 value 25.428485. The case B PASS verdicts were re-checked against the corrected value and both still PASS.,crowd1_stage2b_archive,mean field (N -> inf),-
Stage 2,A6 multiple testing,"Holm-adjusted endpoint p-value for P1 (9 rows), RULED reading B: p_endpoint = min(1, m * min_row_p), then Holm across the six primary endpoints","(no predicted value; this is the pass rule, not a quantity)",1,,"superseded reading A (bare min_row_p, as originally run): endpoint p 1, Holm 1",reject at 0.05,"REPORTED (pass rule, no verdict)",does not reject at 0.05 under either reading,crowd1_stage2_archive,-,9 registered rows in this endpoint
Stage 2,A6 multiple testing,"Holm-adjusted endpoint p-value for P1-delay (3 rows), RULED reading B: p_endpoint = min(1, m * min_row_p), then Holm across the six primary endpoints","(no predicted value; this is the pass rule, not a quantity)",1,,"superseded reading A (bare min_row_p, as originally run): endpoint p 0.878411, Holm 1",reject at 0.05,"REPORTED (pass rule, no verdict)",does not reject at 0.05 under either reading,crowd1_stage2_archive,-,3 registered rows in this endpoint
Stage 2,A6 multiple testing,"Holm-adjusted endpoint p-value for P2 (8 rows), RULED reading B: p_endpoint = min(1, m * min_row_p), then Holm across the six primary endpoints","(no predicted value; this is the pass rule, not a quantity)",1,,"superseded reading A (bare min_row_p, as originally run): endpoint p 1, Holm 1",reject at 0.05,"REPORTED (pass rule, no verdict)",does not reject at 0.05 under either reading,crowd1_stage2_archive,-,8 registered rows in this endpoint
Stage 2,A6 multiple testing,"Holm-adjusted endpoint p-value for P3 (7 rows), RULED reading B: p_endpoint = min(1, m * min_row_p), then Holm across the six primary endpoints","(no predicted value; this is the pass rule, not a quantity)",1,,"superseded reading A (bare min_row_p, as originally run): endpoint p 1, Holm 1",reject at 0.05,"REPORTED (pass rule, no verdict)",does not reject at 0.05 under either reading,crowd1_stage2_archive,-,7 registered rows in this endpoint
Stage 2,A6 multiple testing,"Holm-adjusted endpoint p-value for P4 (7 rows), RULED reading B: p_endpoint = min(1, m * min_row_p), then Holm across the six primary endpoints","(no predicted value; this is the pass rule, not a quantity)",1.52241e-24,,"superseded reading A (bare min_row_p, as originally run): endpoint p 3.62479e-26, Holm 2.17487e-25",reject at 0.05,"REPORTED (pass rule, no verdict)",rejects at 0.05 under both readings,crowd1_stage2_archive,-,7 registered rows in this endpoint
Stage 2,A6 multiple testing,"Holm-adjusted endpoint p-value for P6 (1 rows), RULED reading B: p_endpoint = min(1, m * min_row_p), then Holm across the six primary endpoints","(no predicted value; this is the pass rule, not a quantity)",1,,"superseded reading A (bare min_row_p, as originally run): endpoint p 1, Holm 1",reject at 0.05,"REPORTED (pass rule, no verdict)",does not reject at 0.05 under either reading,crowd1_stage2_archive,-,1 registered rows in this endpoint
Stage 2,A6 sampling design,replicate-count rule and interval construction actually used across Stage 2 and Stage 3,(A6 is silent on the sample-size rule and on pooling),"pilot of 50; need = ceil((1.96/target)^2 * max(p_hat*(1-p_hat), floor_var)) then need = min(max(need, pilot), cap); target = 0.03 and floor_var = 0.01 for P1 (_p1_pop), target = 0.02 and floor_var = 0.004 for P2 (_generic_pop); pilot = 50, CAP = 1200 replicates. The PILOT IS POOLED into every reported estimate; fixed-sample Wilson and t intervals throughout",,"final sample size is data-dependent through need(p_hat from the pilot), so fixed-sample nominal coverage is not automatic. The cap never bound: the largest realized count anywhere is 1157. The N = 1e6 diagnostic cells at lambda = 2 are OUTSIDE this rule: fixed 50-run design, not piloted and not extended, no precision target and no meets_target flag; the adaptive rule at the realised 18/50 would have asked for 984 replicates",-,"REPORTED (disclosure, no verdict)","coverage under the realized adaptive design NOT ASSESSED; replicate counts and the meets_target flags are reported beside every number. A 0/50 cell has Wilson interval [0, 0.071348]: upper endpoint 0.071348, HALF-WIDTH 0.035674. The half-width is the quantity the A4a targets bound and it exceeds both, 0.0357 > 0.03 (P1) and > 0.02 (P2). Such cells are never extended, because the variance floor gives need = 43 (P1) / 39 (P2) < pilot when p_hat = 0","crowd1_stage2_archive, crowd1_stage3_* archives",-,"50 pilot, extended per item to at most the cap"
Stage 2,A6 sampling design,"realised precision for P1 (40, 140, 50): Wilson half-width against the +-0.03 A4a target",target half-width 0.03,"0.031494  (440/958, p_hat = 0.459290)",+0.001494,pilot 17/50 sized need = 958; at the realised p_hat the rule would have asked for 1061 (+103),0.03,"REPORTED (disclosure, no verdict)","TARGET MISSED: need is computed once from the pilot's p_hat and never revised, and the realised p_hat(1-p_hat) came out above the pilot's estimate; meets_target flag recorded as False; cap 1200 not reached",crowd1_stage2_archive,100000,958 (50 pilot pooled + extension)
Stage 2,A6 sampling design,"realised precision for P1 (40, 50, 140): Wilson half-width against the +-0.03 A4a target",target half-width 0.03,"0.029284  (345/1006, p_hat = 0.342942)",-0.000716,pilot 19/50 sized need = 1006; at the realised p_hat the rule would have asked for 962 (-44),0.03,"REPORTED (disclosure, no verdict)",TARGET MET; meets_target flag recorded as True; cap 1200 not reached,crowd1_stage2_archive,100000,1006 (50 pilot pooled + extension)
Stage 2,A6 sampling design,"realised precision for P1 (40, 140, 50): Wilson half-width against the +-0.03 A4a target",target half-width 0.03,"0.036822  (275/315, p_hat = 0.873016)",+0.006822,pilot 46/50 sized need = 315; at the realised p_hat the rule would have asked for 474 (+159),0.03,"REPORTED (disclosure, no verdict)","TARGET MISSED: need is computed once from the pilot's p_hat and never revised, and the realised p_hat(1-p_hat) came out above the pilot's estimate; meets_target flag recorded as False; cap 1200 not reached",crowd1_stage2_archive,100000,315 (50 pilot pooled + extension)
Stage 2,A6 sampling design,"realised precision for P1 (140, 40, 50) (held out): Wilson half-width against the +-0.03 A4a target",target half-width 0.03,"0.030133  (504/1052, p_hat = 0.479087)",+0.000133,pilot 22/50 sized need = 1052; at the realised p_hat the rule would have asked for 1066 (+14),0.03,"REPORTED (disclosure, no verdict)","TARGET MISSED: need is computed once from the pilot's p_hat and never revised, and the realised p_hat(1-p_hat) came out above the pilot's estimate; meets_target flag recorded as False; cap 1200 not reached",crowd1_stage2_archive,100000,1052 (50 pilot pooled + extension)
Stage 2,A6 sampling design,"realised precision for P2 (10, 30, 20): Wilson half-width against the +-0.02 A4a target",target half-width 0.02,"0.014237  (75/1157, p_hat = 0.064823)",-0.005763,pilot 7/50 sized need = 1157; at the realised p_hat the rule would have asked for 583 (-574),0.02,"REPORTED (disclosure, no verdict)",TARGET MET; meets_target flag recorded as True; cap 1200 not reached,crowd1_stage2_archive,100000,1157 (50 pilot pooled + extension)
Stage 2B,class-2 fold,"lambda_fold of the class-2 fold at alpha = 0.5, c_b = 0.3, eps = 1, r = 1, from min_nu nu/P_nu on the EXACT C2.11-C2.14 stationary law","1.48251 (manuscript figure, no registered tolerance)",1.482508331,-1.67e-06,"+-1.0e-11 (Gauss-Legendre node ladder, 1600 nodes)",(none registered),REPORTED (no registered tolerance),"agrees with the manuscript to its printed precision; supersedes the measure-solver value, BUGLOG S2B-4 category B",crowd1_stage2b_archive,mean field (N -> inf),-
Stage 2B,class-2 fold,"nu_f of the class-2 fold at alpha = 0.5, c_b = 0.3, eps = 1, r = 1, from min_nu nu/P_nu on the EXACT C2.11-C2.14 stationary law","0.556791 (manuscript figure, no registered tolerance)",0.556791422,+4.22e-07,"+-1.7e-09 (Gauss-Legendre node ladder, 1600 nodes)",(none registered),REPORTED (no registered tolerance),"agrees with the manuscript to its printed precision; supersedes the measure-solver value, BUGLOG S2B-4 category B",crowd1_stage2b_archive,mean field (N -> inf),-
Stage 2B,class-2 fold,"A_fold of the class-2 fold at alpha = 0.5, c_b = 0.3, eps = 1, r = 1, from min_nu nu/P_nu on the EXACT C2.11-C2.14 stationary law","0.375574 (manuscript figure, no registered tolerance)",0.375573891,-1.09e-07,"+-1.1e-09 (Gauss-Legendre node ladder, 1600 nodes)",(none registered),REPORTED (no registered tolerance),"agrees with the manuscript to its printed precision; supersedes the measure-solver value, BUGLOG S2B-4 category B",crowd1_stage2b_archive,mean field (N -> inf),-
Stage 2B,P6 case B,"P6 case B Lambda* at A = 0.325 (mean of replicate crossings)  [declared trajectory marker, per ruling 3]",25.42849,25.43130,+0.00281,"[-0.00760, +0.01322]",1.27142,PASS,,crowd1_stage2b_archive,100000,50
Stage 2B,P6 case B,"P6 case B Lambda* at A = 0.325 (crossing of the mean trajectory)  [declared trajectory marker, per ruling 3]",25.42849,25.43138,+0.00289,"[-0.00782, +0.01286]",1.27142,PASS,,crowd1_stage2b_archive,100000,50
Stage 3 P10,P10,"Lux coefficient map (H, J, D) measured from conviction drift and lagged increment variance on the active branch","H = 2.5, J = 0.8, D = 1.367",NOT MEASURED - no simulation was run,,,delta = 2% (never applied),"WITHDRAWN, NOT RUN",,crowd1_stage3_P10_archive,-,-
Stage 3 P10,P10,"algebraic check of the registered coefficients against Appendix C C6.1/C6.5/C6.6  [derivation check, NOT a numerical certification]","H = 2.5, J = 0.8, D = 1.367","H = 2.500000000, J = 0.800000000, D = 1.366666667","H +0.0e+00, J -2.2e-16, D -3.3e-04 (rounding of the registered figures)",,,"REPORTED (derivation check, no verdict)",,crowd1_stage3_P10_archive,"mean field, h -> 0",-
Stage 3 P8,P8,median extinction time at N = 100 (right-censored at T_max = 2000),no number registered,median > T_max = 2000,,0/100 extinguished,,REPORTED (no verdict),,crowd1_stage3_P8_archive,100,100
Stage 3 P8,P8,median extinction time at N = 200 (right-censored at T_max = 2000),no number registered,median > T_max = 2000,,0/100 extinguished,,REPORTED (no verdict),,crowd1_stage3_P8_archive,200,100
Stage 3 P8,P8,median extinction time at N = 400 (right-censored at T_max = 2000),no number registered,median > T_max = 2000,,0/100 extinguished,,REPORTED (no verdict),,crowd1_stage3_P8_archive,400,100
Stage 3 P8,P8,median extinction time at N = 800 (right-censored at T_max = 2000),no number registered,median > T_max = 2000,,0/100 extinguished,,REPORTED (no verdict),,crowd1_stage3_P8_archive,800,100
Crowd-2 Stage 2A,C2-02,"all 124 CROWD-1 Stage 1 rows re-run on the CROWD-2 engine, market layer present, source disarmed, positions logged",every verdict unchanged,"124 rows compared, 0 verdict changes, 0 numeric changes",0,"exact, bitwise",0,PASS,,crowd2_stage2a_archive,as CROWD-1 Stage 1,as CROWD-1 Stage 1
Crowd-2 Stage 2A,C2-01(a),"C2-01(a) inversion = thinning on the DISCRETE path, u = h_max",0.0,0.0,0.0,"[+0, +0]",0.0,PASS,,crowd2_stage2a_archive,2000,12
Crowd-2 Stage 2A,C2-01(a),"C2-01(a) source event times, inversion against thinning",0.0,8.029132914089132e-13,8.029132914089132e-13,"[+8.029e-13, +8.029e-13]",6.263345397883313e-10,PASS,,crowd2_stage2a_archive,2000,12
Crowd-2 Stage 2A,C2-01(b),"C2-01(b) compensator E[n_source - N Lambda(T)] = 0, inversion",0.0,-3.6167004730259578,-3.6167004730259578,"[-25.79, +18.56]",35.45123940005483,PASS,,crowd2_stage2a_archive,2000,200
Crowd-2 Stage 2A,C2-01(b),"C2-01(b) compensator E[n_source - N Lambda(T)] = 0, thinning",0.0,3.194937048838292,3.194937048838292,"[-19.05, +25.44]",35.484541000272216,PASS,,crowd2_stage2a_archive,2000,200
Crowd-2 Stage 2A,C2-01(c),"C2-01(c) receipt count, inversion minus thinning, feedback source",0.0,-29.415000000000873,-29.415000000000873,"[-198.8, +140]",259.2802791539801,PASS,,crowd2_stage2a_archive,2000,200
Crowd-2 Stage 2A,C2-01(d),"C2-01(d) Lambda(T) = omega (T - t_e) in closed form, inversion",0.0,0.0,0.0,"[+0, +0]",0.0,PASS,,crowd2_stage2a_archive,2000,200
Crowd-2 Stage 2A,C2-01(d),"C2-01(d) receipt count against the exact Poisson mean, inversion",70000.0,70001.22,1.2200000000011642,"[-35.76, +38.2]",56.599496792691795,PASS,,crowd2_stage2a_archive,2000,200
Crowd-2 Stage 2A,C2-03,C2-03 R5 P(accept | phi = 0 (T)) = closed form,0.0,0.0,0.0,"[+0, +2.219e-05]",0.007210955128463433,PASS,,crowd2_stage2a_archive,1,1
Crowd-2 Stage 2A,C2-03,C2-03 R5 deposit and projection | phi = 0 (T),0.0,0.0,0.0,"[+0, +0]",0.0,PASS,,crowd2_stage2a_archive,1,173084
Crowd-2 Stage 2A,C2-03,C2-03 R5 P(accept | phi = 90 (Tperp)) = closed form,1.0,1.0,0.0,"[-2.223e-05, -1.11e-16]",0.007216419000966447,PASS,,crowd2_stage2a_archive,1,1
Crowd-2 Stage 2A,C2-03,C2-03 R5 deposit and projection | phi = 90 (Tperp),0.0,0.0,0.0,"[+0, +0]",0.0,PASS,,crowd2_stage2a_archive,1,172822
Crowd-2 Stage 2A,C2-03,C2-03 R5 P(accept | phi = +delta) = closed form,0.24999999999999994,0.24966288363263864,-0.00033711636736130646,"[-0.002372, +0.001709]",0.0072171080797208105,PASS,,crowd2_stage2a_archive,1,1
Crowd-2 Stage 2A,C2-03,C2-03 R5 deposit and projection | phi = +delta,0.0,0.0,0.0,"[+0, +0]",0.0,PASS,,crowd2_stage2a_archive,1,172789
Crowd-2 Stage 2A,C2-03,C2-03 R5 P(accept | phi = -delta) = closed form,0.24999999999999994,0.25032828326651974,0.000328283266519791,"[-0.001708, +0.002376]",0.007215437926424846,PASS,,crowd2_stage2a_archive,1,1
Crowd-2 Stage 2A,C2-03,C2-03 R5 deposit and projection | phi = -delta,0.0,0.0,0.0,"[+0, +0]",0.0,PASS,,crowd2_stage2a_archive,1,172869
Crowd-2 Stage 2A,C2-03,C2-03 R5 P(accept | phi = 90+delta) = closed form,0.7500000000000001,0.7526796554315778,0.0026796554315776655,"[+0.0006408, +0.004707]",0.00721333101295651,PASS,,crowd2_stage2a_archive,1,1
Crowd-2 Stage 2A,C2-03,C2-03 R5 deposit and projection | phi = 90+delta,0.0,0.0,0.0,"[+0, +0]",0.0,PASS,,crowd2_stage2a_archive,1,172970
Crowd-2 Stage 2A,C2-03,C2-03 R5 P(accept | phi = 90-delta) = closed form,0.7500000000000001,0.7501112813249704,0.00011128132497029153,"[-0.001934, +0.002146]",0.007213018262397577,PASS,,crowd2_stage2a_archive,1,1
Crowd-2 Stage 2A,C2-03,C2-03 R5 deposit and projection | phi = 90-delta,0.0,0.0,0.0,"[+0, +0]",0.0,PASS,,crowd2_stage2a_archive,1,172985
Crowd-2 Stage 2A,C2-04,"C2-04 R3(i) Q(t) = Q(t_e) for all t >= t_e, kappa = 0, invariant sector",0.0,0.0,0.0,"[+0, +0]",0.0,PASS,,crowd2_stage2a_archive,2000,72
Crowd-2 Stage 2A,C2-05,"C2-05 R4 N dQ from the event log = logged Q path, hold map",0.0,0.0,0.0,"[+0, +0]",0.0,PASS,,crowd2_stage2a_archive,2000,12
Crowd-2 Stage 2A,C2-05,"C2-05 R4 decomposition formula, hold map",0.0,0.0,0.0,"[+0, +0]",0.0,PASS,,crowd2_stage2a_archive,2000,12
Crowd-2 Stage 2A,C2-05,"C2-05 R4 N dQ from the event log = logged Q path, activity map",0.0,0.0,0.0,"[+0, +0]",0.0,PASS,,crowd2_stage2a_archive,2000,12
Crowd-2 Stage 2A,C2-05,"C2-05 R4 decomposition formula, activity map",0.0,0.0,0.0,"[+0, +0]",0.0,PASS,,crowd2_stage2a_archive,2000,12
Crowd-2 Stage 2A,C2-06,"C2-06 R12 claim met: no source receipt, zero integrated hazard, Q constant",0.0,0.0,0.0,"[+0, +0]",0.0,PASS,,crowd2_stage2a_archive,2000,24
Crowd-2 Stage 2A,C2-07,C2-07 R13 automaton = process pathwise (full state + event log),0.0,0.0,0.0,"[+0, +0]",0.0,PASS,,crowd2_stage2a_archive,2000,12
Crowd-2 Stage 2A,C2-08(a),"C2-08(a) superseded reading, certified where it holds: provably inert source, every nonsource event identical",0.0,0.0,0.0,"[+0, +0]",0.0,PASS,,crowd2_stage2a_archive,2000,12
Crowd-2 Stage 2A,C2-08(b),"C2-08(b) CRITERION (memo D9), source acting, lambda = 0: driving randomness preserved, primitive clocks identical",0.0,0.0,0.0,"[+0, +0]",0.0,PASS,,crowd2_stage2a_archive,2000,12
Crowd-2 Stage 2A,C2-08(d),"C2-08(d) every realized nonsource event identical, source acting [INFORMATIONAL, superseded criterion]",0.0,12.0,12.0,"[+12, +12]",0.0,"REPORTED (informational, no verdict)",,crowd2_stage2a_archive,2000,12
Crowd-2 Stage 2A,C2-08(c),"C2-08(c) CRITERION (memo D9), lambda > 0: driving randomness preserved, primitive clocks identical",0.0,0.0,0.0,"[+0, +0]",0.0,PASS,,crowd2_stage2a_archive,2000,12
Crowd-2 Stage 2B,C2-09(A),C2-09(A) P_flip(omega = 0.001) against the referee target,4e-05,3.3333333333333335e-05,-6.666666666666668e-06,"[-6.667e-06, -6.667e-06]",3.1622249551014974e-05,PASS,,crowd2_stage2b_archive,1,300000
Crowd-2 Stage 2B,C2-09(A),C2-09(A) P_flip(omega = 1) against the referee target,0.033987,0.033826666666666665,-0.0001603333333333387,"[-0.0001603, -0.0001603]",0.000990188213758711,PASS,,crowd2_stage2b_archive,1,300000
Crowd-2 Stage 2B,C2-09(A),C2-09(A) P_flip(omega = 10) against the referee target,0.054133,0.05321666666666667,-0.0009163333333333315,"[-0.0009163, -0.0009163]",0.00122944686410868,PASS,,crowd2_stage2b_archive,1,300000
Crowd-2 Stage 2B,C2-09(A),C2-09(A) P_flip(omega = 100) against the referee target,0.01214,0.011746666666666667,-0.00039333333333333234,"[-0.0003933, -0.0003933]",0.0005901359798103033,PASS,,crowd2_stage2b_archive,1,300000
Crowd-2 Stage 2B,C2-09(A),C2-09(A) P_flip(omega = 10000) against the referee target,0.00014,0.00016666666666666666,2.6666666666666673e-05,"[+2.667e-05, +2.667e-05]",7.070478531660121e-05,PASS,,crowd2_stage2b_archive,1,300000
Crowd-2 Stage 2B,C2-09(B),C2-09(B) P_flip(omega = 0.001) against the referee target,0.124813,0.12525333333333333,0.00044033333333333424,"[+0.0004403, +0.0004403]",0.0018129942290770443,PASS,,crowd2_stage2b_archive,1,300000
Crowd-2 Stage 2B,C2-09,C2-09 largest standard error over the five rates,0.000414,0.00040981562136956,-4.184378630440002e-06,"[-4.184e-06, -4.184e-06]",8.28e-06,PASS,,crowd2_stage2b_archive,1,300000
Crowd-2 Stage 2B,C2-11,C2-11 four clustered acceptances reverse while K* = 2 (exact arithmetic),0.0,0.0,0.0,"[+0, +0]",0.0,PASS,,crowd2_stage2b_archive,1,1
Crowd-2 Stage 2B,C2-11,"C2-11 reversals on the 4th acceptance exist while K* = 2, omega = 100",0.0,0.0,0.0,"[+0, +0]",0.0,PASS,,crowd2_stage2b_archive,1,718
Crowd-2 Stage 2B,C2-11,"C2-11 reversals on the 4th acceptance exist while K* = 2, omega = 1000",0.0,0.0,0.0,"[+0, +0]",0.0,PASS,,crowd2_stage2b_archive,1,88
Crowd-2 Stage 2B,C2-10,C2-10 bound 1 - (omega/(omega+kappa))^(K*) holds at every swept omega,0.0,0.0,0.0,"[+0, +0]",0.0,PASS,,crowd2_stage2b_archive,1,25
Crowd-2 Stage 2B,C2-2B.5,2B.5 threshold-tie exclusions reported,0.0,0.0,0.0,"[+0, +0]",0.0,PASS,,crowd2_stage2b_archive,1,24
Crowd-2 Stage 2B,C2-12,C2-12 corrected R8.3 positivity construction: P_flip > 0 at finite omega with c0 = 0.8 inside the sector,0.0,0.0,0.0,"[+0, +0]",0.0,PASS,,crowd2_stage2b_archive,1,300000
