D,N,diff_c,diff_n,diff_outcomes,diff_s,law,order,seed,test
15,100000,0,0,0,0,I1,1,2006879063391559244,A5
15,100000,0,0,0,0,I1,1,5643866278498915331,A5
15,100000,0,0,0,0,I1,1,6909195525796561266,A5
15,100000,0,0,0,0,I1,1,9409275663939087399,A5
15,100000,0,0,0,0,I1,1,15849598404085521094,A5
15,100000,0,0,0,0,I2,1,18373557959884390636,A5
15,100000,0,0,0,0,I2,1,16344013611300325426,A5
15,100000,0,0,0,0,I2,1,5269600671688175339,A5
15,100000,0,0,0,0,I2,1,2260099203743200250,A5
15,100000,0,0,0,0,I2,1,16018955893888394169,A5
15,100000,0,0,0,0,I3,1,7613820410364705791,A5
15,100000,0,0,0,0,I3,1,6994373417979778646,A5
15,100000,0,0,0,0,I3,1,10862835940602241954,A5
15,100000,0,0,0,0,I3,1,951169380254462344,A5
15,100000,0,0,0,0,I3,1,11279168697583036301,A5
15,100000,0,0,0,0,I1,2,4962989774787081504,A5
15,100000,0,0,0,0,I1,2,18414626519917441330,A5
15,100000,0,0,0,0,I1,2,18312943739458895726,A5
15,100000,0,0,0,0,I1,2,12693684042573822527,A5
15,100000,0,0,0,0,I1,2,4531581564207053414,A5
15,100000,0,0,0,0,I2,2,13650742511083826726,A5
15,100000,0,0,0,0,I2,2,1354867739082530896,A5
15,100000,0,0,0,0,I2,2,6856113009413328274,A5
15,100000,0,0,0,0,I2,2,10888209045655042494,A5
15,100000,0,0,0,0,I2,2,18441408816642593936,A5
15,100000,0,0,0,0,I3,2,18101142909485333301,A5
15,100000,0,0,0,0,I3,2,15569994176237179498,A5
15,100000,0,0,0,0,I3,2,4018021720082888630,A5
15,100000,0,0,0,0,I3,2,14098739521797235715,A5
15,100000,0,0,0,0,I3,2,11769199289178893201,A5
30,100000,0,0,0,0,I1,1,10627302662353523474,A5
30,100000,0,0,0,0,I1,1,9623815197010090443,A5
30,100000,0,0,0,0,I1,1,360149504100549238,A5
30,100000,0,0,0,0,I1,1,128000812213424161,A5
30,100000,0,0,0,0,I1,1,16260404338988633542,A5
30,100000,0,0,0,0,I2,1,2066412319821578956,A5
30,100000,0,0,0,0,I2,1,12226379508721435654,A5
30,100000,0,0,0,0,I2,1,10286919485863875299,A5
30,100000,0,0,0,0,I2,1,13473900989104633067,A5
30,100000,0,0,0,0,I2,1,2433308194359994703,A5
30,100000,0,0,0,0,I3,1,16838864184457090395,A5
30,100000,0,0,0,0,I3,1,3386998256766763586,A5
30,100000,0,0,0,0,I3,1,14294306430890878987,A5
30,100000,0,0,0,0,I3,1,1102795423028263663,A5
30,100000,0,0,0,0,I3,1,9868221109456308057,A5
30,100000,0,0,0,0,I1,2,9256363775367434710,A5
30,100000,0,0,0,0,I1,2,14418234218069534814,A5
30,100000,0,0,0,0,I1,2,12324614028215682596,A5
30,100000,0,0,0,0,I1,2,70292960767867750,A5
30,100000,0,0,0,0,I1,2,18233878540711797295,A5
30,100000,0,0,0,0,I2,2,6057519141387617807,A5
30,100000,0,0,0,0,I2,2,3172903827259091024,A5
30,100000,0,0,0,0,I2,2,3356075909732861325,A5
30,100000,0,0,0,0,I2,2,16055159443937583380,A5
30,100000,0,0,0,0,I2,2,9605529622854399928,A5
30,100000,0,0,0,0,I3,2,8901916788854966875,A5
30,100000,0,0,0,0,I3,2,16753799262183712460,A5
30,100000,0,0,0,0,I3,2,10747323456514791140,A5
30,100000,0,0,0,0,I3,2,11069147183283003952,A5
30,100000,0,0,0,0,I3,2,11958721507687088373,A5
45,100000,0,0,0,0,I1,1,17780907023879725510,A5
45,100000,0,0,0,0,I1,1,8438529627802032164,A5
45,100000,0,0,0,0,I1,1,4296369960316758605,A5
45,100000,0,0,0,0,I1,1,16136108932875601652,A5
45,100000,0,0,0,0,I1,1,17935285020774160905,A5
45,100000,0,0,0,0,I2,1,15668836529593066972,A5
45,100000,0,0,0,0,I2,1,18242794154602234259,A5
45,100000,0,0,0,0,I2,1,13394092468653960251,A5
45,100000,0,0,0,0,I2,1,8092175384101691658,A5
45,100000,0,0,0,0,I2,1,14154322858741149019,A5
45,100000,0,0,0,0,I3,1,14915996270713438044,A5
45,100000,0,0,0,0,I3,1,16698099788817378318,A5
45,100000,0,0,0,0,I3,1,9724761306714007869,A5
45,100000,0,0,0,0,I3,1,3183110606403922207,A5
45,100000,0,0,0,0,I3,1,2977695317715856902,A5
45,100000,0,0,0,0,I1,2,767488095163077862,A5
45,100000,0,0,0,0,I1,2,3894920941454610897,A5
45,100000,0,0,0,0,I1,2,9570708143812121060,A5
45,100000,0,0,0,0,I1,2,2155355109068472860,A5
45,100000,0,0,0,0,I1,2,12774047921364977946,A5
45,100000,0,0,0,0,I2,2,166581690061136678,A5
45,100000,0,0,0,0,I2,2,15088440903453405267,A5
45,100000,0,0,0,0,I2,2,8182798871260924865,A5
45,100000,0,0,0,0,I2,2,116302565824747553,A5
45,100000,0,0,0,0,I2,2,16521489527172435183,A5
45,100000,0,0,0,0,I3,2,13008253425517396295,A5
45,100000,0,0,0,0,I3,2,5514386464938148892,A5
45,100000,0,0,0,0,I3,2,4938405517111759094,A5
45,100000,0,0,0,0,I3,2,6573096791121372529,A5
45,100000,0,0,0,0,I3,2,5219481510139752168,A5
60,100000,0,0,0,0,I1,1,183395980017830512,A5
60,100000,0,0,0,0,I1,1,9953204763751657431,A5
60,100000,0,0,0,0,I1,1,8615711418527649535,A5
60,100000,0,0,0,0,I1,1,13394659387756137124,A5
60,100000,0,0,0,0,I1,1,16562080624173977872,A5
60,100000,0,0,0,0,I2,1,8363119309987833905,A5
60,100000,0,0,0,0,I2,1,3905293169678072563,A5
60,100000,0,0,0,0,I2,1,12364112000474139935,A5
60,100000,0,0,0,0,I2,1,10077389305406600904,A5
60,100000,0,0,0,0,I2,1,12377206255504329511,A5
60,100000,0,0,0,0,I3,1,7117507700510523494,A5
60,100000,0,0,0,0,I3,1,2886000955490085996,A5
60,100000,0,0,0,0,I3,1,9342065983787766739,A5
60,100000,0,0,0,0,I3,1,12721077054444368932,A5
60,100000,0,0,0,0,I3,1,936743088440755602,A5
60,100000,0,0,0,0,I1,2,8280058464691038154,A5
60,100000,0,0,0,0,I1,2,3912155565342450750,A5
60,100000,0,0,0,0,I1,2,6879839901451424137,A5
60,100000,0,0,0,0,I1,2,1628487108340536975,A5
60,100000,0,0,0,0,I1,2,6463818222840121525,A5
60,100000,0,0,0,0,I2,2,13685097966266185447,A5
60,100000,0,0,0,0,I2,2,264537120628651514,A5
60,100000,0,0,0,0,I2,2,13151596633144643873,A5
60,100000,0,0,0,0,I2,2,16292237465446833954,A5
60,100000,0,0,0,0,I2,2,11433805698047098594,A5
60,100000,0,0,0,0,I3,2,2984722027012295039,A5
60,100000,0,0,0,0,I3,2,4587045433808722511,A5
60,100000,0,0,0,0,I3,2,11118219365236993980,A5
60,100000,0,0,0,0,I3,2,13782352110815092982,A5
60,100000,0,0,0,0,I3,2,3144983143195899497,A5
75,100000,0,0,0,0,I1,1,8389180822325185612,A5
75,100000,0,0,0,0,I1,1,2312895512037055907,A5
75,100000,0,0,0,0,I1,1,9716501267669759113,A5
75,100000,0,0,0,0,I1,1,3049094948428086842,A5
75,100000,0,0,0,0,I1,1,3463601469184092755,A5
75,100000,0,0,0,0,I2,1,3531111194424765691,A5
75,100000,0,0,0,0,I2,1,7794842383566810084,A5
75,100000,0,0,0,0,I2,1,2524296125539438217,A5
75,100000,0,0,0,0,I2,1,1986720821916044818,A5
75,100000,0,0,0,0,I2,1,2164469709378569191,A5
75,100000,0,0,0,0,I3,1,11721827410272614474,A5
75,100000,0,0,0,0,I3,1,11148460439217267985,A5
75,100000,0,0,0,0,I3,1,6629086622882748767,A5
75,100000,0,0,0,0,I3,1,15076846695562244134,A5
75,100000,0,0,0,0,I3,1,4675052039977242905,A5
75,100000,0,0,0,0,I1,2,17560854201857473402,A5
75,100000,0,0,0,0,I1,2,16363392202949851681,A5
75,100000,0,0,0,0,I1,2,11677803893757870294,A5
75,100000,0,0,0,0,I1,2,12536176054201093638,A5
75,100000,0,0,0,0,I1,2,8266464102364958588,A5
75,100000,0,0,0,0,I2,2,10838971891542387435,A5
75,100000,0,0,0,0,I2,2,9450407639901210361,A5
75,100000,0,0,0,0,I2,2,3039824403983897808,A5
75,100000,0,0,0,0,I2,2,6340244939475356749,A5
75,100000,0,0,0,0,I2,2,3881851628410148348,A5
75,100000,0,0,0,0,I3,2,996892177903140864,A5
75,100000,0,0,0,0,I3,2,15076677643483300564,A5
75,100000,0,0,0,0,I3,2,14840774247770711843,A5
75,100000,0,0,0,0,I3,2,9750156444011030846,A5
75,100000,0,0,0,0,I3,2,3961880870200159203,A5
