N,f,lam,max_abs_dur_minus_L,n_active,rep,seed,test
10000,1.0,0.0,0.0,10000,0,2053668086448542831,T1.1
10000,1.0,0.0,0.0,10000,1,14375135965094855336,T1.1
10000,1.0,0.0,0.0,10000,2,12505184871769677385,T1.1
10000,1.0,0.0,0.0,10000,3,14774565195702183859,T1.1
10000,1.0,0.0,0.0,10000,4,16490238645921044104,T1.1
10000,1.0,0.0,0.0,10000,5,7260310610877184367,T1.1
10000,1.0,0.0,0.0,10000,6,10968772952318231025,T1.1
10000,1.0,0.0,0.0,10000,7,17479671423731047320,T1.1
10000,1.0,0.0,0.0,10000,8,4182134570895029166,T1.1
10000,1.0,0.0,0.0,10000,9,2213771759051822454,T1.1
