A_bar,N,camp_violations,n_broadcast,rep,seed,test,window
0.5075057693969336,1000,0,71876.0,0,8085509610566996771,T2,50.0
0.492226699717569,1000,0,69844.0,1,6381644256935954383,T2,50.0
0.4910267328989991,1000,0,69592.0,2,10070698703079412512,T2,50.0
0.49675761076658503,1000,0,70881.0,3,4611908513894480299,T2,50.0
0.49754174682276875,1000,0,70476.0,4,1871745790221145006,T2,50.0
0.5117878979935887,1000,0,73177.0,5,10731472525469282874,T2,50.0
0.5016289263699871,1000,0,71798.0,6,1161672577456817313,T2,50.0
0.5016832696519113,1000,0,70788.0,7,9532128779651536355,T2,50.0
0.4845171830232447,1000,0,69209.0,8,7645434317488397320,T2,50.0
0.505366430483357,1000,0,72888.0,9,2722295694744425822,T2,50.0
0.5057437706955543,1000,0,72544.0,10,6189490815952467810,T2,50.0
0.5032619959450507,1000,0,71163.0,11,17317459782920785302,T2,50.0
0.4988471874363035,1000,0,71148.0,12,15141424993537732358,T2,50.0
0.49902836294315284,1000,0,71486.0,13,6601457021154929905,T2,50.0
0.503448860738515,1000,0,71333.0,14,7342285208194595225,T2,50.0
0.5093967878938066,1000,0,73145.0,15,533145287050964881,T2,50.0
0.48799959088044903,1000,0,69193.0,16,6997831114976163991,T2,50.0
0.5052587109296751,1000,0,71665.0,17,16247714944040689035,T2,50.0
0.4974043443609287,1000,0,70553.0,18,17446631761588147761,T2,50.0
0.4945355061783361,1000,0,70459.0,19,16483460827049100520,T2,50.0
0.5046415407043396,1000,0,71901.0,20,627575572796876640,T2,50.0
0.5095016108300047,1000,0,72506.0,21,346027573393556413,T2,50.0
0.5030967091281211,1000,0,70672.0,22,1281236021042484556,T2,50.0
0.502990360074352,1000,0,71624.0,23,59158636213484394,T2,50.0
0.48262153504027266,1000,0,68201.0,24,15745608050154472705,T2,50.0
0.49835130929785615,1000,0,71411.0,25,15578914736737265569,T2,50.0
0.5011308542470428,1000,0,70799.0,26,11108571524833357096,T2,50.0
0.4980992380506218,1000,0,70874.0,27,17760608965911884512,T2,50.0
0.49195586032709127,1000,0,69438.0,28,12833435226310291181,T2,50.0
0.49916250296251696,1000,0,70267.0,29,13808651089593095844,T2,50.0
0.5046388328038193,1000,0,70208.0,30,12237156387608334752,T2,50.0
0.508017274997447,1000,0,72418.0,31,175718658088702893,T2,50.0
0.5006744681615047,1000,0,71553.0,32,7685457235302365581,T2,50.0
0.5026425962511581,1000,0,70605.0,33,7238622145846714723,T2,50.0
0.49094277750043946,1000,0,69921.0,34,13867201107609839337,T2,50.0
0.4962376574354402,1000,0,69885.0,35,14878018131633611046,T2,50.0
0.49854104736082255,1000,0,70674.0,36,4679711979327571013,T2,50.0
0.49839300441332757,1000,0,70599.0,37,8898709382979549050,T2,50.0
0.4994002842587066,1000,0,71395.0,38,5827774382667748845,T2,50.0
0.5010591584188524,1000,0,71045.0,39,8081007868543790769,T2,50.0
0.5085372914244674,1000,0,72436.0,40,4217972765117832361,T2,50.0
0.49121365722692006,1000,0,70820.0,41,5607160137553265901,T2,50.0
0.5057435406902353,1000,0,71983.0,42,13762207944903422521,T2,50.0
0.501669678391945,1000,0,71826.0,43,14856246157780613851,T2,50.0
0.5032167224802477,1000,0,71499.0,44,8446899813808086634,T2,50.0
0.4971682042015881,1000,0,70771.0,45,9060129867950775228,T2,50.0
0.49877373884714715,1000,0,71200.0,46,9870769868634636715,T2,50.0
0.48884618132425517,1000,0,70293.0,47,1425967090319629801,T2,50.0
0.5046117210457478,1000,0,71691.0,48,9426069003814802071,T2,50.0
0.5063785835782806,1000,0,71921.0,49,6105120993611056106,T2,50.0
0.5016081091262259,10000,0,714351.0,0,6762925998654559518,T2,50.0
0.5026879639818975,10000,0,717424.0,1,12826238722335538739,T2,50.0
0.4995551745441148,10000,0,709837.0,2,5103630208534821292,T2,50.0
0.49920196582837467,10000,0,713236.0,3,1852712008967965225,T2,50.0
0.49976683689036466,10000,0,714074.0,4,18004678301778159989,T2,50.0
0.4980633964261218,10000,0,709510.0,5,10842233633534656343,T2,50.0
0.5042930160697493,10000,0,717364.0,6,6312365288014573357,T2,50.0
0.49873692808955755,10000,0,709377.0,7,3980895290235747928,T2,50.0
0.49725166156365014,10000,0,707304.0,8,1085081939554528423,T2,50.0
0.5026490221893899,10000,0,715290.0,9,5241711624714183841,T2,50.0
0.49939320357687,10000,0,709324.0,10,1999951834218393602,T2,50.0
0.5012241767077841,10000,0,714570.0,11,13819301089308542705,T2,50.0
0.5031557456152566,10000,0,715831.0,12,7799774035944951671,T2,50.0
0.5020162312537408,10000,0,712906.0,13,10709998870857405586,T2,50.0
0.5024059128685545,10000,0,714847.0,14,4478906134059802648,T2,50.0
0.5017324530826365,10000,0,713607.0,15,10536718385193645093,T2,50.0
0.49903770574311823,10000,0,709797.0,16,4445396995038886088,T2,50.0
0.49885767951179405,10000,0,711505.0,17,4053312248329942659,T2,50.0
0.5001897352539318,10000,0,709646.0,18,2417898271816490000,T2,50.0
0.4998567566738614,10000,0,712297.0,19,13436594027977490249,T2,50.0
0.49865644898259603,10000,0,708595.0,20,6573810462183831796,T2,50.0
0.49979153531759035,10000,0,710836.0,21,8767139770698910294,T2,50.0
0.5007397754209862,10000,0,714855.0,22,3578774710782436376,T2,50.0
0.5003634346826525,10000,0,712105.0,23,8570727356713555389,T2,50.0
0.5014124657450494,10000,0,713040.0,24,3745452222257606037,T2,50.0
0.4989839842388853,10000,0,712744.0,25,5994545869557960651,T2,50.0
0.5031505482958738,10000,0,716882.0,26,988229765216106887,T2,50.0
0.5022293148722656,10000,0,712090.0,27,987248410842898529,T2,50.0
0.4995358973002896,10000,0,711619.0,28,14187378020284881748,T2,50.0
0.4978889004506102,10000,0,709039.0,29,3673110376597826791,T2,50.0
0.5041137340284304,10000,0,716517.0,30,8506936341264314989,T2,50.0
0.4998685548225726,10000,0,710785.0,31,9428889732026561011,T2,50.0
0.5002155758991123,10000,0,712144.0,32,16613949011289292229,T2,50.0
0.502044763294761,10000,0,713791.0,33,12276624221473051265,T2,50.0
0.49843897507258383,10000,0,713106.0,34,8937785374705983377,T2,50.0
0.5003729658679769,10000,0,712729.0,35,400142122920864548,T2,50.0
0.5031540182631666,10000,0,716052.0,36,8950005017680942833,T2,50.0
0.49979350280118207,10000,0,709892.0,37,3560285680776761412,T2,50.0
0.4977430537494846,10000,0,710888.0,38,17234948026092086454,T2,50.0
0.49947709813522917,10000,0,711190.0,39,6971800504210148791,T2,50.0
0.4970696836195451,10000,0,708888.0,40,14436769358727677581,T2,50.0
0.5032159184458063,10000,0,716687.0,41,4455533196692950549,T2,50.0
0.49807909059945515,10000,0,709416.0,42,16395846599134128611,T2,50.0
0.5023322878653705,10000,0,712273.0,43,16606148289736939253,T2,50.0
0.501006125943547,10000,0,713364.0,44,14359776958824738219,T2,50.0
0.5006715257671586,10000,0,716192.0,45,14883724680422570987,T2,50.0
0.4992853564888157,10000,0,713290.0,46,3275002787729698619,T2,50.0
0.5017042764188845,10000,0,714502.0,47,8973739113441554562,T2,50.0
0.5010599221650115,10000,0,717094.0,48,17331333208030604123,T2,50.0
0.4988168771200467,10000,0,710906.0,49,3350408937090355839,T2,50.0
0.49994079748870135,100000,0,7120830.0,0,12748434352140525444,T2,50.0
0.5001119878394442,100000,0,7130035.0,1,17034703325557524027,T2,50.0
0.4998404692679933,100000,0,7111197.0,2,12760229161299867146,T2,50.0
0.500189401611195,100000,0,7115972.0,3,4709645932304426551,T2,50.0
0.49940036613805516,100000,0,7106467.0,4,15190273802640723819,T2,50.0
0.500334321921942,100000,0,7126039.0,5,14630236634741852424,T2,50.0
0.4996454474278328,100000,0,7116947.0,6,11024563691415125649,T2,50.0
0.5007479823338681,100000,0,7129373.0,7,6294049339330634297,T2,50.0
0.4998551636744755,100000,0,7116912.0,8,17068998290204084454,T2,50.0
0.5000329924973027,100000,0,7120670.0,9,4460790984460896093,T2,50.0
0.5009927180111582,100000,0,7130845.0,10,8223138076856188639,T2,50.0
0.5001951357453586,100000,0,7111659.0,11,8741233108431052508,T2,50.0
0.5000185102932729,100000,0,7119529.0,12,10455839645350991103,T2,50.0
0.49920851162695085,100000,0,7104798.0,13,14333906804326199467,T2,50.0
0.5001400948820057,100000,0,7121607.0,14,5488390220267746813,T2,50.0
0.5002139301921752,100000,0,7120555.0,15,5347169442024765159,T2,50.0
0.4996012246134219,100000,0,7115478.0,16,17251726730431458791,T2,50.0
0.5004730509380672,100000,0,7123345.0,17,2179180418903548602,T2,50.0
0.49943700801492047,100000,0,7110866.0,18,7975981970508474190,T2,50.0
0.49965641748652867,100000,0,7116866.0,19,15367683699665652406,T2,50.0
