tau0,ratio_time_dependent_exact,ratio_frozen_proxy_exact
0.0000000000,1.2702500791,1.0000000000
0.0166666667,1.2818133877,1.0160301495
0.0333333333,1.2931855716,1.0317953440
0.0500000000,1.3043697899,1.0472999627
0.0666666667,1.3153691493,1.0625483126
0.0833333333,1.3261867052,1.0775446294
0.1000000000,1.3368254627,1.0922930790
0.1166666667,1.3472883770,1.1067977581
0.1333333333,1.3575783546,1.1210626959
0.1500000000,1.3676982538,1.1350918551
0.1666666667,1.3776508857,1.1488891326
0.1833333333,1.3874390151,1.1624583612
0.2000000000,1.3970653610,1.1758033102
0.2166666667,1.4065325974,1.1889276866
0.2333333333,1.4158433541,1.2018351362
0.2500000000,1.4250002175,1.2145292443
0.2666666667,1.4340057313,1.2270135373
0.2833333333,1.4428623971,1.2392914831
0.3000000000,1.4515726750,1.2513664923
0.3166666667,1.4601389847,1.2632419191
0.3333333333,1.4685637058,1.2749210624
0.3500000000,1.4768491785,1.2864071665
0.3666666667,1.4849977043,1.2977034219
0.3833333333,1.4930115469,1.3088129667
0.4000000000,1.5008929323,1.3197388868
0.4166666667,1.5086440498,1.3304842174
0.4333333333,1.5162670527,1.3410519433
0.4500000000,1.5237640584,1.3514450000
0.4666666667,1.5311371495,1.3616662746
0.4833333333,1.5383883741,1.3717186064
0.5000000000,1.5455197465,1.3816047878
0.5166666667,1.5525332477,1.3913275649
0.5333333333,1.5594308259,1.4008896387
0.5500000000,1.5662143972,1.4102936653
0.5666666667,1.5728858459,1.4195422571
0.5833333333,1.5794470253,1.4286379830
0.6000000000,1.5858997579,1.4375833698
0.6166666667,1.5922458362,1.4463809024
0.6333333333,1.5984870231,1.4550330246
0.6500000000,1.6046250522,1.4635421398
0.6666666667,1.6106616286,1.4719106116
0.6833333333,1.6165984292,1.4801407648
0.7000000000,1.6224371031,1.4882348855
0.7166666667,1.6281792723,1.4961952222
0.7333333333,1.6338265317,1.5040239861
0.7500000000,1.6393804501,1.5117233519
0.7666666667,1.6448425703,1.5192954583
0.7833333333,1.6502144096,1.5267424089
0.8000000000,1.6554974603,1.5340662722
0.8166666667,1.6606931897,1.5412690827
0.8333333333,1.6658030414,1.5483528411
0.8500000000,1.6708284346,1.5553195154
0.8666666667,1.6757707653,1.5621710407
0.8833333333,1.6806314065,1.5689093202
0.9000000000,1.6854117084,1.5755362257
0.9166666667,1.6901129989,1.5820535982
0.9333333333,1.6947365838,1.5884632479
0.9500000000,1.6992837476,1.5947669555
0.9666666667,1.7037557535,1.6009664719
0.9833333333,1.7081538435,1.6070635193
1.0000000000,1.7124792395,1.6130597915
1.0166666667,1.7167331430,1.6189569539
1.0333333333,1.7209167357,1.6247566448
1.0500000000,1.7250311797,1.6304604753
1.0666666667,1.7290776178,1.6360700297
1.0833333333,1.7330571743,1.6415868664
1.1000000000,1.7369709545,1.6470125178
1.1166666667,1.7408200455,1.6523484910
1.1333333333,1.7446055167,1.6575962684
1.1500000000,1.7483284196,1.6627573076
1.1666666667,1.7519897882,1.6678330424
1.1833333333,1.7555906398,1.6728248826
1.2000000000,1.7591319746,1.6777342150
1.2166666667,1.7626147762,1.6825624032
1.2333333333,1.7660400122,1.6873107886
1.2500000000,1.7694086340,1.6919806900
1.2666666667,1.7727215774,1.6965734047
1.2833333333,1.7759797626,1.7010902085
1.3000000000,1.7791840948,1.7055323562
1.3166666667,1.7823354640,1.7099010816
1.3333333333,1.7854347457,1.7141975983
1.3500000000,1.7884828007,1.7184230998
1.3666666667,1.7914804759,1.7225787599
1.3833333333,1.7944286038,1.7266657331
1.4000000000,1.7973280035,1.7306851545
1.4166666667,1.8001794803,1.7346381407
1.4333333333,1.8029838263,1.7385257898
1.4500000000,1.8057418206,1.7423491817
1.4666666667,1.8084542292,1.7461093784
1.4833333333,1.8111218057,1.7498074247
1.5000000000,1.8137452910,1.7534443475
1.5166666667,1.8163254139,1.7570211574
1.5333333333,1.8188628911,1.7605388477
1.5500000000,1.8213584275,1.7639983958
1.5666666667,1.8238127163,1.7674007625
1.5833333333,1.8262264393,1.7707468931
1.6000000000,1.8286002670,1.7740377170
1.6166666667,1.8309348587,1.7772741484
1.6333333333,1.8332308631,1.7804570863
1.6500000000,1.8354889178,1.7835874148
1.6666666667,1.8377096501,1.7866660035
1.6833333333,1.8398936770,1.7896937077
1.7000000000,1.8420416051,1.7926713683
1.7166666667,1.8441540311,1.7955998125
1.7333333333,1.8462315417,1.7984798538
1.7500000000,1.8482747141,1.8013122922
1.7666666667,1.8502841159,1.8040979145
1.7833333333,1.8522603051,1.8068374945
1.8000000000,1.8542038308,1.8095317932
1.8166666667,1.8561152329,1.8121815591
1.8333333333,1.8579950422,1.8147875282
1.8500000000,1.8598437811,1.8173504245
1.8666666667,1.8616619630,1.8198709597
1.8833333333,1.8634500929,1.8223498342
1.9000000000,1.8652086677,1.8247877366
1.9166666667,1.8669381758,1.8271853439
1.9333333333,1.8686390977,1.8295433223
1.9500000000,1.8703119058,1.8318623267
1.9666666667,1.8719570648,1.8341430013
1.9833333333,1.8735750317,1.8363859797
2.0000000000,1.8751662559,1.8385918849
2.0166666667,1.8767311796,1.8407613298
2.0333333333,1.8782702373,1.8428949168
2.0500000000,1.8797838567,1.8449932388
2.0666666667,1.8812724581,1.8470568785
2.0833333333,1.8827364551,1.8490864093
2.1000000000,1.8841762543,1.8510823949
2.1166666667,1.8855922558,1.8530453898
2.1333333333,1.8869848528,1.8549759392
2.1500000000,1.8883544323,1.8568745794
2.1666666667,1.8897013745,1.8587418379
2.1833333333,1.8910260538,1.8605782333
2.2000000000,1.8923288380,1.8623842757
2.2166666667,1.8936100891,1.8641604669
2.2333333333,1.8948701630,1.8659073003
2.2500000000,1.8961094098,1.8676252610
2.2666666667,1.8973281735,1.8693148263
2.2833333333,1.8985267929,1.8709764656
2.3000000000,1.8997056008,1.8726106404
2.3166666667,1.9008649248,1.8742178046
2.3333333333,1.9020050868,1.8757984048
2.3500000000,1.9031264036,1.8773528799
2.3666666667,1.9042291866,1.8788816619
2.3833333333,1.9053137423,1.8803851753
2.4000000000,1.9063803718,1.8818638378
2.4166666667,1.9074293715,1.8833180601
2.4333333333,1.9084610327,1.8847482463
2.4500000000,1.9094756421,1.8861547936
2.4666666667,1.9104734815,1.8875380927
2.4833333333,1.9114548280,1.8888985278
2.5000000000,1.9124199543,1.8902364770
2.5166666667,1.9133691285,1.8915523118
2.5333333333,1.9143026142,1.8928463977
2.5500000000,1.9152206708,1.8941190944
2.5666666667,1.9161235532,1.8953707551
2.5833333333,1.9170115122,1.8966017278
2.6000000000,1.9178847946,1.8978123542
2.6166666667,1.9187436429,1.8990029708
2.6333333333,1.9195882957,1.9001739082
2.6500000000,1.9204189876,1.9013254917
2.6666666667,1.9212359494,1.9024580412
2.6833333333,1.9220394080,1.9035718713
2.7000000000,1.9228295866,1.9046672915
2.7166666667,1.9236067047,1.9057446059
2.7333333333,1.9243709781,1.9068041139
2.7500000000,1.9251226192,1.9078461097
2.7666666667,1.9258618368,1.9088708829
2.7833333333,1.9265888362,1.9098787180
2.8000000000,1.9273038194,1.9108698952
2.8166666667,1.9280069849,1.9118446895
2.8333333333,1.9286985281,1.9128033720
2.8500000000,1.9293786411,1.9137462088
2.8666666667,1.9300475129,1.9146734620
2.8833333333,1.9307053291,1.9155853889
2.9000000000,1.9313522726,1.9164822431
2.9166666667,1.9319885231,1.9173642735
2.9333333333,1.9326142573,1.9182317253
2.9500000000,1.9332296490,1.9190848393
2.9666666667,1.9338348692,1.9199238526
2.9833333333,1.9344300859,1.9207489983
3.0000000000,1.9350154646,1.9215605055
3.0166666667,1.9355911679,1.9223585996
3.0333333333,1.9361573556,1.9231435024
3.0500000000,1.9367141850,1.9239154319
3.0666666667,1.9372618109,1.9246746026
3.0833333333,1.9378003853,1.9254212252
3.1000000000,1.9383300578,1.9261555073
3.1166666667,1.9388509756,1.9268776527
3.1333333333,1.9393632834,1.9275878622
3.1500000000,1.9398671236,1.9282863329
3.1666666667,1.9403626359,1.9289732589
3.1833333333,1.9408499582,1.9296488310
3.2000000000,1.9413292257,1.9303132369
3.2166666667,1.9418005717,1.9309666611
3.2333333333,1.9422641270,1.9316092852
3.2500000000,1.9427200203,1.9322412876
3.2666666667,1.9431683785,1.9328628440
3.2833333333,1.9436093259,1.9334741269
3.3000000000,1.9440429851,1.9340753062
3.3166666667,1.9444694765,1.9346665489
3.3333333333,1.9448889187,1.9352480192
3.3500000000,1.9453014281,1.9358198786
3.3666666667,1.9457071193,1.9363822861
3.3833333333,1.9461061050,1.9369353977
3.4000000000,1.9464984961,1.9374793673
3.4166666667,1.9468844015,1.9380143458
3.4333333333,1.9472639285,1.9385404819
3.4500000000,1.9476371824,1.9390579217
3.4666666667,1.9480042670,1.9395668090
3.4833333333,1.9483652842,1.9400672851
3.5000000000,1.9487203344,1.9405594891
3.5166666667,1.9490695160,1.9410435577
3.5333333333,1.9494129262,1.9415196253
3.5500000000,1.9497506604,1.9419878242
3.5666666667,1.9500828122,1.9424482845
3.5833333333,1.9504094741,1.9429011340
3.6000000000,1.9507307368,1.9433464986
3.6166666667,1.9510466894,1.9437845020
3.6333333333,1.9513574198,1.9442152658
3.6500000000,1.9516630143,1.9446389097
3.6666666667,1.9519635577,1.9450555513
3.6833333333,1.9522591336,1.9454653065
3.7000000000,1.9525498241,1.9458682891
3.7166666667,1.9528357098,1.9462646109
3.7333333333,1.9531168703,1.9466543821
3.7500000000,1.9533933836,1.9470377110
3.7666666667,1.9536653266,1.9474147039
3.7833333333,1.9539327747,1.9477854658
3.8000000000,1.9541958023,1.9481500995
3.8166666667,1.9544544825,1.9485087063
3.8333333333,1.9547088870,1.9488613858
3.8500000000,1.9549590866,1.9492082361
3.8666666667,1.9552051508,1.9495493535
3.8833333333,1.9554471478,1.9498848327
3.9000000000,1.9556851450,1.9502147669
3.9166666667,1.9559192085,1.9505392477
3.9333333333,1.9561494033,1.9508583654
3.9500000000,1.9563757932,1.9511722085
3.9666666667,1.9565984413,1.9514808643
3.9833333333,1.9568174093,1.9517844184
4.0000000000,1.9570327581,1.9520829552
4.0166666667,1.9572445475,1.9523765576
4.0333333333,1.9574528363,1.9526653072
4.0500000000,1.9576576824,1.9529492842
4.0666666667,1.9578591427,1.9532285675
4.0833333333,1.9580572731,1.9535032346
4.1000000000,1.9582521288,1.9537733619
4.1166666667,1.9584437637,1.9540390244
4.1333333333,1.9586322312,1.9543002958
4.1500000000,1.9588175836,1.9545572488
4.1666666667,1.9589998725,1.9548099548
4.1833333333,1.9591791483,1.9550584839
4.2000000000,1.9593554610,1.9553029052
4.2166666667,1.9595288595,1.9555432865
4.2333333333,1.9596993919,1.9557796947
4.2500000000,1.9598671057,1.9560121954
4.2666666667,1.9600320475,1.9562408532
4.2833333333,1.9601942630,1.9564657316
4.3000000000,1.9603537973,1.9566868931
4.3166666667,1.9605106947,1.9569043991
4.3333333333,1.9606649988,1.9571183101
4.3500000000,1.9608167526,1.9573286854
4.3666666667,1.9609659980,1.9575355836
4.3833333333,1.9611127767,1.9577390620
4.4000000000,1.9612571293,1.9579391772
4.4166666667,1.9613990959,1.9581359848
4.4333333333,1.9615387161,1.9583295394
4.4500000000,1.9616760286,1.9585198949
4.4666666667,1.9618110714,1.9587071041
4.4833333333,1.9619438823,1.9588912190
4.5000000000,1.9620744979,1.9590722907
4.5166666667,1.9622029546,1.9592503696
4.5333333333,1.9623292882,1.9594255051
4.5500000000,1.9624535336,1.9595977458
4.5666666667,1.9625757255,1.9597671397
4.5833333333,1.9626958977,1.9599337337
4.6000000000,1.9628140836,1.9600975742
4.6166666667,1.9629303161,1.9602587066
4.6333333333,1.9630446274,1.9604171758
4.6500000000,1.9631570493,1.9605730256
4.6666666667,1.9632676131,1.9607262996
4.6833333333,1.9633763494,1.9608770401
4.7000000000,1.9634832884,1.9610252891
4.7166666667,1.9635884599,1.9611710877
4.7333333333,1.9636918931,1.9613144765
4.7500000000,1.9637936166,1.9614554953
4.7666666667,1.9638936589,1.9615941833
4.7833333333,1.9639920475,1.9617305790
4.8000000000,1.9640888100,1.9618647202
4.8166666667,1.9641839731,1.9619966443
4.8333333333,1.9642775633,1.9621263878
4.8500000000,1.9643696066,1.9622539869
4.8666666667,1.9644601285,1.9623794770
4.8833333333,1.9645491543,1.9625028929
4.9000000000,1.9646367086,1.9626242689
4.9166666667,1.9647228157,1.9627436387
4.9333333333,1.9648074996,1.9628610356
4.9500000000,1.9648907838,1.9629764920
4.9666666667,1.9649726915,1.9630900401
4.9833333333,1.9650532453,1.9632017114
5.0000000000,1.9651324677,1.9633115370
5.0166666667,1.9652103806,1.9634195473
5.0333333333,1.9652870058,1.9635257723
5.0500000000,1.9653623645,1.9636302416
5.0666666667,1.9654364776,1.9637329842
5.0833333333,1.9655093657,1.9638340286
5.1000000000,1.9655810491,1.9639334028
5.1166666667,1.9656515476,1.9640311346
5.1333333333,1.9657208810,1.9641272510
5.1500000000,1.9657890683,1.9642217787
5.1666666667,1.9658561286,1.9643147441
5.1833333333,1.9659220805,1.9644061728
5.2000000000,1.9659869423,1.9644960904
5.2166666667,1.9660507321,1.9645845217
5.2333333333,1.9661134674,1.9646714914
5.2500000000,1.9661751659,1.9647570236
5.2666666667,1.9662358446,1.9648411421
5.2833333333,1.9662955203,1.9649238703
5.3000000000,1.9663542097,1.9650052311
5.3166666667,1.9664119291,1.9650852471
5.3333333333,1.9664686944,1.9651639405
5.3500000000,1.9665245215,1.9652413333
5.3666666667,1.9665794258,1.9653174468
5.3833333333,1.9666334226,1.9653923024
5.4000000000,1.9666865270,1.9654659206
5.4166666667,1.9667387536,1.9655383221
5.4333333333,1.9667901170,1.9656095269
5.4500000000,1.9668406314,1.9656795547
5.4666666667,1.9668903109,1.9657484252
5.4833333333,1.9669391693,1.9658161572
5.5000000000,1.9669872201,1.9658827698
5.5166666667,1.9670344767,1.9659482814
5.5333333333,1.9670809522,1.9660127101
5.5500000000,1.9671266596,1.9660760739
5.5666666667,1.9671716114,1.9661383905
5.5833333333,1.9672158203,1.9661996770
5.6000000000,1.9672592985,1.9662599505
5.6166666667,1.9673020580,1.9663192278
5.6333333333,1.9673441108,1.9663775254
5.6500000000,1.9673854685,1.9664348593
5.6666666667,1.9674261427,1.9664912457
5.6833333333,1.9674661445,1.9665467000
5.7000000000,1.9675054852,1.9666012377
5.7166666667,1.9675441756,1.9666548741
5.7333333333,1.9675822265,1.9667076239
5.7500000000,1.9676196486,1.9667595018
5.7666666667,1.9676564520,1.9668105222
5.7833333333,1.9676926472,1.9668606994
5.8000000000,1.9677282441,1.9669100472
5.8166666667,1.9677632527,1.9669585794
5.8333333333,1.9677976826,1.9670063093
5.8500000000,1.9678315434,1.9670532504
5.8666666667,1.9678648446,1.9670994156
5.8833333333,1.9678975953,1.9671448178
5.9000000000,1.9679298047,1.9671894696
5.9166666667,1.9679614818,1.9672333833
5.9333333333,1.9679926352,1.9672765711
5.9500000000,1.9680232738,1.9673190452
5.9666666667,1.9680534059,1.9673608172
5.9833333333,1.9680830400,1.9674018988
6.0000000000,1.9681121843,1.9674423013
6.0166666667,1.9681408469,1.9674820361
6.0333333333,1.9681690357,1.9675211141
6.0500000000,1.9681967586,1.9675595462
6.0666666667,1.9682240233,1.9675973431
6.0833333333,1.9682508374,1.9676345153
6.1000000000,1.9682772082,1.9676710730
6.1166666667,1.9683031432,1.9677070265
6.1333333333,1.9683286495,1.9677423858
6.1500000000,1.9683537342,1.9677771606
6.1666666667,1.9683784043,1.9678113606
6.1833333333,1.9684026667,1.9678449954
6.2000000000,1.9684265280,1.9678780742
6.2166666667,1.9684499949,1.9679106063
6.2333333333,1.9684730740,1.9679426006
6.2500000000,1.9684957716,1.9679740662
6.2666666667,1.9685180940,1.9680050116
6.2833333333,1.9685400475,1.9680354456
6.3000000000,1.9685616381,1.9680653766
6.3166666667,1.9685828719,1.9680948128
6.3333333333,1.9686037547,1.9681237625
6.3500000000,1.9686242923,1.9681522337
6.3666666667,1.9686444905,1.9681802344
6.3833333333,1.9686643548,1.9682077722
6.4000000000,1.9686838908,1.9682348548
6.4166666667,1.9687031039,1.9682614898
6.4333333333,1.9687219994,1.9682876846
6.4500000000,1.9687405826,1.9683134464
6.4666666667,1.9687588587,1.9683387824
6.4833333333,1.9687768327,1.9683636997
6.5000000000,1.9687945096,1.9683882050
6.5166666667,1.9688118943,1.9684123054
6.5333333333,1.9688289917,1.9684360074
6.5500000000,1.9688458065,1.9684593177
6.5666666667,1.9688623434,1.9684822426
6.5833333333,1.9688786069,1.9685047887
6.6000000000,1.9688946016,1.9685269621
6.6166666667,1.9689103320,1.9685487690
6.6333333333,1.9689258024,1.9685702154
6.6500000000,1.9689410170,1.9685913074
6.6666666667,1.9689559802,1.9686120508
6.6833333333,1.9689706960,1.9686324513
6.7000000000,1.9689851687,1.9686525146
6.7166666667,1.9689994021,1.9686722463
6.7333333333,1.9690134002,1.9686916519
6.7500000000,1.9690271670,1.9687107367
6.7666666667,1.9690407063,1.9687295061
6.7833333333,1.9690540217,1.9687479652
6.8000000000,1.9690671171,1.9687661193
6.8166666667,1.9690799960,1.9687839733
6.8333333333,1.9690926621,1.9688015321
6.8500000000,1.9691051188,1.9688188008
6.8666666667,1.9691173696,1.9688357840
6.8833333333,1.9691294179,1.9688524866
6.9000000000,1.9691412671,1.9688689130
6.9166666667,1.9691529204,1.9688850680
6.9333333333,1.9691643812,1.9689009559
6.9500000000,1.9691756525,1.9689165812
6.9666666667,1.9691867375,1.9689319483
6.9833333333,1.9691976392,1.9689470614
7.0000000000,1.9692083608,1.9689619246
7.0166666667,1.9692189052,1.9689765422
7.0333333333,1.9692292753,1.9689909182
7.0500000000,1.9692394740,1.9690050566
7.0666666667,1.9692495041,1.9690189613
7.0833333333,1.9692593684,1.9690326362
7.1000000000,1.9692690697,1.9690460850
7.1166666667,1.9692786106,1.9690593116
7.1333333333,1.9692879939,1.9690723195
7.1500000000,1.9692972220,1.9690851125
7.1666666667,1.9693062977,1.9690976940
7.1833333333,1.9693152233,1.9691100675
7.2000000000,1.9693240014,1.9691222365
7.2166666667,1.9693326344,1.9691342044
7.2333333333,1.9693411247,1.9691459745
7.2500000000,1.9693494747,1.9691575500
7.2666666667,1.9693576866,1.9691689342
7.2833333333,1.9693657629,1.9691801302
7.3000000000,1.9693737056,1.9691911412
7.3166666667,1.9693815171,1.9692019702
7.3333333333,1.9693891994,1.9692126202
7.3500000000,1.9693967548,1.9692230942
7.3666666667,1.9694041853,1.9692333950
7.3833333333,1.9694114930,1.9692435256
7.4000000000,1.9694186799,1.9692534888
7.4166666667,1.9694257480,1.9692632872
7.4333333333,1.9694326993,1.9692729238
7.4500000000,1.9694395356,1.9692824010
7.4666666667,1.9694462590,1.9692917216
7.4833333333,1.9694528713,1.9693008881
7.5000000000,1.9694593743,1.9693099032
7.5166666667,1.9694657697,1.9693187692
7.5333333333,1.9694720595,1.9693274887
7.5500000000,1.9694782453,1.9693360640
7.5666666667,1.9694843289,1.9693444977
7.5833333333,1.9694903119,1.9693527919
7.6000000000,1.9694961961,1.9693609490
7.6166666667,1.9695019829,1.9693689713
7.6333333333,1.9695076742,1.9693768610
7.6500000000,1.9695132713,1.9693846204
7.6666666667,1.9695187760,1.9693922514
7.6833333333,1.9695241896,1.9693997563
7.7000000000,1.9695295138,1.9694071372
7.7166666667,1.9695347500,1.9694143961
7.7333333333,1.9695398996,1.9694215350
7.7500000000,1.9695449641,1.9694285559
7.7666666667,1.9695499450,1.9694354608
7.7833333333,1.9695548434,1.9694422515
7.8000000000,1.9695596610,1.9694489300
7.8166666667,1.9695643988,1.9694554982
7.8333333333,1.9695690584,1.9694619577
7.8500000000,1.9695736410,1.9694683105
7.8666666667,1.9695781478,1.9694745583
7.8833333333,1.9695825801,1.9694807028
7.9000000000,1.9695869392,1.9694867457
7.9166666667,1.9695912262,1.9694926888
7.9333333333,1.9695954424,1.9694985337
7.9500000000,1.9695995889,1.9695042819
7.9666666667,1.9696036668,1.9695099351
7.9833333333,1.9696076774,1.9695154949
8.0000000000,1.9696116216,1.9695209628
8.0166666667,1.9696155007,1.9695263403
8.0333333333,1.9696193156,1.9695316290
8.0500000000,1.9696230675,1.9695368302
8.0666666667,1.9696267574,1.9695419454
8.0833333333,1.9696303863,1.9695469761
8.1000000000,1.9696339552,1.9695519237
8.1166666667,1.9696374651,1.9695567895
8.1333333333,1.9696409170,1.9695615748
8.1500000000,1.9696443118,1.9695662811
8.1666666667,1.9696476506,1.9695709095
8.1833333333,1.9696509341,1.9695754615
8.2000000000,1.9696541634,1.9695799382
8.2166666667,1.9696573393,1.9695843410
8.2333333333,1.9696604627,1.9695886710
8.2500000000,1.9696635345,1.9695929294
8.2666666667,1.9696665555,1.9695971174
8.2833333333,1.9696695266,1.9696012362
8.3000000000,1.9696724486,1.9696052869
8.3166666667,1.9696753222,1.9696092706
8.3333333333,1.9696781484,1.9696131886
8.3500000000,1.9696809279,1.9696170417
8.3666666667,1.9696836614,1.9696208312
8.3833333333,1.9696863498,1.9696245580
8.4000000000,1.9696889937,1.9696282233
8.4166666667,1.9696915939,1.9696318279
8.4333333333,1.9696941511,1.9696353730
8.4500000000,1.9696966661,1.9696388595
8.4666666667,1.9696991395,1.9696422883
8.4833333333,1.9697015720,1.9696456605
8.5000000000,1.9697039643,1.9696489770
8.5166666667,1.9697063171,1.9696522386
8.5333333333,1.9697086309,1.9696554463
8.5500000000,1.9697109066,1.9696586010
8.5666666667,1.9697131446,1.9696617036
8.5833333333,1.9697153456,1.9696647548
8.6000000000,1.9697175103,1.9696677557
8.6166666667,1.9697196392,1.9696707069
8.6333333333,1.9697217328,1.9696736094
8.6500000000,1.9697237919,1.9696764639
8.6666666667,1.9697258170,1.9696792712
8.6833333333,1.9697278085,1.9696820321
8.7000000000,1.9697297672,1.9696847474
8.7166666667,1.9697316935,1.9696874178
8.7333333333,1.9697335879,1.9696900440
8.7500000000,1.9697354511,1.9696926269
8.7666666667,1.9697372834,1.9696951670
8.7833333333,1.9697390854,1.9696976652
8.8000000000,1.9697408577,1.9697001221
8.8166666667,1.9697426007,1.9697025384
8.8333333333,1.9697443148,1.9697049147
8.8500000000,1.9697460007,1.9697072518
8.8666666667,1.9697476586,1.9697095502
8.8833333333,1.9697492892,1.9697118106
8.9000000000,1.9697508928,1.9697140337
8.9166666667,1.9697524699,1.9697162200
8.9333333333,1.9697540210,1.9697183702
8.9500000000,1.9697555464,1.9697204849
8.9666666667,1.9697570466,1.9697225646
8.9833333333,1.9697585220,1.9697246099
9.0000000000,1.9697599730,1.9697266215
9.0166666667,1.9697614000,1.9697285997
9.0333333333,1.9697628034,1.9697305453
9.0500000000,1.9697641837,1.9697324587
9.0666666667,1.9697655411,1.9697343405
9.0833333333,1.9697668761,1.9697361912
9.1000000000,1.9697681890,1.9697380113
9.1166666667,1.9697694802,1.9697398013
9.1333333333,1.9697707501,1.9697415618
9.1500000000,1.9697719990,1.9697432931
9.1666666667,1.9697732273,1.9697449958
9.1833333333,1.9697744352,1.9697466704
9.2000000000,1.9697756232,1.9697483173
9.2166666667,1.9697767916,1.9697499370
9.2333333333,1.9697779406,1.9697515299
9.2500000000,1.9697790707,1.9697530965
9.2666666667,1.9697801820,1.9697546372
9.2833333333,1.9697812750,1.9697561524
9.3000000000,1.9697823500,1.9697576425
9.3166666667,1.9697834071,1.9697591081
9.3333333333,1.9697844468,1.9697605494
9.3500000000,1.9697854693,1.9697619669
9.3666666667,1.9697864749,1.9697633610
9.3833333333,1.9697874639,1.9697647320
9.4000000000,1.9697884366,1.9697660804
9.4166666667,1.9697893931,1.9697674064
9.4333333333,1.9697903339,1.9697687106
9.4500000000,1.9697912591,1.9697699932
9.4666666667,1.9697921690,1.9697712546
9.4833333333,1.9697930639,1.9697724952
9.5000000000,1.9697939439,1.9697737152
9.5166666667,1.9697948095,1.9697749151
9.5333333333,1.9697956607,1.9697760952
9.5500000000,1.9697964979,1.9697772557
9.5666666667,1.9697973212,1.9697783971
9.5833333333,1.9697981309,1.9697795196
9.6000000000,1.9697989272,1.9697806235
9.6166666667,1.9697997104,1.9697817092
9.6333333333,1.9698004806,1.9697827770
9.6500000000,1.9698012381,1.9697838271
9.6666666667,1.9698019831,1.9697848599
9.6833333333,1.9698027157,1.9697858755
9.7000000000,1.9698034363,1.9697868744
9.7166666667,1.9698041449,1.9697878568
9.7333333333,1.9698048419,1.9697888230
9.7500000000,1.9698055273,1.9697897731
9.7666666667,1.9698062014,1.9697907076
9.7833333333,1.9698068643,1.9697916266
9.8000000000,1.9698075163,1.9697925305
9.8166666667,1.9698081575,1.9697934194
9.8333333333,1.9698087881,1.9697942936
9.8500000000,1.9698094083,1.9697951533
9.8666666667,1.9698100182,1.9697959989
9.8833333333,1.9698106180,1.9697968304
9.9000000000,1.9698112080,1.9697976483
9.9166666667,1.9698117882,1.9697984526
9.9333333333,1.9698123588,1.9697992436
9.9500000000,1.9698129199,1.9698000215
9.9666666667,1.9698134718,1.9698007866
9.9833333333,1.9698140146,1.9698015390
10.0000000000,1.9698145484,1.9698022790
