prediction,order,lam,N,replicates,outbreaks,p_outbreak,ci_lo,ci_hi,half_width,meets_target,R_registered
P1,"(40, 50, 140)",1.0,100000,50,0,0.0,6.938893903907228e-18,0.07134759913335872,0.035673799566679355,False,
P1,"(40, 140, 50)",1.0,100000,50,0,0.0,6.938893903907228e-18,0.07134759913335872,0.035673799566679355,False,
P1,"(40, 50, 140)",2.0,100000,50,0,0.0,6.938893903907228e-18,0.07134759913335872,0.035673799566679355,False,
P1,"(40, 140, 50)",2.0,100000,958,440,0.4592901878914405,0.4279587758231989,0.4909467784293334,0.031494001303067246,False,
P1,"(40, 50, 140)",3.5,100000,1006,345,0.3429423459244533,0.3142562148542051,0.3728233784425201,0.029283581794157527,True,
P1,"(40, 140, 50)",3.5,100000,315,275,0.873015873015873,0.8316998640741977,0.9053435582874978,0.03682184710665001,False,
P1,"(50, 40, 140) (held out)",2.0,100000,50,0,0.0,6.938893903907228e-18,0.07134759913335872,0.035673799566679355,False,
P1,"(140, 40, 50) (held out)",2.0,100000,1052,504,0.4790874524714829,0.4490307079838821,0.5092963688396165,0.03013283042786718,False,
P1 (N=1e6),"(40, 50, 140)",2.0,1000000,50,0,0.0,6.938893903907228e-18,0.07134759913335872,0.035673799566679355,,
P1 (N=1e6),"(40, 140, 50)",2.0,1000000,50,18,0.36,0.24138749651846741,0.49858983123887307,0.12860116736020283,,
P2,"(10, 20, 30)",26.5,100000,50,0,0.0,6.938893903907228e-18,0.07134759913335872,0.035673799566679355,False,0.962
P2,"(10, 30, 20)",26.5,100000,1157,75,0.06482281763180639,0.05202632040652725,0.0804994932192047,0.014236586406338727,True,1.032
P2,"(20, 10, 30)",26.5,100000,50,0,0.0,6.938893903907228e-18,0.07134759913335872,0.035673799566679355,False,0.867
