N,Z1_mean,Z1_var,frac_phi_T,initial_law,lam,max_abs_c,n_activated_by_campaign,n_trials,order,qT_measured,rep,rho,seed,tau0,test
100000,0.928,0.9520540135033759,0.0,I1,26.5,0.5077544136932685,0,4000,"(10, 20, 30)",0.6944204359934697,0,0.0,10426931251755102754,0.0,P2-delay-operator
100000,0.96325,0.9726425981495374,0.0,I1,26.5,0.18679240996181296,0,4000,"(10, 20, 30)",0.7119025304592315,0,0.0,10426931251755102754,1.0,P2-delay-operator
100000,0.93475,0.8977168667166793,0.0,I1,26.5,0.025279603708631432,0,4000,"(10, 20, 30)",0.705283381364073,0,0.0,10426931251755102754,3.0,P2-delay-operator
100000,0.97275,0.9817528757189297,0.0,I1,26.5,2.3052014718266067e-05,0,4000,"(10, 20, 30)",0.7075628698224852,0,0.0,10426931251755102754,10.0,P2-delay-operator
100000,1.002,1.0037469367341834,0.0,I1,26.5,0.5077544136932685,0,4000,"(10, 20, 30)",0.7155996721610054,1,0.0,10765393993178951675,0.0,P2-delay-operator
100000,1.007,0.9706936734183548,0.0,I1,26.5,0.18679240996181296,0,4000,"(10, 20, 30)",0.709940785932173,1,0.0,10765393993178951675,1.0,P2-delay-operator
100000,0.95275,0.9617578769692422,0.0,I1,26.5,0.025279603708631432,0,4000,"(10, 20, 30)",0.7043437645959831,1,0.0,10765393993178951675,3.0,P2-delay-operator
100000,0.9435,0.9400427606901723,0.0,I1,26.5,2.3052014718266067e-05,0,4000,"(10, 20, 30)",0.7101002313030069,1,0.0,10765393993178951675,10.0,P2-delay-operator
100000,0.97475,0.9553512753188295,0.0,I1,26.5,0.5077544136932685,0,4000,"(10, 20, 30)",0.7102916589262493,2,0.0,11939617106888680614,0.0,P2-delay-operator
100000,0.9555,0.9472565641410354,0.0,I1,26.5,0.18679240996181296,0,4000,"(10, 20, 30)",0.7084843416039401,2,0.0,11939617106888680614,1.0,P2-delay-operator
100000,0.9645,0.9909874968742183,0.0,I1,26.5,0.025279603708631432,0,4000,"(10, 20, 30)",0.7101325757575757,2,0.0,11939617106888680614,3.0,P2-delay-operator
100000,0.9765,0.9836936734183545,0.0,I1,26.5,2.3052014718266067e-05,0,4000,"(10, 20, 30)",0.7152570789865872,2,0.0,11939617106888680614,10.0,P2-delay-operator
100000,0.95875,0.9817938859714925,0.0,I1,26.5,0.5077544136932685,0,4000,"(10, 20, 30)",0.7016369047619048,3,0.0,17776050982755108160,0.0,P2-delay-operator
100000,0.97275,0.9657488747186798,0.0,I1,26.5,0.18679240996181296,0,4000,"(10, 20, 30)",0.7091482065066271,3,0.0,17776050982755108160,1.0,P2-delay-operator
100000,0.95625,0.9370702050512628,0.0,I1,26.5,0.025279603708631432,0,4000,"(10, 20, 30)",0.7064788732394366,3,0.0,17776050982755108160,3.0,P2-delay-operator
100000,0.966,0.9590837709427358,0.0,I1,26.5,2.3052014718266067e-05,0,4000,"(10, 20, 30)",0.7116956317519962,3,0.0,17776050982755108160,10.0,P2-delay-operator
100000,0.9605,0.9456761690422606,0.0,I1,26.5,0.5077544136932685,0,4000,"(10, 20, 30)",0.7071601715457766,4,0.0,11543132906795674302,0.0,P2-delay-operator
100000,0.9365,0.9557066766691671,0.0,I1,26.5,0.18679240996181296,0,4000,"(10, 20, 30)",0.7077996558975339,4,0.0,11543132906795674302,1.0,P2-delay-operator
100000,0.9425,0.9439297324331082,0.0,I1,26.5,0.025279603708631432,0,4000,"(10, 20, 30)",0.6997786119934546,4,0.0,11543132906795674302,3.0,P2-delay-operator
100000,0.94675,0.948151475368842,0.0,I1,26.5,2.3052014718266067e-05,0,4000,"(10, 20, 30)",0.7066870754807233,4,0.0,11543132906795674302,10.0,P2-delay-operator
100000,0.9875,0.975587646911728,0.0,I1,26.5,0.5077544136932685,0,4000,"(10, 20, 30)",0.7045433600589808,5,0.0,8696360563523481747,0.0,P2-delay-operator
100000,0.96575,0.9693192673168294,0.0,I1,26.5,0.18679240996181296,0,4000,"(10, 20, 30)",0.7130861402019059,5,0.0,8696360563523481747,1.0,P2-delay-operator
100000,0.981,0.9363730932733184,0.0,I1,26.5,0.025279603708631432,0,4000,"(10, 20, 30)",0.710609733358195,5,0.0,8696360563523481747,3.0,P2-delay-operator
100000,0.9515,0.9163768442110526,0.0,I1,26.5,2.3052014718266067e-05,0,4000,"(10, 20, 30)",0.7019021481972177,5,0.0,8696360563523481747,10.0,P2-delay-operator
100000,0.926,0.9192538134533632,0.0,I1,26.5,0.5077544136932685,0,4000,"(10, 20, 30)",0.7010890704006223,6,0.0,5140041539632547239,0.0,P2-delay-operator
100000,0.977,0.9937194298574645,0.0,I1,26.5,0.18679240996181296,0,4000,"(10, 20, 30)",0.717932118745954,6,0.0,5140041539632547239,1.0,P2-delay-operator
100000,0.95125,0.9826190922730684,0.0,I1,26.5,0.025279603708631432,0,4000,"(10, 20, 30)",0.7026263767297374,6,0.0,5140041539632547239,3.0,P2-delay-operator
100000,0.955,0.9352088022005499,0.0,I1,26.5,2.3052014718266067e-05,0,4000,"(10, 20, 30)",0.7021535580524345,6,0.0,5140041539632547239,10.0,P2-delay-operator
100000,0.9405,0.9632005501375346,0.0,I1,26.5,0.5077544136932685,0,4000,"(10, 20, 30)",0.6960335621662853,7,0.0,2467255936726196557,0.0,P2-delay-operator
100000,0.958,0.9594758689672418,0.0,I1,26.5,0.18679240996181296,0,4000,"(10, 20, 30)",0.7041938490214352,7,0.0,2467255936726196557,1.0,P2-delay-operator
100000,0.9745,0.9310825206301576,0.0,I1,26.5,0.025279603708631432,0,4000,"(10, 20, 30)",0.7091966557615412,7,0.0,2467255936726196557,3.0,P2-delay-operator
100000,0.97375,0.9893082645661415,0.0,I1,26.5,2.3052014718266067e-05,0,4000,"(10, 20, 30)",0.7085222540945684,7,0.0,2467255936726196557,10.0,P2-delay-operator
100000,0.94675,0.9636553513378344,0.0,I1,26.5,0.5077544136932685,0,4000,"(10, 20, 30)",0.70791844476055,8,0.0,13853698409239427067,0.0,P2-delay-operator
100000,0.92925,0.9714873093273316,0.0,I1,26.5,0.18679240996181296,0,4000,"(10, 20, 30)",0.7045015455950541,8,0.0,13853698409239427067,1.0,P2-delay-operator
100000,0.96875,0.9525115653913478,0.0,I1,26.5,0.025279603708631432,0,4000,"(10, 20, 30)",0.7016876854599406,8,0.0,13853698409239427067,3.0,P2-delay-operator
100000,0.97625,0.9389206676669167,0.0,I1,26.5,2.3052014718266067e-05,0,4000,"(10, 20, 30)",0.7085618666914567,8,0.0,13853698409239427067,10.0,P2-delay-operator
100000,0.96,0.9411352838209552,0.0,I1,26.5,0.5077544136932685,0,4000,"(10, 20, 30)",0.7033772499536092,9,0.0,2408405515433775325,0.0,P2-delay-operator
100000,0.9665,0.9886249062265569,0.0,I1,26.5,0.18679240996181296,0,4000,"(10, 20, 30)",0.7024554196620297,9,0.0,2408405515433775325,1.0,P2-delay-operator
100000,0.9815,0.9734011002750688,0.0,I1,26.5,0.025279603708631432,0,4000,"(10, 20, 30)",0.714588908369475,9,0.0,2408405515433775325,3.0,P2-delay-operator
100000,0.96975,0.9670767066766692,0.0,I1,26.5,2.3052014718266067e-05,0,4000,"(10, 20, 30)",0.7072157159047979,9,0.0,2408405515433775325,10.0,P2-delay-operator
100000,1.04075,1.0643555263815951,0.0,I1,26.5,0.7711384123810566,0,4000,"(10, 30, 20)",0.7629649499284692,0,0.0,16501004547457424449,0.0,P2-delay-operator
100000,1.0165,1.0004778694673668,0.0,I1,26.5,0.28368596821257636,0,4000,"(10, 30, 20)",0.7533541628377136,0,0.0,16501004547457424449,1.0,P2-delay-operator
100000,1.04175,1.0962810077519378,0.0,I1,26.5,0.03839272085830173,0,4000,"(10, 30, 20)",0.7605083976395823,0,0.0,16501004547457424449,3.0,P2-delay-operator
100000,1.0395,1.071207551887972,0.0,I1,26.5,3.500962975925405e-05,0,4000,"(10, 30, 20)",0.7632656776190043,0,0.0,16501004547457424449,10.0,P2-delay-operator
100000,1.02325,0.9924575518879719,0.0,I1,26.5,0.7711384123810566,0,4000,"(10, 30, 20)",0.748190510231436,1,0.0,2219686239780956108,0.0,P2-delay-operator
100000,1.031,1.0282960740185045,0.0,I1,26.5,0.28368596821257636,0,4000,"(10, 30, 20)",0.7668247309866861,1,0.0,2219686239780956108,1.0,P2-delay-operator
100000,1.01675,1.0542329957489371,0.0,I1,26.5,0.03839272085830173,0,4000,"(10, 30, 20)",0.7630004601932812,1,0.0,2219686239780956108,3.0,P2-delay-operator
100000,1.02275,1.0549961865466368,0.0,I1,26.5,3.500962975925405e-05,0,4000,"(10, 30, 20)",0.7524031982750876,1,0.0,2219686239780956108,10.0,P2-delay-operator
100000,1.035,0.9745186296574143,0.0,I1,26.5,0.7711384123810566,0,4000,"(10, 30, 20)",0.7612447464902083,2,0.0,7500381080313221573,0.0,P2-delay-operator
100000,1.03325,1.0309021630407602,0.0,I1,26.5,0.28368596821257636,0,4000,"(10, 30, 20)",0.7617021276595745,2,0.0,7500381080313221573,1.0,P2-delay-operator
100000,1.038,1.0058074518629656,0.0,I1,26.5,0.03839272085830173,0,4000,"(10, 30, 20)",0.7577076532462822,2,0.0,7500381080313221573,3.0,P2-delay-operator
100000,1.0375,1.0283508377094273,0.0,I1,26.5,3.500962975925405e-05,0,4000,"(10, 30, 20)",0.7647111913357401,2,0.0,7500381080313221573,10.0,P2-delay-operator
100000,1.04075,1.0238453988497123,0.0,I1,26.5,0.7711384123810566,0,4000,"(10, 30, 20)",0.7549098735539413,3,0.0,6609361950937067550,0.0,P2-delay-operator
100000,1.00475,0.9564665541385347,0.0,I1,26.5,0.28368596821257636,0,4000,"(10, 30, 20)",0.7511961722488039,3,0.0,6609361950937067550,1.0,P2-delay-operator
100000,1.04225,1.0737333708427106,0.0,I1,26.5,0.03839272085830173,0,4000,"(10, 30, 20)",0.7563085153811859,3,0.0,6609361950937067550,3.0,P2-delay-operator
100000,1.02775,1.0112327456864214,0.0,I1,26.5,3.500962975925405e-05,0,4000,"(10, 30, 20)",0.7549572494087684,3,0.0,6609361950937067550,10.0,P2-delay-operator
100000,1.0195,0.9973690922730684,0.0,I1,26.5,0.7711384123810566,0,4000,"(10, 30, 20)",0.7579092159559835,4,0.0,7589878573276979712,0.0,P2-delay-operator
100000,1.043,1.072419104776194,0.0,I1,26.5,0.28368596821257636,0,4000,"(10, 30, 20)",0.7585926928281461,4,0.0,7589878573276979712,1.0,P2-delay-operator
100000,1.01075,1.0163885346336583,0.0,I1,26.5,0.03839272085830173,0,4000,"(10, 30, 20)",0.7530617799147238,4,0.0,7589878573276979712,3.0,P2-delay-operator
100000,1.02075,1.018574081020255,0.0,I1,26.5,3.500962975925405e-05,0,4000,"(10, 30, 20)",0.7585513078470825,4,0.0,7589878573276979712,10.0,P2-delay-operator
100000,1.03125,1.084044448612153,0.0,I1,26.5,0.7711384123810566,0,4000,"(10, 30, 20)",0.7663585281856081,5,0.0,9497158067820438984,0.0,P2-delay-operator
100000,1.0005,0.9962488122030508,0.0,I1,26.5,0.28368596821257636,0,4000,"(10, 30, 20)",0.7573121066271751,5,0.0,9497158067820438984,1.0,P2-delay-operator
100000,1.0325,1.0111965491372843,0.0,I1,26.5,0.03839272085830173,0,4000,"(10, 30, 20)",0.7584994138335287,5,0.0,9497158067820438984,3.0,P2-delay-operator
100000,1.038,1.037315328832208,0.0,I1,26.5,3.500962975925405e-05,0,4000,"(10, 30, 20)",0.7563520871143375,5,0.0,9497158067820438984,10.0,P2-delay-operator
100000,1.046,1.0831547886971742,0.0,I1,26.5,0.7711384123810566,0,4000,"(10, 30, 20)",0.7591865858009276,6,0.0,1943615805884493306,0.0,P2-delay-operator
100000,1.016,0.9919919979995001,0.0,I1,26.5,0.28368596821257636,0,4000,"(10, 30, 20)",0.7611485550734004,6,0.0,1943615805884493306,1.0,P2-delay-operator
100000,1.03025,1.0480969617404352,0.0,I1,26.5,0.03839272085830173,0,4000,"(10, 30, 20)",0.7596258626952416,6,0.0,1943615805884493306,3.0,P2-delay-operator
100000,1.05375,1.0751297199299825,0.0,I1,26.5,3.500962975925405e-05,0,4000,"(10, 30, 20)",0.7626369741958289,6,0.0,1943615805884493306,10.0,P2-delay-operator
100000,1.021,1.0338174543635912,0.0,I1,26.5,0.7711384123810566,0,4000,"(10, 30, 20)",0.7606315020989232,7,0.0,10322901790088111105,0.0,P2-delay-operator
100000,1.04425,1.028549074768692,0.0,I1,26.5,0.28368596821257636,0,4000,"(10, 30, 20)",0.7662650602409639,7,0.0,10322901790088111105,1.0,P2-delay-operator
100000,1.02875,1.031181232808202,0.0,I1,26.5,0.03839272085830173,0,4000,"(10, 30, 20)",0.7635627530364373,7,0.0,10322901790088111105,3.0,P2-delay-operator
100000,1.02975,0.998614591147787,0.0,I1,26.5,3.500962975925405e-05,0,4000,"(10, 30, 20)",0.7622396784800877,7,0.0,10322901790088111105,10.0,P2-delay-operator
100000,1.0265,1.0285548887221805,0.0,I1,26.5,0.7711384123810566,0,4000,"(10, 30, 20)",0.7625125353268302,8,0.0,9302300203440692246,0.0,P2-delay-operator
100000,1.032,1.011728932233058,0.0,I1,26.5,0.28368596821257636,0,4000,"(10, 30, 20)",0.7620079451065367,8,0.0,9302300203440692246,1.0,P2-delay-operator
100000,1.02725,1.0367666291572892,0.0,I1,26.5,0.03839272085830173,0,4000,"(10, 30, 20)",0.7516404494382023,8,0.0,9302300203440692246,3.0,P2-delay-operator
100000,1.021,0.9733023255813955,0.0,I1,26.5,3.500962975925405e-05,0,4000,"(10, 30, 20)",0.7575152120606666,8,0.0,9302300203440692246,10.0,P2-delay-operator
100000,1.02775,1.0432407476869217,0.0,I1,26.5,0.7711384123810566,0,4000,"(10, 30, 20)",0.75482712168837,9,0.0,6589409769047057912,0.0,P2-delay-operator
100000,1.01375,1.0378203925981495,0.0,I1,26.5,0.28368596821257636,0,4000,"(10, 30, 20)",0.7599453800637233,9,0.0,6589409769047057912,1.0,P2-delay-operator
100000,1.0435,1.040867966991748,0.0,I1,26.5,0.03839272085830173,0,4000,"(10, 30, 20)",0.7678841197902782,9,0.0,6589409769047057912,3.0,P2-delay-operator
100000,1.0025,1.0052450612653163,0.0,I1,26.5,3.500962975925405e-05,0,4000,"(10, 30, 20)",0.755738780099316,9,0.0,6589409769047057912,10.0,P2-delay-operator
100000,0.86675,0.8742129907476868,0.0,I1,26.5,0.509473530652171,0,4000,"(20, 10, 30)",0.6462334560652802,0,0.0,5789794637836208365,0.0,P2-delay-operator
100000,0.87825,0.879646849212303,0.0,I1,26.5,0.18742483774796237,0,4000,"(20, 10, 30)",0.6423272159312768,0,0.0,5789794637836208365,1.0,P2-delay-operator
100000,0.84225,0.8315728307076772,0.0,I1,26.5,0.025365193502196667,0,4000,"(20, 10, 30)",0.6296592385330269,0,0.0,5789794637836208365,3.0,P2-delay-operator
100000,0.8895,0.8885118779694925,0.0,I1,26.5,2.3130062507453742e-05,0,4000,"(20, 10, 30)",0.6445304937076476,0,0.0,5789794637836208365,10.0,P2-delay-operator
100000,0.85375,0.834069454863716,0.0,I1,26.5,0.509473530652171,0,4000,"(20, 10, 30)",0.6393981666002392,1,0.0,1243508064440032141,0.0,P2-delay-operator
100000,0.873,0.8665876469117278,0.0,I1,26.5,0.18742483774796237,0,4000,"(20, 10, 30)",0.6423171330387826,1,0.0,1243508064440032141,1.0,P2-delay-operator
100000,0.86675,0.8652107401850462,0.0,I1,26.5,0.025365193502196667,0,4000,"(20, 10, 30)",0.6384113811499703,1,0.0,1243508064440032141,3.0,P2-delay-operator
100000,0.89425,0.8507796324081021,0.0,I1,26.5,2.3130062507453742e-05,0,4000,"(20, 10, 30)",0.6455284552845528,1,0.0,1243508064440032141,10.0,P2-delay-operator
100000,0.85975,0.8943035133783447,0.0,I1,26.5,0.509473530652171,0,4000,"(20, 10, 30)",0.6349662832209441,2,0.0,6054462046222799058,0.0,P2-delay-operator
100000,0.866,0.831751937984496,0.0,I1,26.5,0.18742483774796237,0,4000,"(20, 10, 30)",0.6358415841584159,2,0.0,6054462046222799058,1.0,P2-delay-operator
100000,0.88625,0.9035368217054263,0.0,I1,26.5,0.025365193502196667,0,4000,"(20, 10, 30)",0.6417307692307692,2,0.0,6054462046222799058,3.0,P2-delay-operator
100000,0.85875,0.8665150662665665,0.0,I1,26.5,2.3130062507453742e-05,0,4000,"(20, 10, 30)",0.6362383062530773,2,0.0,6054462046222799058,10.0,P2-delay-operator
100000,0.83075,0.8268111402850712,0.0,I1,26.5,0.509473530652171,0,4000,"(20, 10, 30)",0.6370408691153647,3,0.0,12405760291930767051,0.0,P2-delay-operator
100000,0.85625,0.8427966366591648,0.0,I1,26.5,0.18742483774796237,0,4000,"(20, 10, 30)",0.6365887480190174,3,0.0,12405760291930767051,1.0,P2-delay-operator
100000,0.86575,0.8684440485121279,0.0,I1,26.5,0.025365193502196667,0,4000,"(20, 10, 30)",0.6420245093155326,3,0.0,12405760291930767051,3.0,P2-delay-operator
100000,0.8705,0.8709474868717181,0.0,I1,26.5,2.3130062507453742e-05,0,4000,"(20, 10, 30)",0.6328413284132841,3,0.0,12405760291930767051,10.0,P2-delay-operator
100000,0.86325,0.8877713803450863,0.0,I1,26.5,0.509473530652171,0,4000,"(20, 10, 30)",0.6379804367157396,4,0.0,12591000815285965098,0.0,P2-delay-operator
100000,0.8665,0.8853990997749437,0.0,I1,26.5,0.18742483774796237,0,4000,"(20, 10, 30)",0.640720934838582,4,0.0,12591000815285965098,1.0,P2-delay-operator
100000,0.86525,0.8753112653163291,0.0,I1,26.5,0.025365193502196667,0,4000,"(20, 10, 30)",0.6373626373626373,4,0.0,12591000815285965098,3.0,P2-delay-operator
100000,0.85325,0.8499269192298075,0.0,I1,26.5,2.3130062507453742e-05,0,4000,"(20, 10, 30)",0.6370377793366069,4,0.0,12591000815285965098,10.0,P2-delay-operator
100000,0.89275,0.8909701800450113,0.0,I1,26.5,0.509473530652171,0,4000,"(20, 10, 30)",0.6461761858664086,5,0.0,672776357720505063,0.0,P2-delay-operator
100000,0.84575,0.8286641035258816,0.0,I1,26.5,0.18742483774796237,0,4000,"(20, 10, 30)",0.632986777026345,5,0.0,672776357720505063,1.0,P2-delay-operator
100000,0.88125,0.893871905476369,0.0,I1,26.5,0.025365193502196667,0,4000,"(20, 10, 30)",0.6443526983190799,5,0.0,672776357720505063,3.0,P2-delay-operator
100000,0.88575,0.8649131657914478,0.0,I1,26.5,2.3130062507453742e-05,0,4000,"(20, 10, 30)",0.6449239823442864,5,0.0,672776357720505063,10.0,P2-delay-operator
100000,0.8845,0.889382095523881,0.0,I1,26.5,0.509473530652171,0,4000,"(20, 10, 30)",0.6484901788331867,6,0.0,5772345943799105437,0.0,P2-delay-operator
100000,0.8715,0.8351965491372844,0.0,I1,26.5,0.18742483774796237,0,4000,"(20, 10, 30)",0.6383231164722167,6,0.0,5772345943799105437,1.0,P2-delay-operator
100000,0.85875,0.8665150662665665,0.0,I1,26.5,0.025365193502196667,0,4000,"(20, 10, 30)",0.6318277839251585,6,0.0,5772345943799105437,3.0,P2-delay-operator
100000,0.8585,0.8831985496374094,0.0,I1,26.5,2.3130062507453742e-05,0,4000,"(20, 10, 30)",0.6338331863177497,6,0.0,5772345943799105437,10.0,P2-delay-operator
100000,0.8555,0.897844211052763,0.0,I1,26.5,0.509473530652171,0,4000,"(20, 10, 30)",0.6325493322702811,7,0.0,11042000910986456640,0.0,P2-delay-operator
100000,0.8685,0.8574221055263817,0.0,I1,26.5,0.18742483774796237,0,4000,"(20, 10, 30)",0.6422643746295199,7,0.0,11042000910986456640,1.0,P2-delay-operator
100000,0.851,0.8595138784696176,0.0,I1,26.5,0.025365193502196667,0,4000,"(20, 10, 30)",0.6304347826086957,7,0.0,11042000910986456640,3.0,P2-delay-operator
100000,0.8595,0.8734781195298823,0.0,I1,26.5,2.3130062507453742e-05,0,4000,"(20, 10, 30)",0.6366613735609369,7,0.0,11042000910986456640,10.0,P2-delay-operator
100000,0.87125,0.8488856589147286,0.0,I1,26.5,0.509473530652171,0,4000,"(20, 10, 30)",0.6398052464228935,8,0.0,18152472044371078822,0.0,P2-delay-operator
100000,0.886,0.880724181045261,0.0,I1,26.5,0.18742483774796237,0,4000,"(20, 10, 30)",0.6370213176425196,8,0.0,18152472044371078822,1.0,P2-delay-operator
100000,0.86575,0.8514397974493622,0.0,I1,26.5,0.025365193502196667,0,4000,"(20, 10, 30)",0.6351204043206818,8,0.0,18152472044371078822,3.0,P2-delay-operator
100000,0.85275,0.8492797574393599,0.0,I1,26.5,2.3130062507453742e-05,0,4000,"(20, 10, 30)",0.6374122367101304,8,0.0,18152472044371078822,10.0,P2-delay-operator
100000,0.89075,0.8760334458614653,0.0,I1,26.5,0.509473530652171,0,4000,"(20, 10, 30)",0.6385971673571635,9,0.0,12280368421324929288,0.0,P2-delay-operator
100000,0.87675,0.9092867591897975,0.0,I1,26.5,0.18742483774796237,0,4000,"(20, 10, 30)",0.6382077794190054,9,0.0,12280368421324929288,1.0,P2-delay-operator
100000,0.84825,0.812925168792198,0.0,I1,26.5,0.025365193502196667,0,4000,"(20, 10, 30)",0.6361723446893788,9,0.0,12280368421324929288,3.0,P2-delay-operator
100000,0.86125,0.8597133658414601,0.0,I1,26.5,2.3130062507453742e-05,0,4000,"(20, 10, 30)",0.6347612013786312,9,0.0,12280368421324929288,10.0,P2-delay-operator
100000,0.85675,0.8759484246061514,0.0,I1,26.5,0.5077544136932685,0,4000,"(10, 20, 30)",0.630439082278481,0,0.5,17864727170498181927,0.0,P2-delay-operator
100000,1.0695,1.0664363590897727,0.39554,I1,26.5,0.18679240996181296,0,4000,"(10, 20, 30)",0.7772080275837681,0,0.5,17864727170498181927,1.0,P2-delay-operator
100000,1.30775,1.3083670292573144,0.77834,I1,26.5,0.025279603708631432,0,4000,"(10, 20, 30)",0.9198259788688626,0,0.5,17864727170498181927,3.0,P2-delay-operator
100000,1.3645,1.3664813703425858,0.99343,I1,26.5,2.3052014718266067e-05,0,4000,"(10, 20, 30)",0.9985997666277713,0,0.5,17864727170498181927,10.0,P2-delay-operator
100000,0.843,0.8175553888472119,0.0,I1,26.5,0.5077544136932685,0,4000,"(10, 20, 30)",0.6316690155023152,1,0.5,17078892531955778068,0.0,P2-delay-operator
100000,1.056,1.044625156289072,0.39417,I1,26.5,0.18679240996181296,0,4000,"(10, 20, 30)",0.7771907451266169,1,0.5,17078892531955778068,1.0,P2-delay-operator
100000,1.2465,1.258552388097024,0.77681,I1,26.5,0.025279603708631432,0,4000,"(10, 20, 30)",0.9182410692187113,1,0.5,17078892531955778068,3.0,P2-delay-operator
100000,1.3375,1.242404351087772,0.99356,I1,26.5,2.3052014718266067e-05,0,4000,"(10, 20, 30)",0.9977653631284916,1,0.5,17078892531955778068,10.0,P2-delay-operator
100000,0.873,0.8420815203800949,0.0,I1,26.5,0.5077544136932685,0,4000,"(10, 20, 30)",0.6314175487189633,2,0.5,14570576589286760275,0.0,P2-delay-operator
100000,1.04,1.0381595398849712,0.39421,I1,26.5,0.18679240996181296,0,4000,"(10, 20, 30)",0.7701774725764737,2,0.5,14570576589286760275,1.0,P2-delay-operator
100000,1.2385,1.219422605651413,0.77696,I1,26.5,0.025279603708631432,0,4000,"(10, 20, 30)",0.9159463241952746,2,0.5,14570576589286760275,3.0,P2-delay-operator
100000,1.3575,1.3470305076269067,0.99329,I1,26.5,2.3052014718266067e-05,0,4000,"(10, 20, 30)",0.9980447364304709,2,0.5,14570576589286760275,10.0,P2-delay-operator
100000,0.8615,0.8705353838459616,0.0,I1,26.5,0.5077544136932685,0,4000,"(10, 20, 30)",0.6319669713948688,3,0.5,9024855852715895411,0.0,P2-delay-operator
100000,1.06175,1.0547006126531635,0.39408,I1,26.5,0.18679240996181296,0,4000,"(10, 20, 30)",0.7764622095611146,3,0.5,9024855852715895411,1.0,P2-delay-operator
100000,1.25975,1.2480919604901224,0.77565,I1,26.5,0.025279603708631432,0,4000,"(10, 20, 30)",0.9143499919652901,3,0.5,9024855852715895411,3.0,P2-delay-operator
100000,1.35125,1.325704863715929,0.99322,I1,26.5,2.3052014718266067e-05,0,4000,"(10, 20, 30)",0.9974964794241903,3,0.5,9024855852715895411,10.0,P2-delay-operator
100000,0.86675,0.8862159914978743,0.0,I1,26.5,0.5077544136932685,0,4000,"(10, 20, 30)",0.6344570756566053,4,0.5,8579813726280377277,0.0,P2-delay-operator
100000,1.04375,1.0676028382095524,0.39149,I1,26.5,0.18679240996181296,0,4000,"(10, 20, 30)",0.776771833561957,4,0.5,8579813726280377277,1.0,P2-delay-operator
100000,1.22225,1.2516678544636162,0.77595,I1,26.5,0.025279603708631432,0,4000,"(10, 20, 30)",0.9130727762803235,4,0.5,8579813726280377277,3.0,P2-delay-operator
100000,1.36525,1.4051937359339834,0.99326,I1,26.5,2.3052014718266067e-05,0,4000,"(10, 20, 30)",0.9980561387139414,4,0.5,8579813726280377277,10.0,P2-delay-operator
100000,0.84875,0.8340819579894975,0.0,I1,26.5,0.5077544136932685,0,4000,"(10, 20, 30)",0.6285857572718154,5,0.5,5875740504336381768,0.0,P2-delay-operator
100000,1.0695,1.0914426106526631,0.39398,I1,26.5,0.18679240996181296,0,4000,"(10, 20, 30)",0.7748512425621281,5,0.5,5875740504336381768,1.0,P2-delay-operator
100000,1.25425,1.2349156664166043,0.77509,I1,26.5,0.025279603708631432,0,4000,"(10, 20, 30)",0.9144019528071603,5,0.5,5875740504336381768,3.0,P2-delay-operator
100000,1.35875,1.38289416104026,0.99302,I1,26.5,2.3052014718266067e-05,0,4000,"(10, 20, 30)",0.9969140686817535,5,0.5,5875740504336381768,10.0,P2-delay-operator
100000,0.82125,0.7914963115778944,0.0,I1,26.5,0.5077544136932685,0,4000,"(10, 20, 30)",0.6266982297241663,6,0.5,9343145986733574484,0.0,P2-delay-operator
100000,1.049,1.0423595898974745,0.39253,I1,26.5,0.18679240996181296,0,4000,"(10, 20, 30)",0.7720766945719687,6,0.5,9343145986733574484,1.0,P2-delay-operator
100000,1.2615,1.2309254813703425,0.77866,I1,26.5,0.025279603708631432,0,4000,"(10, 20, 30)",0.9166129552046407,6,0.5,9343145986733574484,3.0,P2-delay-operator
100000,1.344,1.3785086271567892,0.99312,I1,26.5,2.3052014718266067e-05,0,4000,"(10, 20, 30)",0.9976457663030683,6,0.5,9343145986733574484,10.0,P2-delay-operator
100000,0.8445,0.8450310077519381,0.0,I1,26.5,0.5077544136932685,0,4000,"(10, 20, 30)",0.6312113350628618,7,0.5,14065309048463684628,0.0,P2-delay-operator
100000,1.05375,1.0521239684921229,0.39464,I1,26.5,0.18679240996181296,0,4000,"(10, 20, 30)",0.7782396529911441,7,0.5,14065309048463684628,1.0,P2-delay-operator
100000,1.261,1.244190047511878,0.77837,I1,26.5,0.025279603708631432,0,4000,"(10, 20, 30)",0.9183032839665164,7,0.5,14065309048463684628,3.0,P2-delay-operator
100000,1.35425,1.4281139659914976,0.99326,I1,26.5,2.3052014718266067e-05,0,4000,"(10, 20, 30)",0.9972525315958867,7,0.5,14065309048463684628,10.0,P2-delay-operator
100000,0.84425,0.8797118654663668,0.0,I1,26.5,0.5077544136932685,0,4000,"(10, 20, 30)",0.6351735335904202,8,0.5,12812088147314412839,0.0,P2-delay-operator
100000,1.04975,1.0495373218304578,0.39553,I1,26.5,0.18679240996181296,0,4000,"(10, 20, 30)",0.7810715257002991,8,0.5,12812088147314412839,1.0,P2-delay-operator
100000,1.2645,1.2908624656164043,0.77793,I1,26.5,0.025279603708631432,0,4000,"(10, 20, 30)",0.9179400113186191,8,0.5,12812088147314412839,3.0,P2-delay-operator
100000,1.337,1.3227616904226056,0.99291,I1,26.5,2.3052014718266067e-05,0,4000,"(10, 20, 30)",0.9966653433902343,8,0.5,12812088147314412839,10.0,P2-delay-operator
100000,0.843,0.8720690172543137,0.0,I1,26.5,0.5077544136932685,0,4000,"(10, 20, 30)",0.6269414575866189,9,0.5,11338034613735536598,0.0,P2-delay-operator
100000,1.05125,0.9963725306326583,0.39641,I1,26.5,0.18679240996181296,0,4000,"(10, 20, 30)",0.7773139745916515,9,0.5,11338034613735536598,1.0,P2-delay-operator
100000,1.22225,1.1836508502125533,0.77708,I1,26.5,0.025279603708631432,0,4000,"(10, 20, 30)",0.9165839947089947,9,0.5,11338034613735536598,3.0,P2-delay-operator
100000,1.367,1.4151647911977996,0.99343,I1,26.5,2.3052014718266067e-05,0,4000,"(10, 20, 30)",0.9979793269604414,9,0.5,11338034613735536598,10.0,P2-delay-operator
100000,1.04725,1.0352762565641411,0.0,I1,26.5,0.7711384123810566,0,4000,"(10, 30, 20)",0.7813510600071865,0,0.5,7587481879166268023,0.0,P2-delay-operator
100000,1.168,1.136060015003751,0.39146,I1,26.5,0.28368596821257636,0,4000,"(10, 30, 20)",0.870360912495744,0,0.5,7587481879166268023,1.0,P2-delay-operator
100000,1.257,1.234259564891223,0.77687,I1,26.5,0.03839272085830173,0,4000,"(10, 30, 20)",0.9499671916010499,0,0.5,7587481879166268023,3.0,P2-delay-operator
100000,1.3625,1.3549324831207803,0.99344,I1,26.5,3.500962975925405e-05,0,4000,"(10, 30, 20)",0.9988310473815462,0,0.5,7587481879166268023,10.0,P2-delay-operator
100000,1.061,1.0925521380345087,0.0,I1,26.5,0.7711384123810566,0,4000,"(10, 30, 20)",0.7834949712643678,1,0.5,1717294086191253376,0.0,P2-delay-operator
100000,1.19675,1.2328476494123533,0.39288,I1,26.5,0.28368596821257636,0,4000,"(10, 30, 20)",0.8689850721374364,1,0.5,1717294086191253376,1.0,P2-delay-operator
100000,1.297,1.2581055263815952,0.77924,I1,26.5,0.03839272085830173,0,4000,"(10, 30, 20)",0.9544465048778521,1,0.5,1717294086191253376,3.0,P2-delay-operator
100000,1.34,1.3477369342335586,0.99345,I1,26.5,3.500962975925405e-05,0,4000,"(10, 30, 20)",0.9987446057277364,1,0.5,1717294086191253376,10.0,P2-delay-operator
100000,1.07775,1.0599699299824958,0.0,I1,26.5,0.7711384123810566,0,4000,"(10, 30, 20)",0.7827735167063387,2,0.5,9777678648121520432,0.0,P2-delay-operator
100000,1.22275,1.203433295823956,0.39307,I1,26.5,0.28368596821257636,0,4000,"(10, 30, 20)",0.8714957057203047,2,0.5,9777678648121520432,1.0,P2-delay-operator
100000,1.27025,1.2710326956739186,0.77949,I1,26.5,0.03839272085830173,0,4000,"(10, 30, 20)",0.9534146341463414,2,0.5,9777678648121520432,3.0,P2-delay-operator
100000,1.35625,1.3376703550887723,0.99329,I1,26.5,3.500962975925405e-05,0,4000,"(10, 30, 20)",0.9985124872778517,2,0.5,9777678648121520432,10.0,P2-delay-operator
100000,1.0485,1.099422605651413,0.0,I1,26.5,0.7711384123810566,0,4000,"(10, 30, 20)",0.7790666306986782,3,0.5,6963920361043559235,0.0,P2-delay-operator
100000,1.17425,1.142172480620155,0.39489,I1,26.5,0.28368596821257636,0,4000,"(10, 30, 20)",0.8684300927516317,3,0.5,6963920361043559235,1.0,P2-delay-operator
100000,1.2755,1.2699172293073266,0.77788,I1,26.5,0.03839272085830173,0,4000,"(10, 30, 20)",0.947364185110664,3,0.5,6963920361043559235,3.0,P2-delay-operator
100000,1.3385,1.3577571892973244,0.99293,I1,26.5,3.500962975925405e-05,0,4000,"(10, 30, 20)",0.9990522824198389,3,0.5,6963920361043559235,10.0,P2-delay-operator
100000,1.068,1.0316339084771196,0.0,I1,26.5,0.7711384123810566,0,4000,"(10, 30, 20)",0.7812527453219713,4,0.5,13473594298310522815,0.0,P2-delay-operator
100000,1.1755,1.1409849962490624,0.39318,I1,26.5,0.28368596821257636,0,4000,"(10, 30, 20)",0.8708936170212765,4,0.5,13473594298310522815,1.0,P2-delay-operator
100000,1.30675,1.2999794323580893,0.775,I1,26.5,0.03839272085830173,0,4000,"(10, 30, 20)",0.9507509881422925,4,0.5,13473594298310522815,3.0,P2-delay-operator
100000,1.3625,1.3459302325581395,0.99321,I1,26.5,3.500962975925405e-05,0,4000,"(10, 30, 20)",0.9987525339154841,4,0.5,13473594298310522815,10.0,P2-delay-operator
100000,1.0365,1.0549314828707177,0.0,I1,26.5,0.7711384123810566,0,4000,"(10, 30, 20)",0.7821018815970628,5,0.5,18346604496528701022,0.0,P2-delay-operator
100000,1.17675,1.191307264316079,0.39485,I1,26.5,0.28368596821257636,0,4000,"(10, 30, 20)",0.8666610724175547,5,0.5,18346604496528701022,1.0,P2-delay-operator
100000,1.28725,1.2950612028006996,0.77862,I1,26.5,0.03839272085830173,0,4000,"(10, 30, 20)",0.9510804080649048,5,0.5,18346604496528701022,3.0,P2-delay-operator
100000,1.37975,1.4193947861965492,0.99328,I1,26.5,3.500962975925405e-05,0,4000,"(10, 30, 20)",0.9986161297762743,5,0.5,18346604496528701022,10.0,P2-delay-operator
100000,1.03925,1.0324675543885973,0.0,I1,26.5,0.7711384123810566,0,4000,"(10, 30, 20)",0.7770276434631876,6,0.5,12614051234704722954,0.0,P2-delay-operator
100000,1.18275,1.1521404726181546,0.39591,I1,26.5,0.28368596821257636,0,4000,"(10, 30, 20)",0.8705922051628142,6,0.5,12614051234704722954,1.0,P2-delay-operator
100000,1.314,1.3377384346086525,0.77809,I1,26.5,0.03839272085830173,0,4000,"(10, 30, 20)",0.9515500856831283,6,0.5,12614051234704722954,3.0,P2-delay-operator
100000,1.3645,1.3569789947486872,0.99305,I1,26.5,3.500962975925405e-05,0,4000,"(10, 30, 20)",0.998431495568975,6,0.5,12614051234704722954,10.0,P2-delay-operator
100000,1.07575,1.1077888847211803,0.0,I1,26.5,0.7711384123810566,0,4000,"(10, 30, 20)",0.7849083215796897,7,0.5,3090918959540494718,0.0,P2-delay-operator
100000,1.15925,1.1921874843710927,0.39233,I1,26.5,0.28368596821257636,0,4000,"(10, 30, 20)",0.8692121630960609,7,0.5,3090918959540494718,1.0,P2-delay-operator
100000,1.27225,1.2339384221055265,0.77713,I1,26.5,0.03839272085830173,0,4000,"(10, 30, 20)",0.9546523890646548,7,0.5,3090918959540494718,3.0,P2-delay-operator
100000,1.3745,1.313578144536134,0.99329,I1,26.5,3.500962975925405e-05,0,4000,"(10, 30, 20)",0.998159509202454,7,0.5,3090918959540494718,10.0,P2-delay-operator
100000,1.0645,1.0516026506626657,0.0,I1,26.5,0.7711384123810566,0,4000,"(10, 30, 20)",0.7879436418762261,8,0.5,17998038810356190845,0.0,P2-delay-operator
100000,1.181,1.1660305076269069,0.39491,I1,26.5,0.28368596821257636,0,4000,"(10, 30, 20)",0.860221465076661,8,0.5,17998038810356190845,1.0,P2-delay-operator
100000,1.28475,1.249479807451863,0.77935,I1,26.5,0.03839272085830173,0,4000,"(10, 30, 20)",0.950555645031406,8,0.5,17998038810356190845,3.0,P2-delay-operator
100000,1.33725,1.3648536509127283,0.99285,I1,26.5,3.500962975925405e-05,0,4000,"(10, 30, 20)",0.9987342773514754,8,0.5,17998038810356190845,10.0,P2-delay-operator
100000,1.0695,1.0634356089022257,0.0,I1,26.5,0.7711384123810566,0,4000,"(10, 30, 20)",0.7843433445885907,9,0.5,13192185478766701565,0.0,P2-delay-operator
100000,1.18,1.1563890972743185,0.39194,I1,26.5,0.28368596821257636,0,4000,"(10, 30, 20)",0.8633314006460697,9,0.5,13192185478766701565,1.0,P2-delay-operator
100000,1.2885,1.24707951987997,0.77757,I1,26.5,0.03839272085830173,0,4000,"(10, 30, 20)",0.9518482490272373,9,0.5,13192185478766701565,3.0,P2-delay-operator
100000,1.40425,1.391679857464366,0.99298,I1,26.5,3.500962975925405e-05,0,4000,"(10, 30, 20)",0.9989379456835078,9,0.5,13192185478766701565,10.0,P2-delay-operator
100000,0.863,0.8619464866216554,0.0,I1,26.5,0.509473530652171,0,4000,"(20, 10, 30)",0.6238352133398725,0,0.5,11030696121910417736,0.0,P2-delay-operator
100000,1.06275,1.0695798324581145,0.39364,I1,26.5,0.18742483774796237,0,4000,"(20, 10, 30)",0.776803118908382,0,0.5,11030696121910417736,1.0,P2-delay-operator
100000,1.25225,1.2229256689172292,0.77837,I1,26.5,0.025365193502196667,0,4000,"(20, 10, 30)",0.918396148098954,0,0.5,11030696121910417736,3.0,P2-delay-operator
100000,1.38125,1.3557373718429608,0.99292,I1,26.5,2.3130062507453742e-05,0,4000,"(20, 10, 30)",0.9965562103007576,0,0.5,11030696121910417736,10.0,P2-delay-operator
100000,0.86275,0.8536258439609903,0.0,I1,26.5,0.509473530652171,0,4000,"(20, 10, 30)",0.6336711600905245,1,0.5,9521101878160355551,0.0,P2-delay-operator
100000,1.054,1.0098364591147786,0.39401,I1,26.5,0.18742483774796237,0,4000,"(20, 10, 30)",0.7727964205816554,1,0.5,9521101878160355551,1.0,P2-delay-operator
100000,1.2365,1.2473795948987247,0.77657,I1,26.5,0.025365193502196667,0,4000,"(20, 10, 30)",0.9130759032151143,1,0.5,9521101878160355551,3.0,P2-delay-operator
100000,1.366,1.3688862215553887,0.99285,I1,26.5,2.3130062507453742e-05,0,4000,"(20, 10, 30)",0.9976505599498786,1,0.5,9521101878160355551,10.0,P2-delay-operator
100000,0.849,0.8013993498374593,0.0,I1,26.5,0.509473530652171,0,4000,"(20, 10, 30)",0.6296038224168823,2,0.5,12959007686742962052,0.0,P2-delay-operator
100000,1.08925,1.0935578269567396,0.39382,I1,26.5,0.18742483774796237,0,4000,"(20, 10, 30)",0.7775080204630191,2,0.5,12959007686742962052,1.0,P2-delay-operator
100000,1.2755,1.2724178544636158,0.77744,I1,26.5,0.025365193502196667,0,4000,"(20, 10, 30)",0.9193756034760219,2,0.5,12959007686742962052,3.0,P2-delay-operator
100000,1.34125,1.3226290947736936,0.99295,I1,26.5,2.3130062507453742e-05,0,4000,"(20, 10, 30)",0.9975786924939467,2,0.5,12959007686742962052,10.0,P2-delay-operator
100000,0.838,0.8564701175293824,0.0,I1,26.5,0.509473530652171,0,4000,"(20, 10, 30)",0.621591597657039,3,0.5,3488046187863050127,0.0,P2-delay-operator
100000,1.049,1.0468607151787948,0.39376,I1,26.5,0.18742483774796237,0,4000,"(20, 10, 30)",0.7722132471728594,3,0.5,3488046187863050127,1.0,P2-delay-operator
100000,1.242,1.2772553138284573,0.77896,I1,26.5,0.025365193502196667,0,4000,"(20, 10, 30)",0.9196931363747654,3,0.5,3488046187863050127,3.0,P2-delay-operator
100000,1.37975,1.3208701550387596,0.9937,I1,26.5,2.3130062507453742e-05,0,4000,"(20, 10, 30)",0.9977585407327253,3,0.5,3488046187863050127,10.0,P2-delay-operator
100000,0.86825,0.8731102150537635,0.0,I1,26.5,0.509473530652171,0,4000,"(20, 10, 30)",0.6361230889847119,4,0.5,11177111122842924423,0.0,P2-delay-operator
100000,1.04975,1.0235308202050513,0.39201,I1,26.5,0.18742483774796237,0,4000,"(20, 10, 30)",0.776878820568141,4,0.5,11177111122842924423,1.0,P2-delay-operator
100000,1.23675,1.2325075643910977,0.77846,I1,26.5,0.025365193502196667,0,4000,"(20, 10, 30)",0.9148691872385795,4,0.5,11177111122842924423,3.0,P2-delay-operator
100000,1.35725,1.3634633033258317,0.99291,I1,26.5,2.3130062507453742e-05,0,4000,"(20, 10, 30)",0.9978274363749224,4,0.5,11177111122842924423,10.0,P2-delay-operator
100000,0.86475,0.849669854963741,0.0,I1,26.5,0.509473530652171,0,4000,"(20, 10, 30)",0.6352661785078172,5,0.5,16683046671040049578,0.0,P2-delay-operator
100000,1.04525,1.0789721805451364,0.39462,I1,26.5,0.18742483774796237,0,4000,"(20, 10, 30)",0.7745441480283841,5,0.5,16683046671040049578,1.0,P2-delay-operator
100000,1.26625,1.2326691047761942,0.77893,I1,26.5,0.025365193502196667,0,4000,"(20, 10, 30)",0.9177841634738186,5,0.5,16683046671040049578,3.0,P2-delay-operator
100000,1.36875,1.386119967491873,0.9929,I1,26.5,2.3130062507453742e-05,0,4000,"(20, 10, 30)",0.9975112770259761,5,0.5,16683046671040049578,10.0,P2-delay-operator
100000,0.83925,0.8651257189297326,0.0,I1,26.5,0.509473530652171,0,4000,"(20, 10, 30)",0.6337515176042088,6,0.5,12427485851302475660,0.0,P2-delay-operator
100000,1.0455,1.0401897974493621,0.39405,I1,26.5,0.18742483774796237,0,4000,"(20, 10, 30)",0.7766575840145322,6,0.5,12427485851302475660,1.0,P2-delay-operator
100000,1.25675,1.2641454738684672,0.77549,I1,26.5,0.025365193502196667,0,4000,"(20, 10, 30)",0.9165387412135413,6,0.5,12427485851302475660,3.0,P2-delay-operator
100000,1.3425,1.3830395098774693,0.99313,I1,26.5,2.3130062507453742e-05,0,4000,"(20, 10, 30)",0.9973360495181384,6,0.5,12427485851302475660,10.0,P2-delay-operator
100000,0.84525,0.8230081895473869,0.0,I1,26.5,0.509473530652171,0,4000,"(20, 10, 30)",0.6305835010060362,7,0.5,3945704620489966988,0.0,P2-delay-operator
100000,1.06825,1.0708596524131033,0.39555,I1,26.5,0.18742483774796237,0,4000,"(20, 10, 30)",0.7764187426926882,7,0.5,3945704620489966988,1.0,P2-delay-operator
100000,1.25775,1.3011402225556388,0.77668,I1,26.5,0.025365193502196667,0,4000,"(20, 10, 30)",0.915747648394421,7,0.5,3945704620489966988,3.0,P2-delay-operator
100000,1.3505,1.4330080020005003,0.99329,I1,26.5,2.3130062507453742e-05,0,4000,"(20, 10, 30)",0.9980249644493601,7,0.5,3945704620489966988,10.0,P2-delay-operator
100000,0.87525,0.841397786946737,0.0,I1,26.5,0.509473530652171,0,4000,"(20, 10, 30)",0.6305966540953486,8,0.5,17214247321190858874,0.0,P2-delay-operator
100000,1.04275,1.071690360090023,0.39291,I1,26.5,0.18742483774796237,0,4000,"(20, 10, 30)",0.7795148247978436,8,0.5,17214247321190858874,1.0,P2-delay-operator
100000,1.24925,1.2189291697924483,0.77841,I1,26.5,0.025365193502196667,0,4000,"(20, 10, 30)",0.9185970636215335,8,0.5,17214247321190858874,3.0,P2-delay-operator
100000,1.38875,1.378968179544886,0.99323,I1,26.5,2.3130062507453742e-05,0,4000,"(20, 10, 30)",0.9974925917483474,8,0.5,17214247321190858874,10.0,P2-delay-operator
100000,0.876,0.8643400850212554,0.0,I1,26.5,0.509473530652171,0,4000,"(20, 10, 30)",0.6363191385217817,9,0.5,6692850733424217706,0.0,P2-delay-operator
100000,1.06825,1.0508546511627908,0.39251,I1,26.5,0.18742483774796237,0,4000,"(20, 10, 30)",0.7764849969381507,9,0.5,6692850733424217706,1.0,P2-delay-operator
100000,1.27175,1.2667186171542886,0.77571,I1,26.5,0.025365193502196667,0,4000,"(20, 10, 30)",0.9206361956783677,9,0.5,6692850733424217706,3.0,P2-delay-operator
100000,1.36,1.3207301825456363,0.99341,I1,26.5,2.3130062507453742e-05,0,4000,"(20, 10, 30)",0.9978780257780572,9,0.5,6692850733424217706,10.0,P2-delay-operator
