N,Z,Z1_live,Z_frac,lam,n_activated_by_campaign,n_gen2,order,outbreak,rep,seed,tau0,test
100000,16,1,0.00016,4.0,0,2,"(45, 20)",0,0,971093457003284334,0.0,P3-outbreak
100000,2,1,2e-05,4.0,0,0,"(45, 20)",0,1,4687560335923568030,0.0,P3-outbreak
100000,7,1,7e-05,4.0,0,1,"(45, 20)",0,2,9623916868045810544,0.0,P3-outbreak
100000,6,1,6e-05,4.0,0,2,"(45, 20)",0,3,533247959023663480,0.0,P3-outbreak
100000,3,1,3e-05,4.0,0,1,"(45, 20)",0,4,11882320328060686291,0.0,P3-outbreak
100000,1,0,1e-05,4.0,0,0,"(45, 20)",0,5,3029092762233610433,0.0,P3-outbreak
100000,23,2,0.00023,4.0,0,1,"(45, 20)",0,6,18216679190437113929,0.0,P3-outbreak
100000,18,3,0.00018,4.0,0,4,"(45, 20)",0,7,4248712096403302336,0.0,P3-outbreak
100000,1,0,1e-05,4.0,0,0,"(45, 20)",0,8,5533517469900304307,0.0,P3-outbreak
100000,3,1,3e-05,4.0,0,1,"(45, 20)",0,9,12130148902348318108,0.0,P3-outbreak
100000,1,0,1e-05,4.0,0,0,"(45, 20)",0,10,13068979846502363454,0.0,P3-outbreak
100000,1,0,1e-05,4.0,0,0,"(45, 20)",0,11,13552415152398943203,0.0,P3-outbreak
100000,49,2,0.00049,4.0,0,6,"(45, 20)",0,12,9915786113693478220,0.0,P3-outbreak
100000,8,1,8e-05,4.0,0,2,"(45, 20)",0,13,4561034787029469924,0.0,P3-outbreak
100000,1,0,1e-05,4.0,0,0,"(45, 20)",0,14,2392713068981225136,0.0,P3-outbreak
100000,1,0,1e-05,4.0,0,0,"(45, 20)",0,15,16923742604267329107,0.0,P3-outbreak
100000,7,1,7e-05,4.0,0,1,"(45, 20)",0,16,6603402129157955593,0.0,P3-outbreak
100000,1,0,1e-05,4.0,0,0,"(45, 20)",0,17,5298240338510140167,0.0,P3-outbreak
100000,2,1,2e-05,4.0,0,0,"(45, 20)",0,18,1272691496730420547,0.0,P3-outbreak
100000,21,1,0.00021,4.0,0,1,"(45, 20)",0,19,3758748858278000325,0.0,P3-outbreak
100000,33,2,0.00033,4.0,0,3,"(45, 20)",0,20,12626719508329790563,0.0,P3-outbreak
100000,3,2,3e-05,4.0,0,0,"(45, 20)",0,21,17903451864924135074,0.0,P3-outbreak
100000,9,2,9e-05,4.0,0,3,"(45, 20)",0,22,16258211752553336987,0.0,P3-outbreak
100000,2,1,2e-05,4.0,0,0,"(45, 20)",0,23,13607015759561134769,0.0,P3-outbreak
100000,9,2,9e-05,4.0,0,3,"(45, 20)",0,24,3216722876961822028,0.0,P3-outbreak
100000,1,0,1e-05,4.0,0,0,"(45, 20)",0,25,16171841347468517622,0.0,P3-outbreak
100000,3,1,3e-05,4.0,0,1,"(45, 20)",0,26,4365364482626267279,0.0,P3-outbreak
100000,4,2,4e-05,4.0,0,1,"(45, 20)",0,27,265277205983406017,0.0,P3-outbreak
100000,9,4,9e-05,4.0,0,2,"(45, 20)",0,28,16435314451189770985,0.0,P3-outbreak
100000,1,0,1e-05,4.0,0,0,"(45, 20)",0,29,7156738604556434286,0.0,P3-outbreak
100000,8,1,8e-05,4.0,0,3,"(45, 20)",0,30,2225989182611379380,0.0,P3-outbreak
100000,2,1,2e-05,4.0,0,0,"(45, 20)",0,31,6042327281097318453,0.0,P3-outbreak
100000,9,1,9e-05,4.0,0,1,"(45, 20)",0,32,17669645615683805616,0.0,P3-outbreak
100000,1,0,1e-05,4.0,0,0,"(45, 20)",0,33,18427888703070732857,0.0,P3-outbreak
100000,21,2,0.00021,4.0,0,4,"(45, 20)",0,34,17380418847223834985,0.0,P3-outbreak
100000,11,3,0.00011,4.0,0,3,"(45, 20)",0,35,2765903617152196515,0.0,P3-outbreak
100000,2,1,2e-05,4.0,0,0,"(45, 20)",0,36,12435198550845342974,0.0,P3-outbreak
100000,10,1,0.0001,4.0,0,1,"(45, 20)",0,37,10326327180624843242,0.0,P3-outbreak
100000,13,2,0.00013,4.0,0,4,"(45, 20)",0,38,1758444507533591259,0.0,P3-outbreak
100000,1,0,1e-05,4.0,0,0,"(45, 20)",0,39,768421541239504174,0.0,P3-outbreak
100000,19,1,0.00019,4.0,0,1,"(45, 20)",0,40,3398114436758265971,0.0,P3-outbreak
100000,41,3,0.00041,4.0,0,6,"(45, 20)",0,41,17075379883982360474,0.0,P3-outbreak
100000,4,2,4e-05,4.0,0,1,"(45, 20)",0,42,11122321524152399670,0.0,P3-outbreak
100000,1,0,1e-05,4.0,0,0,"(45, 20)",0,43,1094244135345725000,0.0,P3-outbreak
100000,32,4,0.00032,4.0,0,10,"(45, 20)",0,44,14314720627586380997,0.0,P3-outbreak
100000,6,3,6e-05,4.0,0,1,"(45, 20)",0,45,12044786096524281635,0.0,P3-outbreak
100000,7,1,7e-05,4.0,0,1,"(45, 20)",0,46,8585996681467602558,0.0,P3-outbreak
100000,1,0,1e-05,4.0,0,0,"(45, 20)",0,47,18270638662249349687,0.0,P3-outbreak
100000,1,0,1e-05,4.0,0,0,"(45, 20)",0,48,2364793446150960261,0.0,P3-outbreak
100000,6,2,6e-05,4.0,0,2,"(45, 20)",0,49,1605990143665690550,0.0,P3-outbreak
100000,3,1,3e-05,4.0,0,1,"(45, 20)",0,50,8278947414871871410,0.0,P3-outbreak
100000,20,3,0.0002,4.0,0,2,"(45, 20)",0,51,10406451852744993934,0.0,P3-outbreak
100000,6,4,6e-05,4.0,0,1,"(45, 20)",0,52,716100398489338688,0.0,P3-outbreak
100000,2,1,2e-05,4.0,0,0,"(45, 20)",0,53,14706704476880471114,0.0,P3-outbreak
100000,20,3,0.0002,4.0,0,4,"(45, 20)",0,54,12958128485574341160,0.0,P3-outbreak
100000,4,1,4e-05,4.0,0,1,"(45, 20)",0,55,11891080389481815656,0.0,P3-outbreak
100000,29,2,0.00029,4.0,0,3,"(45, 20)",0,56,805183898874428356,0.0,P3-outbreak
100000,9,4,9e-05,4.0,0,2,"(45, 20)",0,57,11919314602155379141,0.0,P3-outbreak
100000,27,1,0.00027,4.0,0,1,"(45, 20)",0,58,4719887113323219464,0.0,P3-outbreak
100000,1,0,1e-05,4.0,0,0,"(45, 20)",0,59,16715411981361841442,0.0,P3-outbreak
100000,12,4,0.00012,4.0,0,2,"(45, 20)",0,60,6906157553476284220,0.0,P3-outbreak
100000,14,2,0.00014,4.0,0,2,"(45, 20)",0,61,15866531433718858319,0.0,P3-outbreak
100000,4,1,4e-05,4.0,0,1,"(45, 20)",0,62,12585584433732864474,0.0,P3-outbreak
100000,1,0,1e-05,4.0,0,0,"(45, 20)",0,63,6927146134225368962,0.0,P3-outbreak
100000,2,1,2e-05,4.0,0,0,"(45, 20)",0,64,4618480249206801193,0.0,P3-outbreak
100000,9,1,9e-05,4.0,0,4,"(45, 20)",0,65,1611933818815240863,0.0,P3-outbreak
100000,2,1,2e-05,4.0,0,0,"(45, 20)",0,66,266398809945276034,0.0,P3-outbreak
100000,19,4,0.00019,4.0,0,4,"(45, 20)",0,67,8293187288834876228,0.0,P3-outbreak
100000,66,2,0.00066,4.0,0,5,"(45, 20)",0,68,11041354056171258583,0.0,P3-outbreak
100000,2,1,2e-05,4.0,0,0,"(45, 20)",0,69,1599198126053944815,0.0,P3-outbreak
100000,5,2,5e-05,4.0,0,2,"(45, 20)",0,70,13806129824567735994,0.0,P3-outbreak
100000,22,2,0.00022,4.0,0,6,"(45, 20)",0,71,12633709432913583834,0.0,P3-outbreak
100000,6,1,6e-05,4.0,0,2,"(45, 20)",0,72,17717844477500127920,0.0,P3-outbreak
100000,22,2,0.00022,4.0,0,4,"(45, 20)",0,73,14856675483906657538,0.0,P3-outbreak
100000,1,0,1e-05,4.0,0,0,"(45, 20)",0,74,4061791987312845902,0.0,P3-outbreak
100000,6,2,6e-05,4.0,0,2,"(45, 20)",0,75,15101540254077112671,0.0,P3-outbreak
100000,1,0,1e-05,4.0,0,0,"(45, 20)",0,76,12082403781131398330,0.0,P3-outbreak
100000,1,0,1e-05,4.0,0,0,"(45, 20)",0,77,5223765308253466724,0.0,P3-outbreak
100000,17,1,0.00017,4.0,0,2,"(45, 20)",0,78,648543440897757456,0.0,P3-outbreak
100000,2,1,2e-05,4.0,0,0,"(45, 20)",0,79,12833366592476365267,0.0,P3-outbreak
100000,2,1,2e-05,4.0,0,0,"(45, 20)",0,80,16544149303845875904,0.0,P3-outbreak
100000,1,0,1e-05,4.0,0,0,"(45, 20)",0,81,3189337137389269480,0.0,P3-outbreak
100000,28,2,0.00028,4.0,0,2,"(45, 20)",0,82,201075127704438188,0.0,P3-outbreak
100000,13,2,0.00013,4.0,0,2,"(45, 20)",0,83,14571515850616121793,0.0,P3-outbreak
100000,10,3,0.0001,4.0,0,3,"(45, 20)",0,84,3423248504687457484,0.0,P3-outbreak
100000,18,1,0.00018,4.0,0,3,"(45, 20)",0,85,8106285068698565362,0.0,P3-outbreak
100000,6,1,6e-05,4.0,0,1,"(45, 20)",0,86,17565787810437793313,0.0,P3-outbreak
100000,11,2,0.00011,4.0,0,3,"(45, 20)",0,87,10915706863550639400,0.0,P3-outbreak
100000,25,2,0.00025,4.0,0,4,"(45, 20)",0,88,2809945549879377368,0.0,P3-outbreak
100000,8,4,8e-05,4.0,0,3,"(45, 20)",0,89,9893510788323444348,0.0,P3-outbreak
100000,1,0,1e-05,4.0,0,0,"(45, 20)",0,90,414183561964787326,0.0,P3-outbreak
100000,7,3,7e-05,4.0,0,2,"(45, 20)",0,91,10793128443825984943,0.0,P3-outbreak
100000,5,2,5e-05,4.0,0,1,"(45, 20)",0,92,11366311951352155540,0.0,P3-outbreak
100000,3,1,3e-05,4.0,0,1,"(45, 20)",0,93,17674369440430473018,0.0,P3-outbreak
100000,1,0,1e-05,4.0,0,0,"(45, 20)",0,94,5873041426125907290,0.0,P3-outbreak
100000,8,2,8e-05,4.0,0,2,"(45, 20)",0,95,2534158319657727706,0.0,P3-outbreak
100000,27,1,0.00027,4.0,0,3,"(45, 20)",0,96,9387397018671277080,0.0,P3-outbreak
100000,1,0,1e-05,4.0,0,0,"(45, 20)",0,97,9912476977938467908,0.0,P3-outbreak
100000,1,0,1e-05,4.0,0,0,"(45, 20)",0,98,1820302604986370137,0.0,P3-outbreak
100000,24,2,0.00024,4.0,0,2,"(45, 20)",0,99,5804546934167854828,0.0,P3-outbreak
100000,8,3,8e-05,4.0,0,3,"(45, 20)",0,100,5583692257550041643,0.0,P3-outbreak
100000,4,2,4e-05,4.0,0,1,"(45, 20)",0,101,10078724089865325653,0.0,P3-outbreak
100000,80,2,0.0008,4.0,0,4,"(45, 20)",0,102,12923723061549462345,0.0,P3-outbreak
100000,1,0,1e-05,4.0,0,0,"(45, 20)",0,103,3722237261853833308,0.0,P3-outbreak
100000,22,2,0.00022,4.0,0,4,"(45, 20)",0,104,9642947249949242167,0.0,P3-outbreak
100000,6,1,6e-05,4.0,0,1,"(45, 20)",0,105,4139069447276386748,0.0,P3-outbreak
100000,10,1,0.0001,4.0,0,5,"(45, 20)",0,106,383055418160172813,0.0,P3-outbreak
100000,22,1,0.00022,4.0,0,2,"(45, 20)",0,107,13160964376489759183,0.0,P3-outbreak
100000,2,1,2e-05,4.0,0,0,"(45, 20)",0,108,11226235445624953102,0.0,P3-outbreak
100000,15,1,0.00015,4.0,0,5,"(45, 20)",0,109,5526613763623140261,0.0,P3-outbreak
100000,5,1,5e-05,4.0,0,2,"(45, 20)",0,110,15147620275034444628,0.0,P3-outbreak
100000,2,1,2e-05,4.0,0,0,"(45, 20)",0,111,15395382095632838154,0.0,P3-outbreak
100000,26,2,0.00026,4.0,0,5,"(45, 20)",0,112,6305011184956101182,0.0,P3-outbreak
100000,2,1,2e-05,4.0,0,0,"(45, 20)",0,113,3180600983240774014,0.0,P3-outbreak
100000,9,1,9e-05,4.0,0,1,"(45, 20)",0,114,7825360670594590880,0.0,P3-outbreak
100000,4,1,4e-05,4.0,0,1,"(45, 20)",0,115,9397878692339181387,0.0,P3-outbreak
100000,20,2,0.0002,4.0,0,5,"(45, 20)",0,116,2188787301994792050,0.0,P3-outbreak
100000,14,1,0.00014,4.0,0,1,"(45, 20)",0,117,2330436339970874024,0.0,P3-outbreak
100000,3,1,3e-05,4.0,0,1,"(45, 20)",0,118,6810032753292843634,0.0,P3-outbreak
100000,1,0,1e-05,4.0,0,0,"(45, 20)",0,119,2572135458367686796,0.0,P3-outbreak
100000,4,2,4e-05,4.0,0,1,"(45, 20)",0,120,16795426088992521707,0.0,P3-outbreak
100000,18,2,0.00018,4.0,0,6,"(45, 20)",0,121,4556994951546335627,0.0,P3-outbreak
100000,1,0,1e-05,4.0,0,0,"(45, 20)",0,122,12183998777136786971,0.0,P3-outbreak
100000,1,0,1e-05,4.0,0,0,"(45, 20)",0,123,8912987645394784878,0.0,P3-outbreak
100000,4,2,4e-05,4.0,0,1,"(45, 20)",0,124,18165271637846732072,0.0,P3-outbreak
100000,3,1,3e-05,4.0,0,1,"(45, 20)",0,125,5829032678495439935,0.0,P3-outbreak
100000,12,2,0.00012,4.0,0,4,"(45, 20)",0,126,1430043433143608735,0.0,P3-outbreak
100000,25,2,0.00025,4.0,0,3,"(45, 20)",0,127,10959762398186281364,0.0,P3-outbreak
100000,1,0,1e-05,4.0,0,0,"(45, 20)",0,128,7700374245117068313,0.0,P3-outbreak
100000,21,4,0.00021,4.0,0,7,"(45, 20)",0,129,3346129901581208240,0.0,P3-outbreak
100000,40,2,0.0004,4.0,0,5,"(45, 20)",0,130,7587774646236896789,0.0,P3-outbreak
100000,25,4,0.00025,4.0,0,5,"(45, 20)",0,131,12269078099116781362,0.0,P3-outbreak
100000,12,3,0.00012,4.0,0,3,"(45, 20)",0,132,4795061478174353627,0.0,P3-outbreak
100000,1,0,1e-05,4.0,0,0,"(45, 20)",0,133,12140081642808841270,0.0,P3-outbreak
100000,1,0,1e-05,4.0,0,0,"(45, 20)",0,134,11612087532948989760,0.0,P3-outbreak
100000,16,2,0.00016,4.0,0,2,"(45, 20)",0,135,12123845180751528972,0.0,P3-outbreak
100000,8,1,8e-05,4.0,0,1,"(45, 20)",0,136,4843932956365162733,0.0,P3-outbreak
100000,5,3,5e-05,4.0,0,1,"(45, 20)",0,137,8926475407343280069,0.0,P3-outbreak
100000,3,2,3e-05,4.0,0,0,"(45, 20)",0,138,3927331263569295784,0.0,P3-outbreak
100000,1,0,1e-05,4.0,0,0,"(45, 20)",0,139,12912396569970733881,0.0,P3-outbreak
100000,9,2,9e-05,4.0,0,3,"(45, 20)",0,140,9348004461408340017,0.0,P3-outbreak
100000,1,0,1e-05,4.0,0,0,"(45, 20)",0,141,6699191190842353249,0.0,P3-outbreak
100000,1,0,1e-05,4.0,0,0,"(45, 20)",0,142,16801348962000730409,0.0,P3-outbreak
100000,10,1,0.0001,4.0,0,1,"(45, 20)",0,143,2549610369931616961,0.0,P3-outbreak
100000,31,4,0.00031,4.0,0,7,"(45, 20)",0,144,10489297687343686968,0.0,P3-outbreak
100000,1,0,1e-05,4.0,0,0,"(45, 20)",0,145,13141932061298611542,0.0,P3-outbreak
100000,4,2,4e-05,4.0,0,1,"(45, 20)",0,146,13896499192492374948,0.0,P3-outbreak
100000,10,1,0.0001,4.0,0,1,"(45, 20)",0,147,16903215839062190166,0.0,P3-outbreak
100000,1,0,1e-05,4.0,0,0,"(45, 20)",0,148,5935956714918147807,0.0,P3-outbreak
100000,4,1,4e-05,4.0,0,2,"(45, 20)",0,149,8897175408014060375,0.0,P3-outbreak
100000,25,1,0.00025,4.0,0,1,"(45, 20)",0,150,13908145659156169358,0.0,P3-outbreak
100000,23,3,0.00023,4.0,0,3,"(45, 20)",0,151,10877707145076936507,0.0,P3-outbreak
100000,61,2,0.00061,4.0,0,5,"(45, 20)",0,152,929186570974944014,0.0,P3-outbreak
100000,1,0,1e-05,4.0,0,0,"(45, 20)",0,153,672583366519837700,0.0,P3-outbreak
100000,1,0,1e-05,4.0,0,0,"(45, 20)",0,154,11680765801724309784,0.0,P3-outbreak
100000,1,0,1e-05,4.0,0,0,"(45, 20)",0,155,2697756110525212823,0.0,P3-outbreak
100000,7,2,7e-05,4.0,0,1,"(45, 20)",0,156,3168066082137074226,0.0,P3-outbreak
100000,1,0,1e-05,4.0,0,0,"(45, 20)",0,157,2453215421971571129,0.0,P3-outbreak
100000,11,2,0.00011,4.0,0,3,"(45, 20)",0,158,16091285560444000623,0.0,P3-outbreak
100000,6,2,6e-05,4.0,0,1,"(45, 20)",0,159,2269826003162090683,0.0,P3-outbreak
100000,55,3,0.00055,4.0,0,7,"(45, 20)",0,160,12578318840374101740,0.0,P3-outbreak
100000,10,1,0.0001,4.0,0,3,"(45, 20)",0,161,3119010790732868641,0.0,P3-outbreak
100000,1,0,1e-05,4.0,0,0,"(45, 20)",0,162,15288135594703878633,0.0,P3-outbreak
100000,22,2,0.00022,4.0,0,3,"(45, 20)",0,163,14483128885546789601,0.0,P3-outbreak
100000,10,4,0.0001,4.0,0,3,"(45, 20)",0,164,3461956559129803156,0.0,P3-outbreak
100000,8,2,8e-05,4.0,0,1,"(45, 20)",0,165,10720239861589583421,0.0,P3-outbreak
100000,1,0,1e-05,4.0,0,0,"(45, 20)",0,166,17317154439442805465,0.0,P3-outbreak
100000,4,1,4e-05,4.0,0,1,"(45, 20)",0,167,17603095083444774591,0.0,P3-outbreak
100000,4,1,4e-05,4.0,0,1,"(45, 20)",0,168,1250493743838978100,0.0,P3-outbreak
100000,1,0,1e-05,4.0,0,0,"(45, 20)",0,169,6490666835801628044,0.0,P3-outbreak
100000,18,1,0.00018,4.0,0,1,"(45, 20)",0,170,8582399367322532364,0.0,P3-outbreak
100000,4,1,4e-05,4.0,0,1,"(45, 20)",0,171,2128430674532190889,0.0,P3-outbreak
100000,11,3,0.00011,4.0,0,3,"(45, 20)",0,172,8722804631209762114,0.0,P3-outbreak
100000,10,1,0.0001,4.0,0,3,"(45, 20)",0,173,17276871389950955906,0.0,P3-outbreak
100000,46,3,0.00046,4.0,0,4,"(45, 20)",0,174,16701858813110072792,0.0,P3-outbreak
100000,1,0,1e-05,4.0,0,0,"(45, 20)",0,175,12224325077458818574,0.0,P3-outbreak
100000,21,2,0.00021,4.0,0,5,"(45, 20)",0,176,9935300293044738253,0.0,P3-outbreak
100000,5,2,5e-05,4.0,0,2,"(45, 20)",0,177,9772133657865690993,0.0,P3-outbreak
100000,1,0,1e-05,4.0,0,0,"(45, 20)",0,178,6403961863950204483,0.0,P3-outbreak
100000,3,1,3e-05,4.0,0,1,"(45, 20)",0,179,3648429580509374251,0.0,P3-outbreak
100000,2,1,2e-05,4.0,0,0,"(45, 20)",0,180,3716004260211037055,0.0,P3-outbreak
100000,6,1,6e-05,4.0,0,2,"(45, 20)",0,181,6297964835678223488,0.0,P3-outbreak
100000,10,3,0.0001,4.0,0,4,"(45, 20)",0,182,764767865960083042,0.0,P3-outbreak
100000,8,3,8e-05,4.0,0,2,"(45, 20)",0,183,7199801352253313004,0.0,P3-outbreak
100000,33,2,0.00033,4.0,0,4,"(45, 20)",0,184,67318622814511995,0.0,P3-outbreak
100000,7,3,7e-05,4.0,0,3,"(45, 20)",0,185,14010429015760406198,0.0,P3-outbreak
100000,4,1,4e-05,4.0,0,1,"(45, 20)",0,186,3490861595020854428,0.0,P3-outbreak
100000,1,0,1e-05,4.0,0,0,"(45, 20)",0,187,59205886449521187,0.0,P3-outbreak
100000,7,3,7e-05,4.0,0,2,"(45, 20)",0,188,18014011996280889586,0.0,P3-outbreak
100000,1,0,1e-05,4.0,0,0,"(45, 20)",0,189,13212434969796666359,0.0,P3-outbreak
100000,1,0,1e-05,4.0,0,0,"(45, 20)",0,190,15869780446153704347,0.0,P3-outbreak
100000,55,2,0.00055,4.0,0,1,"(45, 20)",0,191,1353458084269376095,0.0,P3-outbreak
100000,5,2,5e-05,4.0,0,1,"(45, 20)",0,192,6985409356753221755,0.0,P3-outbreak
100000,15,3,0.00015,4.0,0,4,"(45, 20)",0,193,11351105980897344281,0.0,P3-outbreak
100000,5,2,5e-05,4.0,0,1,"(45, 20)",0,194,17617709301095432504,0.0,P3-outbreak
100000,19,3,0.00019,4.0,0,4,"(45, 20)",0,195,3390883752098806961,0.0,P3-outbreak
100000,1,0,1e-05,4.0,0,0,"(45, 20)",0,196,15182426804771897489,0.0,P3-outbreak
100000,45,1,0.00045,4.0,0,1,"(45, 20)",0,197,6353428170668485676,0.0,P3-outbreak
100000,1,0,1e-05,4.0,0,0,"(45, 20)",0,198,8981093298563892838,0.0,P3-outbreak
100000,1,0,1e-05,4.0,0,0,"(45, 20)",0,199,10252164621434106507,0.0,P3-outbreak
100000,27,3,0.00027,4.0,0,3,"(45, 20)",0,200,6389651617386894376,0.0,P3-outbreak
100000,4,3,4e-05,4.0,0,0,"(45, 20)",0,201,2809527731175484012,0.0,P3-outbreak
100000,4,1,4e-05,4.0,0,2,"(45, 20)",0,202,14851128908883418003,0.0,P3-outbreak
100000,27,2,0.00027,4.0,0,2,"(45, 20)",0,203,17651372932499425324,0.0,P3-outbreak
100000,3,1,3e-05,4.0,0,1,"(45, 20)",0,204,2497449859391492478,0.0,P3-outbreak
100000,3,1,3e-05,4.0,0,1,"(45, 20)",0,205,13178147127556132659,0.0,P3-outbreak
100000,13,3,0.00013,4.0,0,4,"(45, 20)",0,206,16488914336222923749,0.0,P3-outbreak
100000,82,6,0.00082,4.0,0,7,"(45, 20)",0,207,11462230420235028061,0.0,P3-outbreak
100000,16,2,0.00016,4.0,0,3,"(45, 20)",0,208,5837079849314707420,0.0,P3-outbreak
100000,2,1,2e-05,4.0,0,0,"(45, 20)",0,209,5857359447114781169,0.0,P3-outbreak
100000,32,2,0.00032,4.0,0,6,"(45, 20)",0,210,910353717751188191,0.0,P3-outbreak
100000,6,2,6e-05,4.0,0,2,"(45, 20)",0,211,11175662447526135732,0.0,P3-outbreak
100000,11,2,0.00011,4.0,0,3,"(45, 20)",0,212,3227964174281584757,0.0,P3-outbreak
100000,2,1,2e-05,4.0,0,0,"(45, 20)",0,213,14138581694731264970,0.0,P3-outbreak
100000,1,0,1e-05,4.0,0,0,"(45, 20)",0,214,5706607306057894788,0.0,P3-outbreak
100000,9,3,9e-05,4.0,0,3,"(45, 20)",0,215,4659245667190413758,0.0,P3-outbreak
100000,13,1,0.00013,4.0,0,1,"(45, 20)",0,216,8283301000531487310,0.0,P3-outbreak
100000,5,3,5e-05,4.0,0,1,"(45, 20)",0,217,8992044758057294215,0.0,P3-outbreak
100000,5,2,5e-05,4.0,0,2,"(45, 20)",0,218,12869035486605058977,0.0,P3-outbreak
100000,2,1,2e-05,4.0,0,0,"(45, 20)",0,219,759426007623880191,0.0,P3-outbreak
100000,15,3,0.00015,4.0,0,6,"(45, 20)",0,220,15598963452620976777,0.0,P3-outbreak
100000,7,3,7e-05,4.0,0,1,"(45, 20)",0,221,16707447165059719447,0.0,P3-outbreak
100000,16,1,0.00016,4.0,0,2,"(45, 20)",0,222,10119530021457997760,0.0,P3-outbreak
100000,2,1,2e-05,4.0,0,0,"(45, 20)",0,223,12031284152199282307,0.0,P3-outbreak
100000,18,2,0.00018,4.0,0,1,"(45, 20)",0,224,14702474049735918174,0.0,P3-outbreak
100000,1,0,1e-05,4.0,0,0,"(45, 20)",0,225,3284921567070220477,0.0,P3-outbreak
100000,3,1,3e-05,4.0,0,1,"(45, 20)",0,226,2444275234269548664,0.0,P3-outbreak
100000,18,1,0.00018,4.0,0,1,"(45, 20)",0,227,12646187100781787479,0.0,P3-outbreak
100000,12,1,0.00012,4.0,0,2,"(45, 20)",0,228,17273547261416924804,0.0,P3-outbreak
100000,4,2,4e-05,4.0,0,1,"(45, 20)",0,229,6583556867576675111,0.0,P3-outbreak
100000,43,2,0.00043,4.0,0,6,"(45, 20)",0,230,3088159727039368372,0.0,P3-outbreak
100000,8,2,8e-05,4.0,0,2,"(45, 20)",0,231,7808173877877077544,0.0,P3-outbreak
100000,1,0,1e-05,4.0,0,0,"(45, 20)",0,232,11589246338129362665,0.0,P3-outbreak
100000,22,1,0.00022,4.0,0,2,"(45, 20)",0,233,3808370411689692066,0.0,P3-outbreak
100000,16,2,0.00016,4.0,0,3,"(45, 20)",0,234,10541065986548990034,0.0,P3-outbreak
100000,8,2,8e-05,4.0,0,4,"(45, 20)",0,235,12358906888895614175,0.0,P3-outbreak
100000,5,1,5e-05,4.0,0,2,"(45, 20)",0,236,5364496218317093887,0.0,P3-outbreak
100000,1,0,1e-05,4.0,0,0,"(45, 20)",0,237,8660355052714122327,0.0,P3-outbreak
100000,2,1,2e-05,4.0,0,0,"(45, 20)",0,238,13623380163554595699,0.0,P3-outbreak
100000,1,0,1e-05,4.0,0,0,"(45, 20)",0,239,16085487480695800140,0.0,P3-outbreak
100000,8,3,8e-05,4.0,0,2,"(45, 20)",0,240,4315204601520360621,0.0,P3-outbreak
100000,9,4,9e-05,4.0,0,3,"(45, 20)",0,241,9995004131414943039,0.0,P3-outbreak
100000,4,2,4e-05,4.0,0,1,"(45, 20)",0,242,16389505157962579755,0.0,P3-outbreak
100000,2,1,2e-05,4.0,0,0,"(45, 20)",0,243,17969805171308727586,0.0,P3-outbreak
100000,1,0,1e-05,4.0,0,0,"(45, 20)",0,244,60714794715576454,0.0,P3-outbreak
100000,1,0,1e-05,4.0,0,0,"(45, 20)",0,245,10011353626141784662,0.0,P3-outbreak
100000,1,0,1e-05,4.0,0,0,"(45, 20)",0,246,5258817597323597152,0.0,P3-outbreak
100000,35,2,0.00035,4.0,0,1,"(45, 20)",0,247,3782342844044883880,0.0,P3-outbreak
100000,8,2,8e-05,4.0,0,3,"(45, 20)",0,248,8007366544365164708,0.0,P3-outbreak
100000,2,1,2e-05,4.0,0,0,"(45, 20)",0,249,15839896606215503148,0.0,P3-outbreak
100000,17,2,0.00017,4.0,0,3,"(45, 20)",0,250,11750132687895050761,0.0,P3-outbreak
100000,13,2,0.00013,4.0,0,3,"(45, 20)",0,251,13581151039829958429,0.0,P3-outbreak
100000,1,0,1e-05,4.0,0,0,"(45, 20)",0,252,17428887828971348489,0.0,P3-outbreak
100000,12,1,0.00012,4.0,0,1,"(45, 20)",0,253,10554113059857813191,0.0,P3-outbreak
100000,14,1,0.00014,4.0,0,1,"(45, 20)",0,254,469923117818038981,0.0,P3-outbreak
100000,31,2,0.00031,4.0,0,2,"(45, 20)",0,255,12862287137614655169,0.0,P3-outbreak
100000,7,2,7e-05,4.0,0,3,"(45, 20)",0,256,12808004342002957043,0.0,P3-outbreak
100000,4,2,4e-05,4.0,0,1,"(45, 20)",0,257,468286609966716041,0.0,P3-outbreak
100000,1,0,1e-05,4.0,0,0,"(45, 20)",0,258,10338379475531071272,0.0,P3-outbreak
100000,7,1,7e-05,4.0,0,1,"(45, 20)",0,259,10671091387776645737,0.0,P3-outbreak
100000,18,2,0.00018,4.0,0,5,"(45, 20)",0,260,6244430971352439557,0.0,P3-outbreak
100000,12,1,0.00012,4.0,0,1,"(45, 20)",0,261,11920581045387298144,0.0,P3-outbreak
100000,5,2,5e-05,4.0,0,2,"(45, 20)",0,262,12917427677621782173,0.0,P3-outbreak
100000,1,0,1e-05,4.0,0,0,"(45, 20)",0,263,6221856904280827211,0.0,P3-outbreak
100000,7,1,7e-05,4.0,0,2,"(45, 20)",0,264,12675295226998063871,0.0,P3-outbreak
100000,29,4,0.00029,4.0,0,6,"(45, 20)",0,265,3390098244229727524,0.0,P3-outbreak
100000,48,1,0.00048,4.0,0,1,"(45, 20)",0,266,2316040731888121890,0.0,P3-outbreak
100000,1,0,1e-05,4.0,0,0,"(45, 20)",0,267,9988191738478515068,0.0,P3-outbreak
100000,14,2,0.00014,4.0,0,4,"(45, 20)",0,268,15955866942404613771,0.0,P3-outbreak
100000,9,1,9e-05,4.0,0,2,"(45, 20)",0,269,3246799905451093865,0.0,P3-outbreak
100000,32,2,0.00032,4.0,0,4,"(45, 20)",0,270,12500931843661136260,0.0,P3-outbreak
100000,8,1,8e-05,4.0,0,3,"(45, 20)",0,271,17464740167855517835,0.0,P3-outbreak
100000,1,0,1e-05,4.0,0,0,"(45, 20)",0,272,14738758332003894794,0.0,P3-outbreak
100000,1,0,1e-05,4.0,0,0,"(45, 20)",0,273,14179732199347121497,0.0,P3-outbreak
100000,6,1,6e-05,4.0,0,2,"(45, 20)",0,274,11254901588361196829,0.0,P3-outbreak
100000,30,3,0.0003,4.0,0,2,"(45, 20)",0,275,13390748563482163571,0.0,P3-outbreak
100000,29,1,0.00029,4.0,0,4,"(45, 20)",0,276,9781833248331275104,0.0,P3-outbreak
100000,1,0,1e-05,4.0,0,0,"(45, 20)",0,277,14269468335851402587,0.0,P3-outbreak
100000,5,2,5e-05,4.0,0,1,"(45, 20)",0,278,13085994211713113909,0.0,P3-outbreak
100000,3,1,3e-05,4.0,0,1,"(45, 20)",0,279,14120858976247425506,0.0,P3-outbreak
100000,3,1,3e-05,4.0,0,1,"(45, 20)",0,280,14887055727645116360,0.0,P3-outbreak
100000,5,1,5e-05,4.0,0,1,"(45, 20)",0,281,14137216867968010188,0.0,P3-outbreak
100000,11,2,0.00011,4.0,0,4,"(45, 20)",0,282,11114826820771011781,0.0,P3-outbreak
100000,1,0,1e-05,4.0,0,0,"(45, 20)",0,283,8878259133570437114,0.0,P3-outbreak
100000,1,0,1e-05,4.0,0,0,"(45, 20)",0,284,11850776037088484773,0.0,P3-outbreak
100000,5,1,5e-05,4.0,0,1,"(45, 20)",0,285,2843907092797071667,0.0,P3-outbreak
100000,4,1,4e-05,4.0,0,1,"(45, 20)",0,286,11027675476028282118,0.0,P3-outbreak
100000,15,3,0.00015,4.0,0,3,"(45, 20)",0,287,14997667156080010136,0.0,P3-outbreak
100000,1,0,1e-05,4.0,0,0,"(45, 20)",0,288,982679379613022884,0.0,P3-outbreak
100000,1,0,1e-05,4.0,0,0,"(45, 20)",0,289,17926627568498767712,0.0,P3-outbreak
100000,12,3,0.00012,4.0,0,3,"(45, 20)",0,290,689910461200637938,0.0,P3-outbreak
100000,20,2,0.0002,4.0,0,5,"(45, 20)",0,291,5857361823563200035,0.0,P3-outbreak
100000,3,1,3e-05,4.0,0,1,"(45, 20)",0,292,7926918899660868291,0.0,P3-outbreak
100000,7,1,7e-05,4.0,0,2,"(45, 20)",0,293,14730074675835272866,0.0,P3-outbreak
100000,3,1,3e-05,4.0,0,1,"(45, 20)",0,294,6771905352108138436,0.0,P3-outbreak
100000,19,1,0.00019,4.0,0,1,"(45, 20)",0,295,256820244637918934,0.0,P3-outbreak
100000,2,1,2e-05,4.0,0,0,"(45, 20)",0,296,1261985328585913903,0.0,P3-outbreak
100000,3,1,3e-05,4.0,0,1,"(45, 20)",0,297,9081957393090681263,0.0,P3-outbreak
100000,46,3,0.00046,4.0,0,5,"(45, 20)",0,298,9593027483289352454,0.0,P3-outbreak
100000,5,3,5e-05,4.0,0,1,"(45, 20)",0,299,453563988407902986,0.0,P3-outbreak
100000,1,0,1e-05,4.0,0,0,"(20, 45)",0,0,11758370272389599793,0.0,P3-outbreak
100000,4,2,4e-05,4.0,0,1,"(20, 45)",0,1,7801152411018710371,0.0,P3-outbreak
100000,3,2,3e-05,4.0,0,0,"(20, 45)",0,2,13730039191906037265,0.0,P3-outbreak
100000,7,3,7e-05,4.0,0,1,"(20, 45)",0,3,14026583151041803710,0.0,P3-outbreak
100000,2,1,2e-05,4.0,0,0,"(20, 45)",0,4,9750979860565331689,0.0,P3-outbreak
100000,9,3,9e-05,4.0,0,1,"(20, 45)",0,5,8586276869975894225,0.0,P3-outbreak
100000,3,1,3e-05,4.0,0,1,"(20, 45)",0,6,12547276560098644472,0.0,P3-outbreak
100000,4,2,4e-05,4.0,0,1,"(20, 45)",0,7,8221047921058175685,0.0,P3-outbreak
100000,11,3,0.00011,4.0,0,4,"(20, 45)",0,8,14936748291828245629,0.0,P3-outbreak
100000,7,1,7e-05,4.0,0,3,"(20, 45)",0,9,12431813033268941827,0.0,P3-outbreak
100000,2,1,2e-05,4.0,0,0,"(20, 45)",0,10,10820119512433550176,0.0,P3-outbreak
100000,1,0,1e-05,4.0,0,0,"(20, 45)",0,11,15426586532662629039,0.0,P3-outbreak
100000,3,1,3e-05,4.0,0,1,"(20, 45)",0,12,3899910994151440842,0.0,P3-outbreak
100000,2,1,2e-05,4.0,0,0,"(20, 45)",0,13,10588059905393371586,0.0,P3-outbreak
100000,4,1,4e-05,4.0,0,2,"(20, 45)",0,14,16953419245379525005,0.0,P3-outbreak
100000,3,1,3e-05,4.0,0,1,"(20, 45)",0,15,6168034489177282374,0.0,P3-outbreak
100000,1,0,1e-05,4.0,0,0,"(20, 45)",0,16,12389231438087768035,0.0,P3-outbreak
100000,7,4,7e-05,4.0,0,2,"(20, 45)",0,17,35789962314987058,0.0,P3-outbreak
100000,1,0,1e-05,4.0,0,0,"(20, 45)",0,18,13418712728820186038,0.0,P3-outbreak
100000,2,1,2e-05,4.0,0,0,"(20, 45)",0,19,43383488955844813,0.0,P3-outbreak
100000,1,0,1e-05,4.0,0,0,"(20, 45)",0,20,1484615206244647574,0.0,P3-outbreak
100000,2,1,2e-05,4.0,0,0,"(20, 45)",0,21,17163186783886393842,0.0,P3-outbreak
100000,4,3,4e-05,4.0,0,0,"(20, 45)",0,22,59786778199168992,0.0,P3-outbreak
100000,3,1,3e-05,4.0,0,1,"(20, 45)",0,23,7290714602938254762,0.0,P3-outbreak
100000,3,2,3e-05,4.0,0,0,"(20, 45)",0,24,14652539355671263360,0.0,P3-outbreak
100000,10,2,0.0001,4.0,0,3,"(20, 45)",0,25,2053964746672694861,0.0,P3-outbreak
100000,2,1,2e-05,4.0,0,0,"(20, 45)",0,26,7072205000279987350,0.0,P3-outbreak
100000,3,2,3e-05,4.0,0,0,"(20, 45)",0,27,13251016885556642366,0.0,P3-outbreak
100000,2,1,2e-05,4.0,0,0,"(20, 45)",0,28,3995153839885355399,0.0,P3-outbreak
100000,4,3,4e-05,4.0,0,0,"(20, 45)",0,29,161958599214959187,0.0,P3-outbreak
100000,2,1,2e-05,4.0,0,0,"(20, 45)",0,30,8632081530998466832,0.0,P3-outbreak
100000,8,2,8e-05,4.0,0,3,"(20, 45)",0,31,2277889002857322528,0.0,P3-outbreak
100000,1,0,1e-05,4.0,0,0,"(20, 45)",0,32,4273070393345181629,0.0,P3-outbreak
100000,1,0,1e-05,4.0,0,0,"(20, 45)",0,33,6203781166654301460,0.0,P3-outbreak
100000,1,0,1e-05,4.0,0,0,"(20, 45)",0,34,1840481955733665633,0.0,P3-outbreak
100000,2,1,2e-05,4.0,0,0,"(20, 45)",0,35,11285855125875251196,0.0,P3-outbreak
100000,5,2,5e-05,4.0,0,2,"(20, 45)",0,36,4422237595271931485,0.0,P3-outbreak
100000,1,0,1e-05,4.0,0,0,"(20, 45)",0,37,10347734286788319920,0.0,P3-outbreak
100000,1,0,1e-05,4.0,0,0,"(20, 45)",0,38,936366818390709884,0.0,P3-outbreak
100000,2,1,2e-05,4.0,0,0,"(20, 45)",0,39,6887953355040022872,0.0,P3-outbreak
100000,5,2,5e-05,4.0,0,2,"(20, 45)",0,40,16537781863056619005,0.0,P3-outbreak
100000,5,2,5e-05,4.0,0,1,"(20, 45)",0,41,9854972100535100161,0.0,P3-outbreak
100000,2,1,2e-05,4.0,0,0,"(20, 45)",0,42,12289056919738687859,0.0,P3-outbreak
100000,1,0,1e-05,4.0,0,0,"(20, 45)",0,43,7388738529896668323,0.0,P3-outbreak
100000,6,2,6e-05,4.0,0,1,"(20, 45)",0,44,15168069135451717746,0.0,P3-outbreak
100000,8,3,8e-05,4.0,0,3,"(20, 45)",0,45,15856640458238060620,0.0,P3-outbreak
100000,1,0,1e-05,4.0,0,0,"(20, 45)",0,46,6453205168856568304,0.0,P3-outbreak
100000,2,1,2e-05,4.0,0,0,"(20, 45)",0,47,7237801823967477776,0.0,P3-outbreak
100000,1,0,1e-05,4.0,0,0,"(20, 45)",0,48,13915225594042193824,0.0,P3-outbreak
100000,1,0,1e-05,4.0,0,0,"(20, 45)",0,49,1185240570470534982,0.0,P3-outbreak
100000,2,1,2e-05,4.0,0,0,"(20, 45)",0,50,1240553761242542471,0.0,P3-outbreak
100000,11,1,0.00011,4.0,0,3,"(20, 45)",0,51,16698178012373456308,0.0,P3-outbreak
100000,2,1,2e-05,4.0,0,0,"(20, 45)",0,52,7390086874093269373,0.0,P3-outbreak
100000,5,1,5e-05,4.0,0,2,"(20, 45)",0,53,3887034315341359679,0.0,P3-outbreak
100000,18,2,0.00018,4.0,0,4,"(20, 45)",0,54,7389695365863622370,0.0,P3-outbreak
100000,6,3,6e-05,4.0,0,2,"(20, 45)",0,55,18066007070348435814,0.0,P3-outbreak
100000,1,0,1e-05,4.0,0,0,"(20, 45)",0,56,13369812364268737400,0.0,P3-outbreak
100000,2,1,2e-05,4.0,0,0,"(20, 45)",0,57,8578203778356262476,0.0,P3-outbreak
100000,2,1,2e-05,4.0,0,0,"(20, 45)",0,58,9122906888513681006,0.0,P3-outbreak
100000,4,1,4e-05,4.0,0,2,"(20, 45)",0,59,10271114642528840878,0.0,P3-outbreak
100000,3,2,3e-05,4.0,0,0,"(20, 45)",0,60,1267588000339209284,0.0,P3-outbreak
100000,15,2,0.00015,4.0,0,5,"(20, 45)",0,61,5924014898421301032,0.0,P3-outbreak
100000,1,0,1e-05,4.0,0,0,"(20, 45)",0,62,4911404093171107504,0.0,P3-outbreak
100000,4,2,4e-05,4.0,0,1,"(20, 45)",0,63,5751323675065259306,0.0,P3-outbreak
100000,17,2,0.00017,4.0,0,6,"(20, 45)",0,64,2642242823650492763,0.0,P3-outbreak
100000,4,2,4e-05,4.0,0,1,"(20, 45)",0,65,4914135533223379800,0.0,P3-outbreak
100000,6,2,6e-05,4.0,0,2,"(20, 45)",0,66,16804111548826972613,0.0,P3-outbreak
100000,1,0,1e-05,4.0,0,0,"(20, 45)",0,67,6806507189762224877,0.0,P3-outbreak
100000,4,1,4e-05,4.0,0,1,"(20, 45)",0,68,13835117131294199,0.0,P3-outbreak
100000,3,2,3e-05,4.0,0,0,"(20, 45)",0,69,10523411400960266005,0.0,P3-outbreak
100000,1,0,1e-05,4.0,0,0,"(20, 45)",0,70,6725337115159336159,0.0,P3-outbreak
100000,1,0,1e-05,4.0,0,0,"(20, 45)",0,71,10806912777469555738,0.0,P3-outbreak
100000,1,0,1e-05,4.0,0,0,"(20, 45)",0,72,17749565699719605552,0.0,P3-outbreak
100000,13,2,0.00013,4.0,0,2,"(20, 45)",0,73,4452418893778370386,0.0,P3-outbreak
100000,8,3,8e-05,4.0,0,1,"(20, 45)",0,74,17587685039409083739,0.0,P3-outbreak
100000,4,2,4e-05,4.0,0,1,"(20, 45)",0,75,2250385164107599991,0.0,P3-outbreak
100000,2,1,2e-05,4.0,0,0,"(20, 45)",0,76,11582135969390697229,0.0,P3-outbreak
100000,12,3,0.00012,4.0,0,2,"(20, 45)",0,77,13542854168638850597,0.0,P3-outbreak
100000,1,0,1e-05,4.0,0,0,"(20, 45)",0,78,14029455398591226714,0.0,P3-outbreak
100000,2,1,2e-05,4.0,0,0,"(20, 45)",0,79,3018824866765339882,0.0,P3-outbreak
100000,1,0,1e-05,4.0,0,0,"(20, 45)",0,80,16902053148405147992,0.0,P3-outbreak
100000,2,1,2e-05,4.0,0,0,"(20, 45)",0,81,9018261004767074513,0.0,P3-outbreak
100000,1,0,1e-05,4.0,0,0,"(20, 45)",0,82,8899507160369127102,0.0,P3-outbreak
100000,5,1,5e-05,4.0,0,2,"(20, 45)",0,83,6549652181254746543,0.0,P3-outbreak
100000,5,1,5e-05,4.0,0,1,"(20, 45)",0,84,16066460091145648113,0.0,P3-outbreak
100000,1,0,1e-05,4.0,0,0,"(20, 45)",0,85,4799282101151800821,0.0,P3-outbreak
100000,5,3,5e-05,4.0,0,1,"(20, 45)",0,86,5764033799660273602,0.0,P3-outbreak
100000,8,1,8e-05,4.0,0,4,"(20, 45)",0,87,429032439168223988,0.0,P3-outbreak
100000,4,2,4e-05,4.0,0,1,"(20, 45)",0,88,13204225526856479796,0.0,P3-outbreak
100000,29,3,0.00029,4.0,0,5,"(20, 45)",0,89,16459638605331099975,0.0,P3-outbreak
100000,1,0,1e-05,4.0,0,0,"(20, 45)",0,90,538577265587009799,0.0,P3-outbreak
100000,11,2,0.00011,4.0,0,2,"(20, 45)",0,91,17135260173348282905,0.0,P3-outbreak
100000,5,2,5e-05,4.0,0,2,"(20, 45)",0,92,70838778686250879,0.0,P3-outbreak
100000,3,2,3e-05,4.0,0,0,"(20, 45)",0,93,12679315993532853008,0.0,P3-outbreak
100000,2,1,2e-05,4.0,0,0,"(20, 45)",0,94,10889914003339537988,0.0,P3-outbreak
100000,1,0,1e-05,4.0,0,0,"(20, 45)",0,95,5220470058067507261,0.0,P3-outbreak
100000,6,3,6e-05,4.0,0,2,"(20, 45)",0,96,6923701874020175869,0.0,P3-outbreak
100000,22,2,0.00022,4.0,0,5,"(20, 45)",0,97,493353017587835753,0.0,P3-outbreak
100000,1,0,1e-05,4.0,0,0,"(20, 45)",0,98,17009912627792797925,0.0,P3-outbreak
100000,1,0,1e-05,4.0,0,0,"(20, 45)",0,99,5686642447304799050,0.0,P3-outbreak
100000,8,3,8e-05,4.0,0,2,"(20, 45)",0,100,6187449741726391186,0.0,P3-outbreak
100000,1,0,1e-05,4.0,0,0,"(20, 45)",0,101,9615704206234595637,0.0,P3-outbreak
100000,6,3,6e-05,4.0,0,1,"(20, 45)",0,102,1803352630559395105,0.0,P3-outbreak
100000,26,3,0.00026,4.0,0,4,"(20, 45)",0,103,4085169563634344872,0.0,P3-outbreak
100000,3,2,3e-05,4.0,0,0,"(20, 45)",0,104,14725740762511266330,0.0,P3-outbreak
100000,1,0,1e-05,4.0,0,0,"(20, 45)",0,105,3859220135448169066,0.0,P3-outbreak
100000,8,2,8e-05,4.0,0,2,"(20, 45)",0,106,14979721687831639212,0.0,P3-outbreak
100000,4,3,4e-05,4.0,0,0,"(20, 45)",0,107,11787664382201601273,0.0,P3-outbreak
100000,2,1,2e-05,4.0,0,0,"(20, 45)",0,108,2225416679661970250,0.0,P3-outbreak
100000,6,1,6e-05,4.0,0,2,"(20, 45)",0,109,17874453193594554450,0.0,P3-outbreak
100000,5,3,5e-05,4.0,0,1,"(20, 45)",0,110,1294577162665219057,0.0,P3-outbreak
100000,5,3,5e-05,4.0,0,1,"(20, 45)",0,111,4585768623049881189,0.0,P3-outbreak
100000,9,2,9e-05,4.0,0,3,"(20, 45)",0,112,6039334547988869556,0.0,P3-outbreak
100000,10,4,0.0001,4.0,0,2,"(20, 45)",0,113,12400402253334753033,0.0,P3-outbreak
100000,16,3,0.00016,4.0,0,4,"(20, 45)",0,114,11662382960264900602,0.0,P3-outbreak
100000,15,2,0.00015,4.0,0,3,"(20, 45)",0,115,17767859570160201065,0.0,P3-outbreak
100000,1,0,1e-05,4.0,0,0,"(20, 45)",0,116,10337905140073258321,0.0,P3-outbreak
100000,2,1,2e-05,4.0,0,0,"(20, 45)",0,117,17430553314328677551,0.0,P3-outbreak
100000,10,2,0.0001,4.0,0,2,"(20, 45)",0,118,3924712428978228057,0.0,P3-outbreak
100000,3,1,3e-05,4.0,0,1,"(20, 45)",0,119,2036496824454683826,0.0,P3-outbreak
100000,14,3,0.00014,4.0,0,2,"(20, 45)",0,120,12696615735129517802,0.0,P3-outbreak
100000,1,0,1e-05,4.0,0,0,"(20, 45)",0,121,17522549185417419923,0.0,P3-outbreak
100000,2,1,2e-05,4.0,0,0,"(20, 45)",0,122,14835854099143272191,0.0,P3-outbreak
100000,3,1,3e-05,4.0,0,1,"(20, 45)",0,123,13844367903089315779,0.0,P3-outbreak
100000,3,2,3e-05,4.0,0,0,"(20, 45)",0,124,4404285582206200741,0.0,P3-outbreak
100000,1,0,1e-05,4.0,0,0,"(20, 45)",0,125,11424162695491654888,0.0,P3-outbreak
100000,9,3,9e-05,4.0,0,3,"(20, 45)",0,126,9061551218899480063,0.0,P3-outbreak
100000,3,1,3e-05,4.0,0,1,"(20, 45)",0,127,10787225967603693226,0.0,P3-outbreak
100000,8,1,8e-05,4.0,0,3,"(20, 45)",0,128,9436139056289351088,0.0,P3-outbreak
100000,18,5,0.00018,4.0,0,2,"(20, 45)",0,129,8357095216732548313,0.0,P3-outbreak
100000,1,0,1e-05,4.0,0,0,"(20, 45)",0,130,1404278678247421210,0.0,P3-outbreak
100000,48,3,0.00048,4.0,0,8,"(20, 45)",0,131,110260237679217358,0.0,P3-outbreak
100000,1,0,1e-05,4.0,0,0,"(20, 45)",0,132,1740669753937405683,0.0,P3-outbreak
100000,11,3,0.00011,4.0,0,5,"(20, 45)",0,133,3724823520129020389,0.0,P3-outbreak
100000,1,0,1e-05,4.0,0,0,"(20, 45)",0,134,1431794654894676012,0.0,P3-outbreak
100000,13,4,0.00013,4.0,0,4,"(20, 45)",0,135,6062205231150912824,0.0,P3-outbreak
100000,4,1,4e-05,4.0,0,1,"(20, 45)",0,136,15794834374927381982,0.0,P3-outbreak
100000,2,1,2e-05,4.0,0,0,"(20, 45)",0,137,11524808259241898772,0.0,P3-outbreak
100000,8,2,8e-05,4.0,0,2,"(20, 45)",0,138,1548282364705611041,0.0,P3-outbreak
100000,2,1,2e-05,4.0,0,0,"(20, 45)",0,139,18181854953014093170,0.0,P3-outbreak
100000,4,1,4e-05,4.0,0,1,"(20, 45)",0,140,7221115993677667702,0.0,P3-outbreak
100000,4,1,4e-05,4.0,0,1,"(20, 45)",0,141,17463873057938944174,0.0,P3-outbreak
100000,5,2,5e-05,4.0,0,2,"(20, 45)",0,142,8315983876161887014,0.0,P3-outbreak
100000,11,3,0.00011,4.0,0,2,"(20, 45)",0,143,11631863243414661623,0.0,P3-outbreak
100000,1,0,1e-05,4.0,0,0,"(20, 45)",0,144,10342395765381970310,0.0,P3-outbreak
100000,8,1,8e-05,4.0,0,2,"(20, 45)",0,145,15450097581410130301,0.0,P3-outbreak
100000,5,3,5e-05,4.0,0,1,"(20, 45)",0,146,8815391104518603018,0.0,P3-outbreak
100000,1,0,1e-05,4.0,0,0,"(20, 45)",0,147,14559496246376810665,0.0,P3-outbreak
100000,14,2,0.00014,4.0,0,4,"(20, 45)",0,148,4066225426333944461,0.0,P3-outbreak
100000,3,1,3e-05,4.0,0,1,"(20, 45)",0,149,12425474785372168148,0.0,P3-outbreak
100000,6,3,6e-05,4.0,0,1,"(20, 45)",0,150,1725676386407469049,0.0,P3-outbreak
100000,5,1,5e-05,4.0,0,3,"(20, 45)",0,151,4152651104032083938,0.0,P3-outbreak
100000,2,1,2e-05,4.0,0,0,"(20, 45)",0,152,9632768460646373859,0.0,P3-outbreak
100000,2,1,2e-05,4.0,0,0,"(20, 45)",0,153,18329080580762074754,0.0,P3-outbreak
100000,4,1,4e-05,4.0,0,2,"(20, 45)",0,154,8298779009070063329,0.0,P3-outbreak
100000,3,2,3e-05,4.0,0,0,"(20, 45)",0,155,7858124494665906284,0.0,P3-outbreak
100000,6,1,6e-05,4.0,0,1,"(20, 45)",0,156,6314869697979435588,0.0,P3-outbreak
100000,3,1,3e-05,4.0,0,1,"(20, 45)",0,157,1950654738244276189,0.0,P3-outbreak
100000,1,0,1e-05,4.0,0,0,"(20, 45)",0,158,16559852214223973398,0.0,P3-outbreak
100000,1,0,1e-05,4.0,0,0,"(20, 45)",0,159,14889374512515879964,0.0,P3-outbreak
100000,18,2,0.00018,4.0,0,3,"(20, 45)",0,160,2531432924545616588,0.0,P3-outbreak
100000,5,3,5e-05,4.0,0,1,"(20, 45)",0,161,16021887773054991763,0.0,P3-outbreak
100000,5,1,5e-05,4.0,0,2,"(20, 45)",0,162,10594481341088827205,0.0,P3-outbreak
100000,14,3,0.00014,4.0,0,3,"(20, 45)",0,163,9168690686642003465,0.0,P3-outbreak
100000,2,1,2e-05,4.0,0,0,"(20, 45)",0,164,8107148659230602375,0.0,P3-outbreak
100000,1,0,1e-05,4.0,0,0,"(20, 45)",0,165,11799594548713793755,0.0,P3-outbreak
100000,2,1,2e-05,4.0,0,0,"(20, 45)",0,166,6713832962533161504,0.0,P3-outbreak
100000,6,3,6e-05,4.0,0,1,"(20, 45)",0,167,5660469224729589029,0.0,P3-outbreak
100000,2,1,2e-05,4.0,0,0,"(20, 45)",0,168,6042713662714817226,0.0,P3-outbreak
100000,2,1,2e-05,4.0,0,0,"(20, 45)",0,169,764644912627385140,0.0,P3-outbreak
100000,8,1,8e-05,4.0,0,3,"(20, 45)",0,170,1537059207282885584,0.0,P3-outbreak
100000,17,3,0.00017,4.0,0,4,"(20, 45)",0,171,12342332664798323570,0.0,P3-outbreak
100000,2,1,2e-05,4.0,0,0,"(20, 45)",0,172,17454326469205532856,0.0,P3-outbreak
100000,3,1,3e-05,4.0,0,1,"(20, 45)",0,173,10823076456782572534,0.0,P3-outbreak
100000,7,2,7e-05,4.0,0,2,"(20, 45)",0,174,13629722813998132411,0.0,P3-outbreak
100000,22,1,0.00022,4.0,0,2,"(20, 45)",0,175,2614749298676270311,0.0,P3-outbreak
100000,3,2,3e-05,4.0,0,0,"(20, 45)",0,176,4466896341871717138,0.0,P3-outbreak
100000,2,1,2e-05,4.0,0,0,"(20, 45)",0,177,5257965465481532720,0.0,P3-outbreak
100000,1,0,1e-05,4.0,0,0,"(20, 45)",0,178,11730655926761620107,0.0,P3-outbreak
100000,1,0,1e-05,4.0,0,0,"(20, 45)",0,179,14437354553148582085,0.0,P3-outbreak
100000,1,0,1e-05,4.0,0,0,"(20, 45)",0,180,18316967766052448343,0.0,P3-outbreak
100000,1,0,1e-05,4.0,0,0,"(20, 45)",0,181,15248745899177040932,0.0,P3-outbreak
100000,7,2,7e-05,4.0,0,4,"(20, 45)",0,182,2689947075395402863,0.0,P3-outbreak
100000,1,0,1e-05,4.0,0,0,"(20, 45)",0,183,7510230720231932643,0.0,P3-outbreak
100000,8,5,8e-05,4.0,0,2,"(20, 45)",0,184,15259008159159554356,0.0,P3-outbreak
100000,2,1,2e-05,4.0,0,0,"(20, 45)",0,185,1745309010247300030,0.0,P3-outbreak
100000,11,2,0.00011,4.0,0,2,"(20, 45)",0,186,12488750930724700744,0.0,P3-outbreak
100000,3,1,3e-05,4.0,0,1,"(20, 45)",0,187,15545287393241129697,0.0,P3-outbreak
100000,3,1,3e-05,4.0,0,1,"(20, 45)",0,188,10898600296671762945,0.0,P3-outbreak
100000,1,0,1e-05,4.0,0,0,"(20, 45)",0,189,4324458074388443887,0.0,P3-outbreak
100000,6,2,6e-05,4.0,0,3,"(20, 45)",0,190,8675795286432023712,0.0,P3-outbreak
100000,21,3,0.00021,4.0,0,2,"(20, 45)",0,191,5466536205955824969,0.0,P3-outbreak
100000,7,2,7e-05,4.0,0,3,"(20, 45)",0,192,17327442835729668843,0.0,P3-outbreak
100000,6,2,6e-05,4.0,0,3,"(20, 45)",0,193,645347959656980306,0.0,P3-outbreak
100000,2,1,2e-05,4.0,0,0,"(20, 45)",0,194,3435294496370545636,0.0,P3-outbreak
100000,14,4,0.00014,4.0,0,6,"(20, 45)",0,195,12417741201111719891,0.0,P3-outbreak
100000,1,0,1e-05,4.0,0,0,"(20, 45)",0,196,13581593016705528952,0.0,P3-outbreak
100000,9,4,9e-05,4.0,0,3,"(20, 45)",0,197,3114884923631858332,0.0,P3-outbreak
100000,3,2,3e-05,4.0,0,0,"(20, 45)",0,198,4577762509644824119,0.0,P3-outbreak
100000,1,0,1e-05,4.0,0,0,"(20, 45)",0,199,6988169457726313191,0.0,P3-outbreak
100000,14,3,0.00014,4.0,0,2,"(20, 45)",0,200,7678054604687728003,0.0,P3-outbreak
100000,1,0,1e-05,4.0,0,0,"(20, 45)",0,201,2995930255560603501,0.0,P3-outbreak
100000,16,3,0.00016,4.0,0,5,"(20, 45)",0,202,12464770273629575320,0.0,P3-outbreak
100000,13,4,0.00013,4.0,0,4,"(20, 45)",0,203,1241584096786148400,0.0,P3-outbreak
100000,4,1,4e-05,4.0,0,2,"(20, 45)",0,204,11569696562518469803,0.0,P3-outbreak
100000,1,0,1e-05,4.0,0,0,"(20, 45)",0,205,15516714654535997014,0.0,P3-outbreak
100000,1,0,1e-05,4.0,0,0,"(20, 45)",0,206,4829913443503504666,0.0,P3-outbreak
100000,10,3,0.0001,4.0,0,3,"(20, 45)",0,207,15800488677189818144,0.0,P3-outbreak
100000,8,2,8e-05,4.0,0,2,"(20, 45)",0,208,17914376130623295960,0.0,P3-outbreak
100000,2,1,2e-05,4.0,0,0,"(20, 45)",0,209,16913735588659726652,0.0,P3-outbreak
100000,1,0,1e-05,4.0,0,0,"(20, 45)",0,210,14845444266375068028,0.0,P3-outbreak
100000,1,0,1e-05,4.0,0,0,"(20, 45)",0,211,11014396026804058976,0.0,P3-outbreak
100000,8,3,8e-05,4.0,0,2,"(20, 45)",0,212,10310179371620947485,0.0,P3-outbreak
100000,9,3,9e-05,4.0,0,2,"(20, 45)",0,213,8687408857010825515,0.0,P3-outbreak
100000,2,1,2e-05,4.0,0,0,"(20, 45)",0,214,8284924538537261111,0.0,P3-outbreak
100000,7,1,7e-05,4.0,0,3,"(20, 45)",0,215,11826841076232482475,0.0,P3-outbreak
100000,8,2,8e-05,4.0,0,2,"(20, 45)",0,216,5187139153278990204,0.0,P3-outbreak
100000,6,3,6e-05,4.0,0,2,"(20, 45)",0,217,9315866850621956693,0.0,P3-outbreak
100000,1,0,1e-05,4.0,0,0,"(20, 45)",0,218,15387510937818193713,0.0,P3-outbreak
100000,5,3,5e-05,4.0,0,1,"(20, 45)",0,219,5624713491695584580,0.0,P3-outbreak
100000,17,3,0.00017,4.0,0,6,"(20, 45)",0,220,8204939499271963000,0.0,P3-outbreak
100000,3,2,3e-05,4.0,0,0,"(20, 45)",0,221,12539613071499822670,0.0,P3-outbreak
100000,19,5,0.00019,4.0,0,2,"(20, 45)",0,222,7914005464181527574,0.0,P3-outbreak
100000,1,0,1e-05,4.0,0,0,"(20, 45)",0,223,8429866207444602529,0.0,P3-outbreak
100000,1,0,1e-05,4.0,0,0,"(20, 45)",0,224,12837716175021983650,0.0,P3-outbreak
100000,2,1,2e-05,4.0,0,0,"(20, 45)",0,225,7825176220228587131,0.0,P3-outbreak
100000,6,2,6e-05,4.0,0,2,"(20, 45)",0,226,9269439625055831423,0.0,P3-outbreak
100000,13,1,0.00013,4.0,0,2,"(20, 45)",0,227,6322132263197325005,0.0,P3-outbreak
100000,2,1,2e-05,4.0,0,0,"(20, 45)",0,228,4199489730382025113,0.0,P3-outbreak
100000,2,1,2e-05,4.0,0,0,"(20, 45)",0,229,13070909843986301297,0.0,P3-outbreak
100000,9,3,9e-05,4.0,0,3,"(20, 45)",0,230,7831985083993419975,0.0,P3-outbreak
100000,1,0,1e-05,4.0,0,0,"(20, 45)",0,231,14665778610730244299,0.0,P3-outbreak
100000,16,2,0.00016,4.0,0,4,"(20, 45)",0,232,1046265878276733365,0.0,P3-outbreak
100000,3,2,3e-05,4.0,0,0,"(20, 45)",0,233,17049056858560396617,0.0,P3-outbreak
100000,4,3,4e-05,4.0,0,0,"(20, 45)",0,234,15877406144828322056,0.0,P3-outbreak
100000,6,3,6e-05,4.0,0,1,"(20, 45)",0,235,14640019674661639542,0.0,P3-outbreak
100000,14,3,0.00014,4.0,0,3,"(20, 45)",0,236,7662452522884815227,0.0,P3-outbreak
100000,1,0,1e-05,4.0,0,0,"(20, 45)",0,237,3402643748497030195,0.0,P3-outbreak
100000,10,2,0.0001,4.0,0,1,"(20, 45)",0,238,13311390201861047451,0.0,P3-outbreak
100000,24,5,0.00024,4.0,0,8,"(20, 45)",0,239,17166197881147151239,0.0,P3-outbreak
100000,1,0,1e-05,4.0,0,0,"(20, 45)",0,240,7173895351733905581,0.0,P3-outbreak
100000,7,2,7e-05,4.0,0,1,"(20, 45)",0,241,1926871887428071291,0.0,P3-outbreak
100000,4,2,4e-05,4.0,0,1,"(20, 45)",0,242,10268550201823910077,0.0,P3-outbreak
100000,1,0,1e-05,4.0,0,0,"(20, 45)",0,243,16087764422501880215,0.0,P3-outbreak
100000,6,5,6e-05,4.0,0,0,"(20, 45)",0,244,12053501171083857020,0.0,P3-outbreak
100000,4,2,4e-05,4.0,0,1,"(20, 45)",0,245,1238249972334710879,0.0,P3-outbreak
100000,12,3,0.00012,4.0,0,3,"(20, 45)",0,246,7406061083795440912,0.0,P3-outbreak
100000,2,1,2e-05,4.0,0,0,"(20, 45)",0,247,9262699940401691026,0.0,P3-outbreak
100000,1,0,1e-05,4.0,0,0,"(20, 45)",0,248,4677831767160345610,0.0,P3-outbreak
100000,4,1,4e-05,4.0,0,1,"(20, 45)",0,249,7889853850376574067,0.0,P3-outbreak
100000,6,3,6e-05,4.0,0,1,"(20, 45)",0,250,3762021084984344997,0.0,P3-outbreak
100000,3,1,3e-05,4.0,0,1,"(20, 45)",0,251,5755185780707077331,0.0,P3-outbreak
100000,4,3,4e-05,4.0,0,0,"(20, 45)",0,252,5932160123193623217,0.0,P3-outbreak
100000,2,1,2e-05,4.0,0,0,"(20, 45)",0,253,4393159976912704342,0.0,P3-outbreak
100000,12,2,0.00012,4.0,0,1,"(20, 45)",0,254,2012250066934449380,0.0,P3-outbreak
100000,8,5,8e-05,4.0,0,2,"(20, 45)",0,255,5042727884831288443,0.0,P3-outbreak
100000,26,5,0.00026,4.0,0,1,"(20, 45)",0,256,848056763443967676,0.0,P3-outbreak
100000,2,1,2e-05,4.0,0,0,"(20, 45)",0,257,8234538213351229870,0.0,P3-outbreak
100000,20,1,0.0002,4.0,0,3,"(20, 45)",0,258,5423413462448295362,0.0,P3-outbreak
100000,1,0,1e-05,4.0,0,0,"(20, 45)",0,259,6151933783657686573,0.0,P3-outbreak
100000,4,2,4e-05,4.0,0,1,"(20, 45)",0,260,1500285792175541789,0.0,P3-outbreak
100000,8,3,8e-05,4.0,0,2,"(20, 45)",0,261,4711051320242264340,0.0,P3-outbreak
100000,1,0,1e-05,4.0,0,0,"(20, 45)",0,262,4709204018942799207,0.0,P3-outbreak
100000,2,1,2e-05,4.0,0,0,"(20, 45)",0,263,5337670687188226845,0.0,P3-outbreak
100000,1,0,1e-05,4.0,0,0,"(20, 45)",0,264,5381491782732862468,0.0,P3-outbreak
100000,8,1,8e-05,4.0,0,4,"(20, 45)",0,265,6502545167715349885,0.0,P3-outbreak
100000,2,1,2e-05,4.0,0,0,"(20, 45)",0,266,143429481732496234,0.0,P3-outbreak
100000,5,3,5e-05,4.0,0,1,"(20, 45)",0,267,15466866425981885470,0.0,P3-outbreak
100000,8,4,8e-05,4.0,0,2,"(20, 45)",0,268,6099004489451057904,0.0,P3-outbreak
100000,1,0,1e-05,4.0,0,0,"(20, 45)",0,269,14027977591695022651,0.0,P3-outbreak
100000,1,0,1e-05,4.0,0,0,"(20, 45)",0,270,13956277935022478195,0.0,P3-outbreak
100000,8,1,8e-05,4.0,0,4,"(20, 45)",0,271,7025533744318114260,0.0,P3-outbreak
100000,23,6,0.00023,4.0,0,5,"(20, 45)",0,272,12751444451618201839,0.0,P3-outbreak
100000,13,3,0.00013,4.0,0,5,"(20, 45)",0,273,12447395414530640931,0.0,P3-outbreak
100000,4,3,4e-05,4.0,0,0,"(20, 45)",0,274,7933358798960016989,0.0,P3-outbreak
100000,9,2,9e-05,4.0,0,3,"(20, 45)",0,275,1420540183034256222,0.0,P3-outbreak
100000,2,1,2e-05,4.0,0,0,"(20, 45)",0,276,5447180158224188065,0.0,P3-outbreak
100000,2,1,2e-05,4.0,0,0,"(20, 45)",0,277,17075123554635057091,0.0,P3-outbreak
100000,10,2,0.0001,4.0,0,1,"(20, 45)",0,278,2737067800033576942,0.0,P3-outbreak
100000,1,0,1e-05,4.0,0,0,"(20, 45)",0,279,3470663188723975431,0.0,P3-outbreak
100000,16,3,0.00016,4.0,0,3,"(20, 45)",0,280,8949543198382388011,0.0,P3-outbreak
100000,2,1,2e-05,4.0,0,0,"(20, 45)",0,281,15268735398440238318,0.0,P3-outbreak
100000,7,1,7e-05,4.0,0,3,"(20, 45)",0,282,10251350384606084694,0.0,P3-outbreak
100000,6,2,6e-05,4.0,0,2,"(20, 45)",0,283,6396666456426028586,0.0,P3-outbreak
100000,4,1,4e-05,4.0,0,1,"(20, 45)",0,284,5246148327911121343,0.0,P3-outbreak
100000,1,0,1e-05,4.0,0,0,"(20, 45)",0,285,13754112662804097938,0.0,P3-outbreak
100000,1,0,1e-05,4.0,0,0,"(20, 45)",0,286,7129024183233500008,0.0,P3-outbreak
100000,1,0,1e-05,4.0,0,0,"(20, 45)",0,287,13109848190066148741,0.0,P3-outbreak
100000,7,3,7e-05,4.0,0,2,"(20, 45)",0,288,13573101229574083690,0.0,P3-outbreak
100000,3,2,3e-05,4.0,0,0,"(20, 45)",0,289,1096782038705247653,0.0,P3-outbreak
100000,10,2,0.0001,4.0,0,4,"(20, 45)",0,290,467982430772828220,0.0,P3-outbreak
100000,3,1,3e-05,4.0,0,1,"(20, 45)",0,291,1885676003731808230,0.0,P3-outbreak
100000,9,2,9e-05,4.0,0,4,"(20, 45)",0,292,63119114510504030,0.0,P3-outbreak
100000,4,1,4e-05,4.0,0,2,"(20, 45)",0,293,7238921441050277791,0.0,P3-outbreak
100000,28,3,0.00028,4.0,0,6,"(20, 45)",0,294,16346734215732533031,0.0,P3-outbreak
100000,11,4,0.00011,4.0,0,2,"(20, 45)",0,295,3493987347109956405,0.0,P3-outbreak
100000,3,1,3e-05,4.0,0,1,"(20, 45)",0,296,18432824755366869283,0.0,P3-outbreak
100000,1,0,1e-05,4.0,0,0,"(20, 45)",0,297,2927152704694674499,0.0,P3-outbreak
100000,3,2,3e-05,4.0,0,0,"(20, 45)",0,298,9594928905703727662,0.0,P3-outbreak
100000,6,2,6e-05,4.0,0,2,"(20, 45)",0,299,14596846454628433474,0.0,P3-outbreak
100000,11,3,0.00011,4.0,0,4,"(45, 20)",0,0,15064917746359037584,1.0,P3-outbreak
100000,3,2,3e-05,4.0,0,0,"(45, 20)",0,1,4016825177406535146,1.0,P3-outbreak
100000,2,1,2e-05,4.0,0,0,"(45, 20)",0,2,5693347584160627652,1.0,P3-outbreak
100000,2,1,2e-05,4.0,0,0,"(45, 20)",0,3,16218586674922750381,1.0,P3-outbreak
100000,3,2,3e-05,4.0,0,0,"(45, 20)",0,4,10142919514259539549,1.0,P3-outbreak
100000,5,3,5e-05,4.0,0,1,"(45, 20)",0,5,9896203925604780360,1.0,P3-outbreak
100000,7,2,7e-05,4.0,0,1,"(45, 20)",0,6,16033496634489311783,1.0,P3-outbreak
100000,1,0,1e-05,4.0,0,0,"(45, 20)",0,7,8816361747324638122,1.0,P3-outbreak
100000,7,2,7e-05,4.0,0,3,"(45, 20)",0,8,14386502479277658814,1.0,P3-outbreak
100000,1,0,1e-05,4.0,0,0,"(45, 20)",0,9,6820046055799737003,1.0,P3-outbreak
100000,1,0,1e-05,4.0,0,0,"(45, 20)",0,10,13813382031603652177,1.0,P3-outbreak
100000,4,2,4e-05,4.0,0,1,"(45, 20)",0,11,7090763064002333465,1.0,P3-outbreak
100000,1,0,1e-05,4.0,0,0,"(45, 20)",0,12,4278340804973088677,1.0,P3-outbreak
100000,6,1,6e-05,4.0,0,2,"(45, 20)",0,13,1865626572550175049,1.0,P3-outbreak
100000,4,1,4e-05,4.0,0,1,"(45, 20)",0,14,2314392035905067192,1.0,P3-outbreak
100000,2,1,2e-05,4.0,0,0,"(45, 20)",0,15,14132125000252926639,1.0,P3-outbreak
100000,2,1,2e-05,4.0,0,0,"(45, 20)",0,16,25695072431493090,1.0,P3-outbreak
100000,1,0,1e-05,4.0,0,0,"(45, 20)",0,17,17926054876880359124,1.0,P3-outbreak
100000,2,1,2e-05,4.0,0,0,"(45, 20)",0,18,10140478976567779577,1.0,P3-outbreak
100000,1,0,1e-05,4.0,0,0,"(45, 20)",0,19,10529563775267885848,1.0,P3-outbreak
100000,1,0,1e-05,4.0,0,0,"(45, 20)",0,20,5864051323794232308,1.0,P3-outbreak
100000,2,1,2e-05,4.0,0,0,"(45, 20)",0,21,17020567283723008195,1.0,P3-outbreak
100000,2,1,2e-05,4.0,0,0,"(45, 20)",0,22,14640380615229263183,1.0,P3-outbreak
100000,1,0,1e-05,4.0,0,0,"(45, 20)",0,23,391584884748240778,1.0,P3-outbreak
100000,2,1,2e-05,4.0,0,0,"(45, 20)",0,24,6607611068315458548,1.0,P3-outbreak
100000,2,1,2e-05,4.0,0,0,"(45, 20)",0,25,2336450008671158552,1.0,P3-outbreak
100000,10,1,0.0001,4.0,0,2,"(45, 20)",0,26,6137439829596933967,1.0,P3-outbreak
100000,4,2,4e-05,4.0,0,1,"(45, 20)",0,27,5922675711433933928,1.0,P3-outbreak
100000,8,1,8e-05,4.0,0,1,"(45, 20)",0,28,8208921503864373767,1.0,P3-outbreak
100000,1,0,1e-05,4.0,0,0,"(45, 20)",0,29,8905014327187243634,1.0,P3-outbreak
100000,3,1,3e-05,4.0,0,1,"(45, 20)",0,30,2177494900350974510,1.0,P3-outbreak
100000,1,0,1e-05,4.0,0,0,"(45, 20)",0,31,1234431115749696782,1.0,P3-outbreak
100000,8,1,8e-05,4.0,0,3,"(45, 20)",0,32,7803461814001643737,1.0,P3-outbreak
100000,1,0,1e-05,4.0,0,0,"(45, 20)",0,33,1797975181290675369,1.0,P3-outbreak
100000,9,2,9e-05,4.0,0,1,"(45, 20)",0,34,4320469048588529591,1.0,P3-outbreak
100000,5,1,5e-05,4.0,0,1,"(45, 20)",0,35,15262225556077670655,1.0,P3-outbreak
100000,8,2,8e-05,4.0,0,1,"(45, 20)",0,36,13750075080119172702,1.0,P3-outbreak
100000,4,2,4e-05,4.0,0,1,"(45, 20)",0,37,10037203075362395140,1.0,P3-outbreak
100000,2,1,2e-05,4.0,0,0,"(45, 20)",0,38,3242509007727833674,1.0,P3-outbreak
100000,2,1,2e-05,4.0,0,0,"(45, 20)",0,39,15401423326698444826,1.0,P3-outbreak
100000,4,2,4e-05,4.0,0,1,"(45, 20)",0,40,12380301339337453472,1.0,P3-outbreak
100000,3,2,3e-05,4.0,0,0,"(45, 20)",0,41,8252314513652685500,1.0,P3-outbreak
100000,2,1,2e-05,4.0,0,0,"(45, 20)",0,42,1121758623232269128,1.0,P3-outbreak
100000,1,0,1e-05,4.0,0,0,"(45, 20)",0,43,14441682285832832708,1.0,P3-outbreak
100000,2,1,2e-05,4.0,0,0,"(45, 20)",0,44,6750299578884216029,1.0,P3-outbreak
100000,9,4,9e-05,4.0,0,3,"(45, 20)",0,45,11908250803556472894,1.0,P3-outbreak
100000,17,2,0.00017,4.0,0,2,"(45, 20)",0,46,9277881036232679734,1.0,P3-outbreak
100000,2,1,2e-05,4.0,0,0,"(45, 20)",0,47,10753221294988104805,1.0,P3-outbreak
100000,1,0,1e-05,4.0,0,0,"(45, 20)",0,48,638024847864010861,1.0,P3-outbreak
100000,6,4,6e-05,4.0,0,1,"(45, 20)",0,49,10870533937847052189,1.0,P3-outbreak
100000,1,0,1e-05,4.0,0,0,"(45, 20)",0,50,6879548567830117170,1.0,P3-outbreak
100000,7,4,7e-05,4.0,0,2,"(45, 20)",0,51,12954723937309136531,1.0,P3-outbreak
100000,3,1,3e-05,4.0,0,1,"(45, 20)",0,52,14031135966184792794,1.0,P3-outbreak
100000,5,2,5e-05,4.0,0,2,"(45, 20)",0,53,10824380197596651566,1.0,P3-outbreak
100000,29,3,0.00029,4.0,0,8,"(45, 20)",0,54,4753290285801020934,1.0,P3-outbreak
100000,3,2,3e-05,4.0,0,0,"(45, 20)",0,55,7819229459611958115,1.0,P3-outbreak
100000,2,1,2e-05,4.0,0,0,"(45, 20)",0,56,2568818882207128657,1.0,P3-outbreak
100000,1,0,1e-05,4.0,0,0,"(45, 20)",0,57,11010213350710709497,1.0,P3-outbreak
100000,1,0,1e-05,4.0,0,0,"(45, 20)",0,58,1857181788163505780,1.0,P3-outbreak
100000,5,1,5e-05,4.0,0,1,"(45, 20)",0,59,1518708845341836872,1.0,P3-outbreak
100000,5,2,5e-05,4.0,0,1,"(45, 20)",0,60,15469015019216880089,1.0,P3-outbreak
100000,3,2,3e-05,4.0,0,0,"(45, 20)",0,61,14582433830678978756,1.0,P3-outbreak
100000,3,1,3e-05,4.0,0,1,"(45, 20)",0,62,7265310543013790571,1.0,P3-outbreak
100000,3,2,3e-05,4.0,0,0,"(45, 20)",0,63,7939995362915097151,1.0,P3-outbreak
100000,4,1,4e-05,4.0,0,2,"(45, 20)",0,64,14482909666253724516,1.0,P3-outbreak
100000,1,0,1e-05,4.0,0,0,"(45, 20)",0,65,17979462457582182014,1.0,P3-outbreak
100000,3,2,3e-05,4.0,0,0,"(45, 20)",0,66,17231365825168200740,1.0,P3-outbreak
100000,3,2,3e-05,4.0,0,0,"(45, 20)",0,67,12633783199801071315,1.0,P3-outbreak
100000,1,0,1e-05,4.0,0,0,"(45, 20)",0,68,12501412898961915137,1.0,P3-outbreak
100000,3,1,3e-05,4.0,0,1,"(45, 20)",0,69,16025509376687515686,1.0,P3-outbreak
100000,7,4,7e-05,4.0,0,1,"(45, 20)",0,70,18225277395128223196,1.0,P3-outbreak
100000,2,1,2e-05,4.0,0,0,"(45, 20)",0,71,5803893880762164239,1.0,P3-outbreak
100000,5,3,5e-05,4.0,0,1,"(45, 20)",0,72,7558620244420711722,1.0,P3-outbreak
100000,1,0,1e-05,4.0,0,0,"(45, 20)",0,73,4324900939493180775,1.0,P3-outbreak
100000,6,2,6e-05,4.0,0,2,"(45, 20)",0,74,12118931959032880002,1.0,P3-outbreak
100000,10,3,0.0001,4.0,0,3,"(45, 20)",0,75,15940746605424080576,1.0,P3-outbreak
100000,2,1,2e-05,4.0,0,0,"(45, 20)",0,76,10747633173949499944,1.0,P3-outbreak
100000,10,2,0.0001,4.0,0,2,"(45, 20)",0,77,3737056724798715237,1.0,P3-outbreak
100000,2,1,2e-05,4.0,0,0,"(45, 20)",0,78,12607233038218988973,1.0,P3-outbreak
100000,1,0,1e-05,4.0,0,0,"(45, 20)",0,79,11216420877771987621,1.0,P3-outbreak
100000,5,3,5e-05,4.0,0,1,"(45, 20)",0,80,3600725082933559357,1.0,P3-outbreak
100000,6,1,6e-05,4.0,0,2,"(45, 20)",0,81,7682111427907686245,1.0,P3-outbreak
100000,5,2,5e-05,4.0,0,1,"(45, 20)",0,82,8759303418980313458,1.0,P3-outbreak
100000,1,0,1e-05,4.0,0,0,"(45, 20)",0,83,11616212068647085,1.0,P3-outbreak
100000,17,4,0.00017,4.0,0,3,"(45, 20)",0,84,12440970776833520354,1.0,P3-outbreak
100000,2,1,2e-05,4.0,0,0,"(45, 20)",0,85,9821594374065268681,1.0,P3-outbreak
100000,4,2,4e-05,4.0,0,1,"(45, 20)",0,86,1848831428657432534,1.0,P3-outbreak
100000,5,1,5e-05,4.0,0,2,"(45, 20)",0,87,4910804055980475038,1.0,P3-outbreak
100000,1,0,1e-05,4.0,0,0,"(45, 20)",0,88,576096983030100831,1.0,P3-outbreak
100000,9,2,9e-05,4.0,0,4,"(45, 20)",0,89,2740573662634645437,1.0,P3-outbreak
100000,2,1,2e-05,4.0,0,0,"(45, 20)",0,90,9982426014475886660,1.0,P3-outbreak
100000,1,0,1e-05,4.0,0,0,"(45, 20)",0,91,17517332809872302068,1.0,P3-outbreak
100000,4,1,4e-05,4.0,0,1,"(45, 20)",0,92,8709441129996251732,1.0,P3-outbreak
100000,3,1,3e-05,4.0,0,1,"(45, 20)",0,93,5497796832462637296,1.0,P3-outbreak
100000,2,1,2e-05,4.0,0,0,"(45, 20)",0,94,4626884840296114596,1.0,P3-outbreak
100000,3,1,3e-05,4.0,0,1,"(45, 20)",0,95,9596282122611845218,1.0,P3-outbreak
100000,2,1,2e-05,4.0,0,0,"(45, 20)",0,96,9217551996578231278,1.0,P3-outbreak
100000,1,0,1e-05,4.0,0,0,"(45, 20)",0,97,18114197238122038762,1.0,P3-outbreak
100000,1,0,1e-05,4.0,0,0,"(45, 20)",0,98,16029433272402644403,1.0,P3-outbreak
100000,9,5,9e-05,4.0,0,3,"(45, 20)",0,99,17310495847383644163,1.0,P3-outbreak
100000,2,1,2e-05,4.0,0,0,"(20, 45)",0,0,5254797248722971890,1.0,P3-outbreak
100000,1,0,1e-05,4.0,0,0,"(20, 45)",0,1,9867870062772393315,1.0,P3-outbreak
100000,7,2,7e-05,4.0,0,2,"(20, 45)",0,2,17632000950600427281,1.0,P3-outbreak
100000,4,3,4e-05,4.0,0,0,"(20, 45)",0,3,16026014779412166095,1.0,P3-outbreak
100000,4,1,4e-05,4.0,0,2,"(20, 45)",0,4,1181188944795314931,1.0,P3-outbreak
100000,3,2,3e-05,4.0,0,0,"(20, 45)",0,5,3790824859756707411,1.0,P3-outbreak
100000,1,0,1e-05,4.0,0,0,"(20, 45)",0,6,1257789224099033272,1.0,P3-outbreak
100000,2,1,2e-05,4.0,0,0,"(20, 45)",0,7,5238425693904656704,1.0,P3-outbreak
100000,9,4,9e-05,4.0,0,2,"(20, 45)",0,8,8316473130792254894,1.0,P3-outbreak
100000,3,2,3e-05,4.0,0,0,"(20, 45)",0,9,17222809581095290413,1.0,P3-outbreak
100000,2,1,2e-05,4.0,0,0,"(20, 45)",0,10,5195598675577605617,1.0,P3-outbreak
100000,6,1,6e-05,4.0,0,4,"(20, 45)",0,11,13209751574184957108,1.0,P3-outbreak
100000,2,1,2e-05,4.0,0,0,"(20, 45)",0,12,3062912238272724756,1.0,P3-outbreak
100000,1,0,1e-05,4.0,0,0,"(20, 45)",0,13,12956703685646222062,1.0,P3-outbreak
100000,7,3,7e-05,4.0,0,3,"(20, 45)",0,14,3248591714446439705,1.0,P3-outbreak
100000,2,1,2e-05,4.0,0,0,"(20, 45)",0,15,2092493217871602844,1.0,P3-outbreak
100000,1,0,1e-05,4.0,0,0,"(20, 45)",0,16,12380056536496282699,1.0,P3-outbreak
100000,1,0,1e-05,4.0,0,0,"(20, 45)",0,17,6265674650283213306,1.0,P3-outbreak
100000,2,1,2e-05,4.0,0,0,"(20, 45)",0,18,6113137591035543538,1.0,P3-outbreak
100000,7,2,7e-05,4.0,0,2,"(20, 45)",0,19,877555948157598501,1.0,P3-outbreak
100000,7,1,7e-05,4.0,0,2,"(20, 45)",0,20,8767664221378870792,1.0,P3-outbreak
100000,1,0,1e-05,4.0,0,0,"(20, 45)",0,21,9620491437589846175,1.0,P3-outbreak
100000,3,1,3e-05,4.0,0,1,"(20, 45)",0,22,13890820555256784112,1.0,P3-outbreak
100000,2,1,2e-05,4.0,0,0,"(20, 45)",0,23,5283402565665814679,1.0,P3-outbreak
100000,3,2,3e-05,4.0,0,0,"(20, 45)",0,24,17205453371785391844,1.0,P3-outbreak
100000,9,3,9e-05,4.0,0,1,"(20, 45)",0,25,9510475858134256129,1.0,P3-outbreak
100000,4,1,4e-05,4.0,0,1,"(20, 45)",0,26,11963905147872528265,1.0,P3-outbreak
100000,2,1,2e-05,4.0,0,0,"(20, 45)",0,27,10342402745809926354,1.0,P3-outbreak
100000,2,1,2e-05,4.0,0,0,"(20, 45)",0,28,4284418462011607278,1.0,P3-outbreak
100000,2,1,2e-05,4.0,0,0,"(20, 45)",0,29,1980606634019813174,1.0,P3-outbreak
100000,1,0,1e-05,4.0,0,0,"(20, 45)",0,30,3421530289161762799,1.0,P3-outbreak
100000,1,0,1e-05,4.0,0,0,"(20, 45)",0,31,5801292043384732188,1.0,P3-outbreak
100000,4,2,4e-05,4.0,0,1,"(20, 45)",0,32,14492389093736672790,1.0,P3-outbreak
100000,2,1,2e-05,4.0,0,0,"(20, 45)",0,33,3202807244059309257,1.0,P3-outbreak
100000,5,2,5e-05,4.0,0,1,"(20, 45)",0,34,4196282366300592944,1.0,P3-outbreak
100000,4,2,4e-05,4.0,0,1,"(20, 45)",0,35,9256468258443960231,1.0,P3-outbreak
100000,3,1,3e-05,4.0,0,1,"(20, 45)",0,36,6386051045531202438,1.0,P3-outbreak
100000,4,3,4e-05,4.0,0,0,"(20, 45)",0,37,17047324406021144825,1.0,P3-outbreak
100000,27,4,0.00027,4.0,0,3,"(20, 45)",0,38,17119820902959857548,1.0,P3-outbreak
100000,1,0,1e-05,4.0,0,0,"(20, 45)",0,39,6516232207404209041,1.0,P3-outbreak
100000,4,2,4e-05,4.0,0,1,"(20, 45)",0,40,17810245329080007649,1.0,P3-outbreak
100000,1,0,1e-05,4.0,0,0,"(20, 45)",0,41,12917796955910828271,1.0,P3-outbreak
100000,7,2,7e-05,4.0,0,2,"(20, 45)",0,42,2792561125857951052,1.0,P3-outbreak
100000,3,2,3e-05,4.0,0,0,"(20, 45)",0,43,8735987574119277922,1.0,P3-outbreak
100000,13,4,0.00013,4.0,0,3,"(20, 45)",0,44,3971795137773903319,1.0,P3-outbreak
100000,3,1,3e-05,4.0,0,1,"(20, 45)",0,45,8894026667073083038,1.0,P3-outbreak
100000,26,3,0.00026,4.0,0,4,"(20, 45)",0,46,3357962648695953645,1.0,P3-outbreak
100000,4,1,4e-05,4.0,0,1,"(20, 45)",0,47,5577836604068753948,1.0,P3-outbreak
100000,13,3,0.00013,4.0,0,2,"(20, 45)",0,48,8163543903194086842,1.0,P3-outbreak
100000,2,1,2e-05,4.0,0,0,"(20, 45)",0,49,2909713650695940516,1.0,P3-outbreak
100000,9,3,9e-05,4.0,0,2,"(20, 45)",0,50,6592823129813095127,1.0,P3-outbreak
100000,7,3,7e-05,4.0,0,2,"(20, 45)",0,51,1466973458386014838,1.0,P3-outbreak
100000,2,1,2e-05,4.0,0,0,"(20, 45)",0,52,3054992449649580045,1.0,P3-outbreak
100000,2,1,2e-05,4.0,0,0,"(20, 45)",0,53,17236244149007869745,1.0,P3-outbreak
100000,2,1,2e-05,4.0,0,0,"(20, 45)",0,54,18320437028047211417,1.0,P3-outbreak
100000,2,1,2e-05,4.0,0,0,"(20, 45)",0,55,3307280073660603051,1.0,P3-outbreak
100000,2,1,2e-05,4.0,0,0,"(20, 45)",0,56,11895272576321509675,1.0,P3-outbreak
100000,4,1,4e-05,4.0,0,1,"(20, 45)",0,57,10172095481729551714,1.0,P3-outbreak
100000,9,5,9e-05,4.0,0,2,"(20, 45)",0,58,4175820999456013517,1.0,P3-outbreak
100000,2,1,2e-05,4.0,0,0,"(20, 45)",0,59,712724606410488418,1.0,P3-outbreak
100000,1,0,1e-05,4.0,0,0,"(20, 45)",0,60,1748956711236456014,1.0,P3-outbreak
100000,5,4,5e-05,4.0,0,0,"(20, 45)",0,61,4652122259434582184,1.0,P3-outbreak
100000,4,3,4e-05,4.0,0,0,"(20, 45)",0,62,15581499190612963667,1.0,P3-outbreak
100000,1,0,1e-05,4.0,0,0,"(20, 45)",0,63,1969256329361034298,1.0,P3-outbreak
100000,4,3,4e-05,4.0,0,0,"(20, 45)",0,64,18106598617025502343,1.0,P3-outbreak
100000,4,2,4e-05,4.0,0,1,"(20, 45)",0,65,12427614888110000793,1.0,P3-outbreak
100000,2,1,2e-05,4.0,0,0,"(20, 45)",0,66,15774657958231056963,1.0,P3-outbreak
100000,5,2,5e-05,4.0,0,1,"(20, 45)",0,67,15133388671932095156,1.0,P3-outbreak
100000,2,1,2e-05,4.0,0,0,"(20, 45)",0,68,4952296800359539411,1.0,P3-outbreak
100000,3,2,3e-05,4.0,0,0,"(20, 45)",0,69,11612807538116081726,1.0,P3-outbreak
100000,8,1,8e-05,4.0,0,3,"(20, 45)",0,70,6512180392498183076,1.0,P3-outbreak
100000,3,2,3e-05,4.0,0,0,"(20, 45)",0,71,5449700197600604137,1.0,P3-outbreak
100000,7,3,7e-05,4.0,0,2,"(20, 45)",0,72,17193932648671328623,1.0,P3-outbreak
100000,5,1,5e-05,4.0,0,1,"(20, 45)",0,73,9379266518001533575,1.0,P3-outbreak
100000,5,3,5e-05,4.0,0,1,"(20, 45)",0,74,8619699564817060967,1.0,P3-outbreak
100000,1,0,1e-05,4.0,0,0,"(20, 45)",0,75,4172770060173104408,1.0,P3-outbreak
100000,2,1,2e-05,4.0,0,0,"(20, 45)",0,76,12629295031467665719,1.0,P3-outbreak
100000,2,1,2e-05,4.0,0,0,"(20, 45)",0,77,5924322669142291735,1.0,P3-outbreak
100000,2,1,2e-05,4.0,0,0,"(20, 45)",0,78,5477813849495480334,1.0,P3-outbreak
100000,3,2,3e-05,4.0,0,0,"(20, 45)",0,79,11945421960969482575,1.0,P3-outbreak
100000,11,3,0.00011,4.0,0,1,"(20, 45)",0,80,13586222618306223611,1.0,P3-outbreak
100000,3,2,3e-05,4.0,0,0,"(20, 45)",0,81,18438172947385954007,1.0,P3-outbreak
100000,6,1,6e-05,4.0,0,1,"(20, 45)",0,82,10211618703811833487,1.0,P3-outbreak
100000,3,2,3e-05,4.0,0,0,"(20, 45)",0,83,2670951261106721335,1.0,P3-outbreak
100000,3,2,3e-05,4.0,0,0,"(20, 45)",0,84,16412097806661006217,1.0,P3-outbreak
100000,1,0,1e-05,4.0,0,0,"(20, 45)",0,85,4432168286696385405,1.0,P3-outbreak
100000,1,0,1e-05,4.0,0,0,"(20, 45)",0,86,6312935633460610685,1.0,P3-outbreak
100000,2,1,2e-05,4.0,0,0,"(20, 45)",0,87,18427638862827917861,1.0,P3-outbreak
100000,2,1,2e-05,4.0,0,0,"(20, 45)",0,88,11951806543986404779,1.0,P3-outbreak
100000,1,0,1e-05,4.0,0,0,"(20, 45)",0,89,14436547694640405629,1.0,P3-outbreak
100000,2,1,2e-05,4.0,0,0,"(20, 45)",0,90,16088686375530101541,1.0,P3-outbreak
100000,2,1,2e-05,4.0,0,0,"(20, 45)",0,91,10888393259313954209,1.0,P3-outbreak
100000,1,0,1e-05,4.0,0,0,"(20, 45)",0,92,13965092426723747458,1.0,P3-outbreak
100000,3,1,3e-05,4.0,0,1,"(20, 45)",0,93,12837491970808831666,1.0,P3-outbreak
100000,2,1,2e-05,4.0,0,0,"(20, 45)",0,94,9805753579371483595,1.0,P3-outbreak
100000,2,1,2e-05,4.0,0,0,"(20, 45)",0,95,4620099188306336478,1.0,P3-outbreak
100000,5,4,5e-05,4.0,0,0,"(20, 45)",0,96,8749005531945635393,1.0,P3-outbreak
100000,5,3,5e-05,4.0,0,1,"(20, 45)",0,97,8851956476469155085,1.0,P3-outbreak
100000,1,0,1e-05,4.0,0,0,"(20, 45)",0,98,16640597578263986420,1.0,P3-outbreak
100000,4,2,4e-05,4.0,0,1,"(20, 45)",0,99,845723395530689386,1.0,P3-outbreak
100000,1,0,1e-05,4.0,0,0,"(45, 20)",0,0,12587489126876366952,3.0,P3-outbreak
100000,7,2,7e-05,4.0,0,1,"(45, 20)",0,1,8479982653133128427,3.0,P3-outbreak
100000,1,0,1e-05,4.0,0,0,"(45, 20)",0,2,13966349025522390536,3.0,P3-outbreak
100000,3,1,3e-05,4.0,0,1,"(45, 20)",0,3,12660424777322384314,3.0,P3-outbreak
100000,3,2,3e-05,4.0,0,0,"(45, 20)",0,4,14185118096396474446,3.0,P3-outbreak
100000,3,2,3e-05,4.0,0,0,"(45, 20)",0,5,699832405459337348,3.0,P3-outbreak
100000,3,1,3e-05,4.0,0,1,"(45, 20)",0,6,16885644928553769615,3.0,P3-outbreak
100000,5,3,5e-05,4.0,0,1,"(45, 20)",0,7,15454241278371228235,3.0,P3-outbreak
100000,12,4,0.00012,4.0,0,4,"(45, 20)",0,8,17286635551185406855,3.0,P3-outbreak
100000,5,2,5e-05,4.0,0,2,"(45, 20)",0,9,16204792668601125893,3.0,P3-outbreak
100000,1,0,1e-05,4.0,0,0,"(45, 20)",0,10,4653815086104561733,3.0,P3-outbreak
100000,1,0,1e-05,4.0,0,0,"(45, 20)",0,11,7742936364673915409,3.0,P3-outbreak
100000,4,1,4e-05,4.0,0,1,"(45, 20)",0,12,4443721773896514967,3.0,P3-outbreak
100000,4,2,4e-05,4.0,0,1,"(45, 20)",0,13,10153777365473381402,3.0,P3-outbreak
100000,3,1,3e-05,4.0,0,1,"(45, 20)",0,14,1559751060044497819,3.0,P3-outbreak
100000,1,0,1e-05,4.0,0,0,"(45, 20)",0,15,7103441485742948729,3.0,P3-outbreak
100000,1,0,1e-05,4.0,0,0,"(45, 20)",0,16,2993412899521866085,3.0,P3-outbreak
100000,2,1,2e-05,4.0,0,0,"(45, 20)",0,17,15766614719292867794,3.0,P3-outbreak
100000,1,0,1e-05,4.0,0,0,"(45, 20)",0,18,6482865269157699907,3.0,P3-outbreak
100000,1,0,1e-05,4.0,0,0,"(45, 20)",0,19,12293146839701702952,3.0,P3-outbreak
100000,2,1,2e-05,4.0,0,0,"(45, 20)",0,20,10322150036261967446,3.0,P3-outbreak
100000,3,2,3e-05,4.0,0,0,"(45, 20)",0,21,1650194902574688619,3.0,P3-outbreak
100000,3,1,3e-05,4.0,0,1,"(45, 20)",0,22,3542054419048834545,3.0,P3-outbreak
100000,3,2,3e-05,4.0,0,0,"(45, 20)",0,23,9813400119591098334,3.0,P3-outbreak
100000,1,0,1e-05,4.0,0,0,"(45, 20)",0,24,8315326008466725479,3.0,P3-outbreak
100000,2,1,2e-05,4.0,0,0,"(45, 20)",0,25,10623422866841200493,3.0,P3-outbreak
100000,2,1,2e-05,4.0,0,0,"(45, 20)",0,26,6631593415281159670,3.0,P3-outbreak
100000,5,1,5e-05,4.0,0,2,"(45, 20)",0,27,5439538822629388337,3.0,P3-outbreak
100000,1,0,1e-05,4.0,0,0,"(45, 20)",0,28,4008912622591958875,3.0,P3-outbreak
100000,9,3,9e-05,4.0,0,2,"(45, 20)",0,29,16564144517060338842,3.0,P3-outbreak
100000,4,3,4e-05,4.0,0,0,"(45, 20)",0,30,8045534997165160203,3.0,P3-outbreak
100000,1,0,1e-05,4.0,0,0,"(45, 20)",0,31,616895002034105080,3.0,P3-outbreak
100000,1,0,1e-05,4.0,0,0,"(45, 20)",0,32,3056712414868627171,3.0,P3-outbreak
100000,1,0,1e-05,4.0,0,0,"(45, 20)",0,33,8497081021064395840,3.0,P3-outbreak
100000,3,2,3e-05,4.0,0,0,"(45, 20)",0,34,8977548305072952408,3.0,P3-outbreak
100000,6,3,6e-05,4.0,0,2,"(45, 20)",0,35,17392152669967326107,3.0,P3-outbreak
100000,1,0,1e-05,4.0,0,0,"(45, 20)",0,36,2265554284501941903,3.0,P3-outbreak
100000,2,1,2e-05,4.0,0,0,"(45, 20)",0,37,9018638981511699685,3.0,P3-outbreak
100000,3,2,3e-05,4.0,0,0,"(45, 20)",0,38,8669814835018730053,3.0,P3-outbreak
100000,8,3,8e-05,4.0,0,2,"(45, 20)",0,39,1872009059735508683,3.0,P3-outbreak
100000,1,0,1e-05,4.0,0,0,"(45, 20)",0,40,8270768916601625856,3.0,P3-outbreak
100000,1,0,1e-05,4.0,0,0,"(45, 20)",0,41,11402330274790331183,3.0,P3-outbreak
100000,2,1,2e-05,4.0,0,0,"(45, 20)",0,42,17353471974240020007,3.0,P3-outbreak
100000,3,2,3e-05,4.0,0,0,"(45, 20)",0,43,12685439370153181602,3.0,P3-outbreak
100000,3,1,3e-05,4.0,0,1,"(45, 20)",0,44,14745718275942698840,3.0,P3-outbreak
100000,3,2,3e-05,4.0,0,0,"(45, 20)",0,45,3020824976213036960,3.0,P3-outbreak
100000,2,1,2e-05,4.0,0,0,"(45, 20)",0,46,12591870594912023718,3.0,P3-outbreak
100000,4,1,4e-05,4.0,0,2,"(45, 20)",0,47,981788010921053378,3.0,P3-outbreak
100000,2,1,2e-05,4.0,0,0,"(45, 20)",0,48,8172976456314614536,3.0,P3-outbreak
100000,3,1,3e-05,4.0,0,1,"(45, 20)",0,49,4248002348112006956,3.0,P3-outbreak
100000,2,1,2e-05,4.0,0,0,"(45, 20)",0,50,5566299269733107327,3.0,P3-outbreak
100000,2,1,2e-05,4.0,0,0,"(45, 20)",0,51,13476183012609464724,3.0,P3-outbreak
100000,5,2,5e-05,4.0,0,1,"(45, 20)",0,52,17133550924478485961,3.0,P3-outbreak
100000,2,1,2e-05,4.0,0,0,"(45, 20)",0,53,8777918277614303311,3.0,P3-outbreak
100000,11,6,0.00011,4.0,0,2,"(45, 20)",0,54,2637808037668731329,3.0,P3-outbreak
100000,1,0,1e-05,4.0,0,0,"(45, 20)",0,55,5900691294849843919,3.0,P3-outbreak
100000,4,2,4e-05,4.0,0,1,"(45, 20)",0,56,10742564733916304061,3.0,P3-outbreak
100000,1,0,1e-05,4.0,0,0,"(45, 20)",0,57,16534774927687898932,3.0,P3-outbreak
100000,2,1,2e-05,4.0,0,0,"(45, 20)",0,58,2258914334485396361,3.0,P3-outbreak
100000,6,2,6e-05,4.0,0,2,"(45, 20)",0,59,8822289823029183933,3.0,P3-outbreak
100000,3,2,3e-05,4.0,0,0,"(45, 20)",0,60,567149090150616067,3.0,P3-outbreak
100000,2,1,2e-05,4.0,0,0,"(45, 20)",0,61,6495325630928317,3.0,P3-outbreak
100000,1,0,1e-05,4.0,0,0,"(45, 20)",0,62,15768069404915754774,3.0,P3-outbreak
100000,3,1,3e-05,4.0,0,1,"(45, 20)",0,63,8161147059342956064,3.0,P3-outbreak
100000,2,1,2e-05,4.0,0,0,"(45, 20)",0,64,8187175734764638683,3.0,P3-outbreak
100000,8,2,8e-05,4.0,0,2,"(45, 20)",0,65,12630755536877561559,3.0,P3-outbreak
100000,4,1,4e-05,4.0,0,1,"(45, 20)",0,66,7880588662635926401,3.0,P3-outbreak
100000,2,1,2e-05,4.0,0,0,"(45, 20)",0,67,8284188559969946151,3.0,P3-outbreak
100000,4,3,4e-05,4.0,0,0,"(45, 20)",0,68,19786105593169601,3.0,P3-outbreak
100000,1,0,1e-05,4.0,0,0,"(45, 20)",0,69,16718072151584606566,3.0,P3-outbreak
100000,2,1,2e-05,4.0,0,0,"(45, 20)",0,70,9364373798132652874,3.0,P3-outbreak
100000,2,1,2e-05,4.0,0,0,"(45, 20)",0,71,16938462471257428408,3.0,P3-outbreak
100000,3,1,3e-05,4.0,0,1,"(45, 20)",0,72,10719217824869604754,3.0,P3-outbreak
100000,5,2,5e-05,4.0,0,2,"(45, 20)",0,73,1377527436236727382,3.0,P3-outbreak
100000,2,1,2e-05,4.0,0,0,"(45, 20)",0,74,15797191808065847947,3.0,P3-outbreak
100000,1,0,1e-05,4.0,0,0,"(45, 20)",0,75,8976909168096286030,3.0,P3-outbreak
100000,2,1,2e-05,4.0,0,0,"(45, 20)",0,76,13276971248586252442,3.0,P3-outbreak
100000,1,0,1e-05,4.0,0,0,"(45, 20)",0,77,5311680998477984517,3.0,P3-outbreak
100000,9,3,9e-05,4.0,0,2,"(45, 20)",0,78,18234427784049416333,3.0,P3-outbreak
100000,5,2,5e-05,4.0,0,1,"(45, 20)",0,79,5217175941373611577,3.0,P3-outbreak
100000,2,1,2e-05,4.0,0,0,"(45, 20)",0,80,13285945125338676691,3.0,P3-outbreak
100000,7,1,7e-05,4.0,0,1,"(45, 20)",0,81,5361267387478634424,3.0,P3-outbreak
100000,3,2,3e-05,4.0,0,0,"(45, 20)",0,82,11184063831549754981,3.0,P3-outbreak
100000,6,1,6e-05,4.0,0,2,"(45, 20)",0,83,6475740267284102681,3.0,P3-outbreak
100000,5,3,5e-05,4.0,0,1,"(45, 20)",0,84,6286609773568378931,3.0,P3-outbreak
100000,1,0,1e-05,4.0,0,0,"(45, 20)",0,85,1066674143057031724,3.0,P3-outbreak
100000,1,0,1e-05,4.0,0,0,"(45, 20)",0,86,6171107301330008011,3.0,P3-outbreak
100000,2,1,2e-05,4.0,0,0,"(45, 20)",0,87,17591354169336772278,3.0,P3-outbreak
100000,5,3,5e-05,4.0,0,1,"(45, 20)",0,88,16158542523235630055,3.0,P3-outbreak
100000,3,2,3e-05,4.0,0,0,"(45, 20)",0,89,4672398480933214195,3.0,P3-outbreak
100000,2,1,2e-05,4.0,0,0,"(45, 20)",0,90,498271507352882749,3.0,P3-outbreak
100000,6,3,6e-05,4.0,0,1,"(45, 20)",0,91,12451235010617848853,3.0,P3-outbreak
100000,1,0,1e-05,4.0,0,0,"(45, 20)",0,92,3407105601998992314,3.0,P3-outbreak
100000,1,0,1e-05,4.0,0,0,"(45, 20)",0,93,5832226022952622003,3.0,P3-outbreak
100000,5,2,5e-05,4.0,0,1,"(45, 20)",0,94,4449812438020679164,3.0,P3-outbreak
100000,5,2,5e-05,4.0,0,1,"(45, 20)",0,95,13081632755984116314,3.0,P3-outbreak
100000,4,3,4e-05,4.0,0,0,"(45, 20)",0,96,8218570903675795566,3.0,P3-outbreak
100000,3,2,3e-05,4.0,0,0,"(45, 20)",0,97,16246970799319177545,3.0,P3-outbreak
100000,1,0,1e-05,4.0,0,0,"(45, 20)",0,98,11568956555789148895,3.0,P3-outbreak
100000,1,0,1e-05,4.0,0,0,"(45, 20)",0,99,16793321779894251222,3.0,P3-outbreak
100000,3,2,3e-05,4.0,0,0,"(20, 45)",0,0,8654003613330891693,3.0,P3-outbreak
100000,4,3,4e-05,4.0,0,0,"(20, 45)",0,1,10750484528776175997,3.0,P3-outbreak
100000,1,0,1e-05,4.0,0,0,"(20, 45)",0,2,8062909815002998178,3.0,P3-outbreak
100000,1,0,1e-05,4.0,0,0,"(20, 45)",0,3,14806419626756627824,3.0,P3-outbreak
100000,3,2,3e-05,4.0,0,0,"(20, 45)",0,4,9156985583198854675,3.0,P3-outbreak
100000,4,2,4e-05,4.0,0,1,"(20, 45)",0,5,9373545813392091293,3.0,P3-outbreak
100000,5,1,5e-05,4.0,0,2,"(20, 45)",0,6,9781248037194314711,3.0,P3-outbreak
100000,1,0,1e-05,4.0,0,0,"(20, 45)",0,7,8833553237999436148,3.0,P3-outbreak
100000,2,1,2e-05,4.0,0,0,"(20, 45)",0,8,7696731332655717795,3.0,P3-outbreak
100000,5,1,5e-05,4.0,0,1,"(20, 45)",0,9,5452444973446787504,3.0,P3-outbreak
100000,2,1,2e-05,4.0,0,0,"(20, 45)",0,10,17029330018783363205,3.0,P3-outbreak
100000,3,1,3e-05,4.0,0,1,"(20, 45)",0,11,14948103490696689904,3.0,P3-outbreak
100000,1,0,1e-05,4.0,0,0,"(20, 45)",0,12,12064592837934008110,3.0,P3-outbreak
100000,4,3,4e-05,4.0,0,0,"(20, 45)",0,13,14721032151174872069,3.0,P3-outbreak
100000,4,3,4e-05,4.0,0,0,"(20, 45)",0,14,6036696902364719168,3.0,P3-outbreak
100000,2,1,2e-05,4.0,0,0,"(20, 45)",0,15,1835296705573771474,3.0,P3-outbreak
100000,1,0,1e-05,4.0,0,0,"(20, 45)",0,16,7945862739066687694,3.0,P3-outbreak
100000,1,0,1e-05,4.0,0,0,"(20, 45)",0,17,1475011656991859942,3.0,P3-outbreak
100000,2,1,2e-05,4.0,0,0,"(20, 45)",0,18,1168525574068720158,3.0,P3-outbreak
100000,3,1,3e-05,4.0,0,1,"(20, 45)",0,19,8907186542664537211,3.0,P3-outbreak
100000,1,0,1e-05,4.0,0,0,"(20, 45)",0,20,739364580803536389,3.0,P3-outbreak
100000,4,1,4e-05,4.0,0,2,"(20, 45)",0,21,6786987742527767434,3.0,P3-outbreak
100000,2,1,2e-05,4.0,0,0,"(20, 45)",0,22,15828720195431545257,3.0,P3-outbreak
100000,1,0,1e-05,4.0,0,0,"(20, 45)",0,23,8716021930807950862,3.0,P3-outbreak
100000,1,0,1e-05,4.0,0,0,"(20, 45)",0,24,9814111443457343595,3.0,P3-outbreak
100000,2,1,2e-05,4.0,0,0,"(20, 45)",0,25,2467608343931002520,3.0,P3-outbreak
100000,2,1,2e-05,4.0,0,0,"(20, 45)",0,26,3981507018588944113,3.0,P3-outbreak
100000,6,4,6e-05,4.0,0,1,"(20, 45)",0,27,12718308503406533313,3.0,P3-outbreak
100000,6,3,6e-05,4.0,0,2,"(20, 45)",0,28,13618610249556842043,3.0,P3-outbreak
100000,3,2,3e-05,4.0,0,0,"(20, 45)",0,29,16125130735656475252,3.0,P3-outbreak
100000,1,0,1e-05,4.0,0,0,"(20, 45)",0,30,13668125910206311543,3.0,P3-outbreak
100000,6,5,6e-05,4.0,0,0,"(20, 45)",0,31,15367533222938584311,3.0,P3-outbreak
100000,5,3,5e-05,4.0,0,1,"(20, 45)",0,32,7102052126230075700,3.0,P3-outbreak
100000,7,2,7e-05,4.0,0,2,"(20, 45)",0,33,14016933064230805751,3.0,P3-outbreak
100000,3,2,3e-05,4.0,0,0,"(20, 45)",0,34,13473334675974954494,3.0,P3-outbreak
100000,3,2,3e-05,4.0,0,0,"(20, 45)",0,35,1744896050919072018,3.0,P3-outbreak
100000,1,0,1e-05,4.0,0,0,"(20, 45)",0,36,1246028102032517339,3.0,P3-outbreak
100000,1,0,1e-05,4.0,0,0,"(20, 45)",0,37,4102821675495022687,3.0,P3-outbreak
100000,2,1,2e-05,4.0,0,0,"(20, 45)",0,38,10975488936070261142,3.0,P3-outbreak
100000,4,1,4e-05,4.0,0,1,"(20, 45)",0,39,1555020779254488536,3.0,P3-outbreak
100000,4,2,4e-05,4.0,0,1,"(20, 45)",0,40,7140365658376817864,3.0,P3-outbreak
100000,5,3,5e-05,4.0,0,1,"(20, 45)",0,41,5883491968822766972,3.0,P3-outbreak
100000,1,0,1e-05,4.0,0,0,"(20, 45)",0,42,17650268372021399926,3.0,P3-outbreak
100000,14,2,0.00014,4.0,0,1,"(20, 45)",0,43,6204199452473269767,3.0,P3-outbreak
100000,1,0,1e-05,4.0,0,0,"(20, 45)",0,44,12548507157746394736,3.0,P3-outbreak
100000,1,0,1e-05,4.0,0,0,"(20, 45)",0,45,17072312039267122637,3.0,P3-outbreak
100000,7,2,7e-05,4.0,0,1,"(20, 45)",0,46,3704314062255385360,3.0,P3-outbreak
100000,6,1,6e-05,4.0,0,1,"(20, 45)",0,47,12706305193913434872,3.0,P3-outbreak
100000,2,1,2e-05,4.0,0,0,"(20, 45)",0,48,15093046380116871548,3.0,P3-outbreak
100000,1,0,1e-05,4.0,0,0,"(20, 45)",0,49,12126022903365741671,3.0,P3-outbreak
100000,5,3,5e-05,4.0,0,1,"(20, 45)",0,50,18198979530263678182,3.0,P3-outbreak
100000,1,0,1e-05,4.0,0,0,"(20, 45)",0,51,17389325069048986827,3.0,P3-outbreak
100000,4,2,4e-05,4.0,0,1,"(20, 45)",0,52,2204754455273465189,3.0,P3-outbreak
100000,1,0,1e-05,4.0,0,0,"(20, 45)",0,53,5376276762759460433,3.0,P3-outbreak
100000,5,1,5e-05,4.0,0,2,"(20, 45)",0,54,2294110463405983829,3.0,P3-outbreak
100000,1,0,1e-05,4.0,0,0,"(20, 45)",0,55,507972368269661524,3.0,P3-outbreak
100000,3,2,3e-05,4.0,0,0,"(20, 45)",0,56,9418627665284386959,3.0,P3-outbreak
100000,3,1,3e-05,4.0,0,1,"(20, 45)",0,57,12645018349304052102,3.0,P3-outbreak
100000,3,2,3e-05,4.0,0,0,"(20, 45)",0,58,13679377647336780510,3.0,P3-outbreak
100000,1,0,1e-05,4.0,0,0,"(20, 45)",0,59,7831827920301751024,3.0,P3-outbreak
100000,2,1,2e-05,4.0,0,0,"(20, 45)",0,60,33907656608699922,3.0,P3-outbreak
100000,3,2,3e-05,4.0,0,0,"(20, 45)",0,61,15565455266462573615,3.0,P3-outbreak
100000,2,1,2e-05,4.0,0,0,"(20, 45)",0,62,14952475351692174534,3.0,P3-outbreak
100000,4,1,4e-05,4.0,0,1,"(20, 45)",0,63,12960400029439596105,3.0,P3-outbreak
100000,2,1,2e-05,4.0,0,0,"(20, 45)",0,64,1609328292516020799,3.0,P3-outbreak
100000,3,2,3e-05,4.0,0,0,"(20, 45)",0,65,16497318486550647222,3.0,P3-outbreak
100000,7,1,7e-05,4.0,0,1,"(20, 45)",0,66,12451026502320387185,3.0,P3-outbreak
100000,3,2,3e-05,4.0,0,0,"(20, 45)",0,67,14404783002986221024,3.0,P3-outbreak
100000,2,1,2e-05,4.0,0,0,"(20, 45)",0,68,2825538506896005336,3.0,P3-outbreak
100000,2,1,2e-05,4.0,0,0,"(20, 45)",0,69,9596249825321198368,3.0,P3-outbreak
100000,6,4,6e-05,4.0,0,1,"(20, 45)",0,70,11900807651142406927,3.0,P3-outbreak
100000,8,1,8e-05,4.0,0,1,"(20, 45)",0,71,17019600931528331783,3.0,P3-outbreak
100000,1,0,1e-05,4.0,0,0,"(20, 45)",0,72,1468087033169354460,3.0,P3-outbreak
100000,5,2,5e-05,4.0,0,2,"(20, 45)",0,73,186235703342407363,3.0,P3-outbreak
100000,1,0,1e-05,4.0,0,0,"(20, 45)",0,74,3901790058997056746,3.0,P3-outbreak
100000,2,1,2e-05,4.0,0,0,"(20, 45)",0,75,14841484734560664521,3.0,P3-outbreak
100000,2,1,2e-05,4.0,0,0,"(20, 45)",0,76,8324713507477549592,3.0,P3-outbreak
100000,2,1,2e-05,4.0,0,0,"(20, 45)",0,77,5752051405219297869,3.0,P3-outbreak
100000,2,1,2e-05,4.0,0,0,"(20, 45)",0,78,12566136458559750699,3.0,P3-outbreak
100000,4,2,4e-05,4.0,0,1,"(20, 45)",0,79,2718674192963314247,3.0,P3-outbreak
100000,5,2,5e-05,4.0,0,1,"(20, 45)",0,80,11491058110353691921,3.0,P3-outbreak
100000,2,1,2e-05,4.0,0,0,"(20, 45)",0,81,13066103401818536381,3.0,P3-outbreak
100000,2,1,2e-05,4.0,0,0,"(20, 45)",0,82,5660206642896041287,3.0,P3-outbreak
100000,4,2,4e-05,4.0,0,1,"(20, 45)",0,83,6467915364213675190,3.0,P3-outbreak
100000,6,2,6e-05,4.0,0,3,"(20, 45)",0,84,3360304044514950670,3.0,P3-outbreak
100000,2,1,2e-05,4.0,0,0,"(20, 45)",0,85,5317890621639061948,3.0,P3-outbreak
100000,1,0,1e-05,4.0,0,0,"(20, 45)",0,86,15497493012712763941,3.0,P3-outbreak
100000,3,2,3e-05,4.0,0,0,"(20, 45)",0,87,2912858027419497757,3.0,P3-outbreak
100000,4,3,4e-05,4.0,0,0,"(20, 45)",0,88,15621429222348616306,3.0,P3-outbreak
100000,1,0,1e-05,4.0,0,0,"(20, 45)",0,89,18371513741595193280,3.0,P3-outbreak
100000,1,0,1e-05,4.0,0,0,"(20, 45)",0,90,12944406947292264643,3.0,P3-outbreak
100000,4,2,4e-05,4.0,0,1,"(20, 45)",0,91,4753855604352599918,3.0,P3-outbreak
100000,1,0,1e-05,4.0,0,0,"(20, 45)",0,92,6032324477544194342,3.0,P3-outbreak
100000,1,0,1e-05,4.0,0,0,"(20, 45)",0,93,10282989198097045028,3.0,P3-outbreak
100000,1,0,1e-05,4.0,0,0,"(20, 45)",0,94,18217527857944070596,3.0,P3-outbreak
100000,1,0,1e-05,4.0,0,0,"(20, 45)",0,95,15640148326050518047,3.0,P3-outbreak
100000,3,2,3e-05,4.0,0,0,"(20, 45)",0,96,797449593412448311,3.0,P3-outbreak
100000,1,0,1e-05,4.0,0,0,"(20, 45)",0,97,5360007937325187706,3.0,P3-outbreak
100000,2,1,2e-05,4.0,0,0,"(20, 45)",0,98,3424012688199301775,3.0,P3-outbreak
100000,1,0,1e-05,4.0,0,0,"(20, 45)",0,99,7387367152836147351,3.0,P3-outbreak
100000,4,2,4e-05,4.0,0,1,"(45, 20)",0,0,14769766483068147708,10.0,P3-outbreak
100000,11,2,0.00011,4.0,0,3,"(45, 20)",0,1,17691582489280818840,10.0,P3-outbreak
100000,2,1,2e-05,4.0,0,0,"(45, 20)",0,2,15145229251844158623,10.0,P3-outbreak
100000,4,1,4e-05,4.0,0,1,"(45, 20)",0,3,14726467070032580013,10.0,P3-outbreak
100000,14,2,0.00014,4.0,0,1,"(45, 20)",0,4,2796636004230454652,10.0,P3-outbreak
100000,2,1,2e-05,4.0,0,0,"(45, 20)",0,5,6335121696288539424,10.0,P3-outbreak
100000,4,2,4e-05,4.0,0,1,"(45, 20)",0,6,8794100357815281093,10.0,P3-outbreak
100000,1,0,1e-05,4.0,0,0,"(45, 20)",0,7,13571664442083634389,10.0,P3-outbreak
100000,9,4,9e-05,4.0,0,3,"(45, 20)",0,8,7388161067495136857,10.0,P3-outbreak
100000,3,1,3e-05,4.0,0,1,"(45, 20)",0,9,5903624230135219678,10.0,P3-outbreak
100000,1,0,1e-05,4.0,0,0,"(45, 20)",0,10,10442298534838063190,10.0,P3-outbreak
100000,1,0,1e-05,4.0,0,0,"(45, 20)",0,11,15618880395891003234,10.0,P3-outbreak
100000,10,3,0.0001,4.0,0,4,"(45, 20)",0,12,1084232992725340274,10.0,P3-outbreak
100000,1,0,1e-05,4.0,0,0,"(45, 20)",0,13,14685579014169122028,10.0,P3-outbreak
100000,3,1,3e-05,4.0,0,1,"(45, 20)",0,14,8177250371992241582,10.0,P3-outbreak
100000,4,2,4e-05,4.0,0,1,"(45, 20)",0,15,976934875130223190,10.0,P3-outbreak
100000,6,3,6e-05,4.0,0,1,"(45, 20)",0,16,13879034019751748965,10.0,P3-outbreak
100000,2,1,2e-05,4.0,0,0,"(45, 20)",0,17,16276106652930321620,10.0,P3-outbreak
100000,4,3,4e-05,4.0,0,0,"(45, 20)",0,18,2549894862862412578,10.0,P3-outbreak
100000,1,0,1e-05,4.0,0,0,"(45, 20)",0,19,6172665940688652175,10.0,P3-outbreak
100000,2,1,2e-05,4.0,0,0,"(45, 20)",0,20,15945689575320120142,10.0,P3-outbreak
100000,2,1,2e-05,4.0,0,0,"(45, 20)",0,21,17948640980767571969,10.0,P3-outbreak
100000,1,0,1e-05,4.0,0,0,"(45, 20)",0,22,16472151762001814087,10.0,P3-outbreak
100000,2,1,2e-05,4.0,0,0,"(45, 20)",0,23,15920410590276421860,10.0,P3-outbreak
100000,1,0,1e-05,4.0,0,0,"(45, 20)",0,24,8266941189809613086,10.0,P3-outbreak
100000,3,1,3e-05,4.0,0,1,"(45, 20)",0,25,370525266854436784,10.0,P3-outbreak
100000,2,1,2e-05,4.0,0,0,"(45, 20)",0,26,7486723517116049384,10.0,P3-outbreak
100000,4,2,4e-05,4.0,0,1,"(45, 20)",0,27,10826992506531006300,10.0,P3-outbreak
100000,1,0,1e-05,4.0,0,0,"(45, 20)",0,28,12615248547480880666,10.0,P3-outbreak
100000,1,0,1e-05,4.0,0,0,"(45, 20)",0,29,8146107087076653678,10.0,P3-outbreak
100000,2,1,2e-05,4.0,0,0,"(45, 20)",0,30,13657210013741915924,10.0,P3-outbreak
100000,3,1,3e-05,4.0,0,1,"(45, 20)",0,31,462703621731313846,10.0,P3-outbreak
100000,3,1,3e-05,4.0,0,1,"(45, 20)",0,32,273309701613971200,10.0,P3-outbreak
100000,2,1,2e-05,4.0,0,0,"(45, 20)",0,33,9899754344664309856,10.0,P3-outbreak
100000,4,2,4e-05,4.0,0,1,"(45, 20)",0,34,16674287933360417993,10.0,P3-outbreak
100000,1,0,1e-05,4.0,0,0,"(45, 20)",0,35,14416820949109217617,10.0,P3-outbreak
100000,2,1,2e-05,4.0,0,0,"(45, 20)",0,36,6012773617504555334,10.0,P3-outbreak
100000,4,3,4e-05,4.0,0,0,"(45, 20)",0,37,13850114292924457141,10.0,P3-outbreak
100000,1,0,1e-05,4.0,0,0,"(45, 20)",0,38,10357439509030766107,10.0,P3-outbreak
100000,2,1,2e-05,4.0,0,0,"(45, 20)",0,39,9519326273534611098,10.0,P3-outbreak
100000,5,2,5e-05,4.0,0,1,"(45, 20)",0,40,18236630746761491640,10.0,P3-outbreak
100000,2,1,2e-05,4.0,0,0,"(45, 20)",0,41,14157072235858459514,10.0,P3-outbreak
100000,1,0,1e-05,4.0,0,0,"(45, 20)",0,42,841564560459170135,10.0,P3-outbreak
100000,3,2,3e-05,4.0,0,0,"(45, 20)",0,43,14763904882243769017,10.0,P3-outbreak
100000,3,2,3e-05,4.0,0,0,"(45, 20)",0,44,12257228129240743780,10.0,P3-outbreak
100000,1,0,1e-05,4.0,0,0,"(45, 20)",0,45,647891693434155246,10.0,P3-outbreak
100000,5,4,5e-05,4.0,0,0,"(45, 20)",0,46,8499540164912858254,10.0,P3-outbreak
100000,2,1,2e-05,4.0,0,0,"(45, 20)",0,47,8154416656047025787,10.0,P3-outbreak
100000,15,5,0.00015,4.0,0,4,"(45, 20)",0,48,12654781651238634104,10.0,P3-outbreak
100000,15,6,0.00015,4.0,0,3,"(45, 20)",0,49,848594375086068055,10.0,P3-outbreak
100000,8,2,8e-05,4.0,0,2,"(45, 20)",0,50,12864573002809774384,10.0,P3-outbreak
100000,3,1,3e-05,4.0,0,1,"(45, 20)",0,51,16726498409171752301,10.0,P3-outbreak
100000,1,0,1e-05,4.0,0,0,"(45, 20)",0,52,9070850537413870979,10.0,P3-outbreak
100000,1,0,1e-05,4.0,0,0,"(45, 20)",0,53,16034803291405573109,10.0,P3-outbreak
100000,4,1,4e-05,4.0,0,1,"(45, 20)",0,54,2685187873363106252,10.0,P3-outbreak
100000,2,1,2e-05,4.0,0,0,"(45, 20)",0,55,8637726275565422485,10.0,P3-outbreak
100000,2,1,2e-05,4.0,0,0,"(45, 20)",0,56,2315623609951797822,10.0,P3-outbreak
100000,3,2,3e-05,4.0,0,0,"(45, 20)",0,57,16506668263290109190,10.0,P3-outbreak
100000,2,1,2e-05,4.0,0,0,"(45, 20)",0,58,5951326322123110759,10.0,P3-outbreak
100000,1,0,1e-05,4.0,0,0,"(45, 20)",0,59,12318690166281086762,10.0,P3-outbreak
100000,1,0,1e-05,4.0,0,0,"(45, 20)",0,60,8669880045575531988,10.0,P3-outbreak
100000,4,2,4e-05,4.0,0,1,"(45, 20)",0,61,9536918878917617651,10.0,P3-outbreak
100000,2,1,2e-05,4.0,0,0,"(45, 20)",0,62,1475791689771229477,10.0,P3-outbreak
100000,7,2,7e-05,4.0,0,1,"(45, 20)",0,63,8614950234052306682,10.0,P3-outbreak
100000,2,1,2e-05,4.0,0,0,"(45, 20)",0,64,12380863180507105601,10.0,P3-outbreak
100000,2,1,2e-05,4.0,0,0,"(45, 20)",0,65,3933334226030568012,10.0,P3-outbreak
100000,3,1,3e-05,4.0,0,1,"(45, 20)",0,66,3747552807168250878,10.0,P3-outbreak
100000,2,1,2e-05,4.0,0,0,"(45, 20)",0,67,1935379461689548249,10.0,P3-outbreak
100000,3,1,3e-05,4.0,0,1,"(45, 20)",0,68,6822847960623026148,10.0,P3-outbreak
100000,5,2,5e-05,4.0,0,1,"(45, 20)",0,69,5066235816446273383,10.0,P3-outbreak
100000,4,3,4e-05,4.0,0,0,"(45, 20)",0,70,12294063326355004223,10.0,P3-outbreak
100000,16,2,0.00016,4.0,0,1,"(45, 20)",0,71,8847447611296053549,10.0,P3-outbreak
100000,6,2,6e-05,4.0,0,1,"(45, 20)",0,72,16770869088140028867,10.0,P3-outbreak
100000,2,1,2e-05,4.0,0,0,"(45, 20)",0,73,5077396182960700937,10.0,P3-outbreak
100000,8,1,8e-05,4.0,0,2,"(45, 20)",0,74,17742434837433583816,10.0,P3-outbreak
100000,1,0,1e-05,4.0,0,0,"(45, 20)",0,75,9161237793283501077,10.0,P3-outbreak
100000,7,3,7e-05,4.0,0,3,"(45, 20)",0,76,5070028686619510800,10.0,P3-outbreak
100000,6,2,6e-05,4.0,0,3,"(45, 20)",0,77,11758870224974993889,10.0,P3-outbreak
100000,2,1,2e-05,4.0,0,0,"(45, 20)",0,78,12586481127336447432,10.0,P3-outbreak
100000,3,2,3e-05,4.0,0,0,"(45, 20)",0,79,14062205076760414002,10.0,P3-outbreak
100000,4,1,4e-05,4.0,0,1,"(45, 20)",0,80,5925077388179883080,10.0,P3-outbreak
100000,3,2,3e-05,4.0,0,0,"(45, 20)",0,81,13827065640014082455,10.0,P3-outbreak
100000,2,1,2e-05,4.0,0,0,"(45, 20)",0,82,11914638407226180054,10.0,P3-outbreak
100000,1,0,1e-05,4.0,0,0,"(45, 20)",0,83,9791874212527492131,10.0,P3-outbreak
100000,7,2,7e-05,4.0,0,1,"(45, 20)",0,84,10222190380827041641,10.0,P3-outbreak
100000,4,2,4e-05,4.0,0,1,"(45, 20)",0,85,13146574724050501864,10.0,P3-outbreak
100000,1,0,1e-05,4.0,0,0,"(45, 20)",0,86,16660131776570144662,10.0,P3-outbreak
100000,1,0,1e-05,4.0,0,0,"(45, 20)",0,87,15905111095996410756,10.0,P3-outbreak
100000,2,1,2e-05,4.0,0,0,"(45, 20)",0,88,16005638457158000385,10.0,P3-outbreak
100000,2,1,2e-05,4.0,0,0,"(45, 20)",0,89,9368471625390873219,10.0,P3-outbreak
100000,5,3,5e-05,4.0,0,1,"(45, 20)",0,90,16536853198183227319,10.0,P3-outbreak
100000,1,0,1e-05,4.0,0,0,"(45, 20)",0,91,12095253443415967526,10.0,P3-outbreak
100000,4,1,4e-05,4.0,0,1,"(45, 20)",0,92,1920586643416149550,10.0,P3-outbreak
100000,3,2,3e-05,4.0,0,0,"(45, 20)",0,93,8058465152981213974,10.0,P3-outbreak
100000,1,0,1e-05,4.0,0,0,"(45, 20)",0,94,11349459113143790655,10.0,P3-outbreak
100000,3,2,3e-05,4.0,0,0,"(45, 20)",0,95,16613210809759161459,10.0,P3-outbreak
100000,2,1,2e-05,4.0,0,0,"(45, 20)",0,96,16794262687150437054,10.0,P3-outbreak
100000,1,0,1e-05,4.0,0,0,"(45, 20)",0,97,3880616488510849208,10.0,P3-outbreak
100000,3,1,3e-05,4.0,0,1,"(45, 20)",0,98,251211388002447882,10.0,P3-outbreak
100000,1,0,1e-05,4.0,0,0,"(45, 20)",0,99,2668348044700851750,10.0,P3-outbreak
100000,2,1,2e-05,4.0,0,0,"(20, 45)",0,0,14539377034321858063,10.0,P3-outbreak
100000,1,0,1e-05,4.0,0,0,"(20, 45)",0,1,271581352180990310,10.0,P3-outbreak
100000,4,3,4e-05,4.0,0,0,"(20, 45)",0,2,12261168316201145772,10.0,P3-outbreak
100000,1,0,1e-05,4.0,0,0,"(20, 45)",0,3,14913705566576760628,10.0,P3-outbreak
100000,2,1,2e-05,4.0,0,0,"(20, 45)",0,4,8395936350705002443,10.0,P3-outbreak
100000,3,2,3e-05,4.0,0,0,"(20, 45)",0,5,5714452436670837831,10.0,P3-outbreak
100000,1,0,1e-05,4.0,0,0,"(20, 45)",0,6,10268619908639579446,10.0,P3-outbreak
100000,1,0,1e-05,4.0,0,0,"(20, 45)",0,7,8648402684816166228,10.0,P3-outbreak
100000,5,3,5e-05,4.0,0,1,"(20, 45)",0,8,8457286651039464635,10.0,P3-outbreak
100000,1,0,1e-05,4.0,0,0,"(20, 45)",0,9,2231422446059508666,10.0,P3-outbreak
100000,2,1,2e-05,4.0,0,0,"(20, 45)",0,10,3651699499518097680,10.0,P3-outbreak
100000,1,0,1e-05,4.0,0,0,"(20, 45)",0,11,14657228687532973852,10.0,P3-outbreak
100000,8,3,8e-05,4.0,0,4,"(20, 45)",0,12,13152419860312564181,10.0,P3-outbreak
100000,3,2,3e-05,4.0,0,0,"(20, 45)",0,13,12772747867533168932,10.0,P3-outbreak
100000,3,2,3e-05,4.0,0,0,"(20, 45)",0,14,2949884482211092235,10.0,P3-outbreak
100000,2,1,2e-05,4.0,0,0,"(20, 45)",0,15,10009994343306726651,10.0,P3-outbreak
100000,4,3,4e-05,4.0,0,0,"(20, 45)",0,16,331472112123288535,10.0,P3-outbreak
100000,3,2,3e-05,4.0,0,0,"(20, 45)",0,17,5831442168598468748,10.0,P3-outbreak
100000,5,3,5e-05,4.0,0,1,"(20, 45)",0,18,16414221430130182161,10.0,P3-outbreak
100000,2,1,2e-05,4.0,0,0,"(20, 45)",0,19,17708852519562603108,10.0,P3-outbreak
100000,3,1,3e-05,4.0,0,1,"(20, 45)",0,20,4432693146034108388,10.0,P3-outbreak
100000,3,2,3e-05,4.0,0,0,"(20, 45)",0,21,14242097701826638743,10.0,P3-outbreak
100000,5,2,5e-05,4.0,0,2,"(20, 45)",0,22,9966193096843032389,10.0,P3-outbreak
100000,4,2,4e-05,4.0,0,1,"(20, 45)",0,23,17061614770433807483,10.0,P3-outbreak
100000,1,0,1e-05,4.0,0,0,"(20, 45)",0,24,2840239527168802654,10.0,P3-outbreak
100000,1,0,1e-05,4.0,0,0,"(20, 45)",0,25,16361637948484013316,10.0,P3-outbreak
100000,2,1,2e-05,4.0,0,0,"(20, 45)",0,26,3314573847972138497,10.0,P3-outbreak
100000,1,0,1e-05,4.0,0,0,"(20, 45)",0,27,2055403229838708309,10.0,P3-outbreak
100000,3,2,3e-05,4.0,0,0,"(20, 45)",0,28,17194028168045133892,10.0,P3-outbreak
100000,6,3,6e-05,4.0,0,2,"(20, 45)",0,29,4322179364227951521,10.0,P3-outbreak
100000,1,0,1e-05,4.0,0,0,"(20, 45)",0,30,3122986987001814305,10.0,P3-outbreak
100000,3,2,3e-05,4.0,0,0,"(20, 45)",0,31,8932521283865429556,10.0,P3-outbreak
100000,2,1,2e-05,4.0,0,0,"(20, 45)",0,32,17100632846347653672,10.0,P3-outbreak
100000,1,0,1e-05,4.0,0,0,"(20, 45)",0,33,3854449198699564712,10.0,P3-outbreak
100000,3,2,3e-05,4.0,0,0,"(20, 45)",0,34,12300743239859283522,10.0,P3-outbreak
100000,3,2,3e-05,4.0,0,0,"(20, 45)",0,35,1193019636618472870,10.0,P3-outbreak
100000,3,1,3e-05,4.0,0,1,"(20, 45)",0,36,6395806219624181602,10.0,P3-outbreak
100000,2,1,2e-05,4.0,0,0,"(20, 45)",0,37,10980647556604350954,10.0,P3-outbreak
100000,4,3,4e-05,4.0,0,0,"(20, 45)",0,38,241960226314680462,10.0,P3-outbreak
100000,3,1,3e-05,4.0,0,1,"(20, 45)",0,39,1394252547690785992,10.0,P3-outbreak
100000,6,3,6e-05,4.0,0,2,"(20, 45)",0,40,17427092237244686610,10.0,P3-outbreak
100000,2,1,2e-05,4.0,0,0,"(20, 45)",0,41,15520658632153168017,10.0,P3-outbreak
100000,5,3,5e-05,4.0,0,1,"(20, 45)",0,42,3185744113917416049,10.0,P3-outbreak
100000,1,0,1e-05,4.0,0,0,"(20, 45)",0,43,4705959738977946196,10.0,P3-outbreak
100000,2,1,2e-05,4.0,0,0,"(20, 45)",0,44,9914421451680709200,10.0,P3-outbreak
100000,1,0,1e-05,4.0,0,0,"(20, 45)",0,45,8786022848654852510,10.0,P3-outbreak
100000,3,2,3e-05,4.0,0,0,"(20, 45)",0,46,9250088046876262324,10.0,P3-outbreak
100000,2,1,2e-05,4.0,0,0,"(20, 45)",0,47,8973813732109260089,10.0,P3-outbreak
100000,2,1,2e-05,4.0,0,0,"(20, 45)",0,48,8180708896148617690,10.0,P3-outbreak
100000,2,1,2e-05,4.0,0,0,"(20, 45)",0,49,13930910284401769419,10.0,P3-outbreak
100000,2,1,2e-05,4.0,0,0,"(20, 45)",0,50,11275408484053215521,10.0,P3-outbreak
100000,6,3,6e-05,4.0,0,1,"(20, 45)",0,51,7722398918667274057,10.0,P3-outbreak
100000,4,2,4e-05,4.0,0,1,"(20, 45)",0,52,17137457606118117119,10.0,P3-outbreak
100000,3,2,3e-05,4.0,0,0,"(20, 45)",0,53,7392992403413588432,10.0,P3-outbreak
100000,2,1,2e-05,4.0,0,0,"(20, 45)",0,54,15198640361958794619,10.0,P3-outbreak
100000,1,0,1e-05,4.0,0,0,"(20, 45)",0,55,15411719494038293142,10.0,P3-outbreak
100000,4,1,4e-05,4.0,0,1,"(20, 45)",0,56,18131245764627168478,10.0,P3-outbreak
100000,5,2,5e-05,4.0,0,2,"(20, 45)",0,57,12979062606712441968,10.0,P3-outbreak
100000,3,1,3e-05,4.0,0,1,"(20, 45)",0,58,11853462577706568292,10.0,P3-outbreak
100000,1,0,1e-05,4.0,0,0,"(20, 45)",0,59,3023448069492990481,10.0,P3-outbreak
100000,3,2,3e-05,4.0,0,0,"(20, 45)",0,60,10392777290002635451,10.0,P3-outbreak
100000,3,2,3e-05,4.0,0,0,"(20, 45)",0,61,3282943868841268869,10.0,P3-outbreak
100000,5,2,5e-05,4.0,0,2,"(20, 45)",0,62,4423854382545495953,10.0,P3-outbreak
100000,1,0,1e-05,4.0,0,0,"(20, 45)",0,63,15147060919614267772,10.0,P3-outbreak
100000,3,2,3e-05,4.0,0,0,"(20, 45)",0,64,3051589189725652423,10.0,P3-outbreak
100000,3,2,3e-05,4.0,0,0,"(20, 45)",0,65,8630184283246036776,10.0,P3-outbreak
100000,5,3,5e-05,4.0,0,1,"(20, 45)",0,66,10091668007254090751,10.0,P3-outbreak
100000,12,2,0.00012,4.0,0,3,"(20, 45)",0,67,9451904537199240613,10.0,P3-outbreak
100000,1,0,1e-05,4.0,0,0,"(20, 45)",0,68,4365194164981227531,10.0,P3-outbreak
100000,2,1,2e-05,4.0,0,0,"(20, 45)",0,69,18406751693411963657,10.0,P3-outbreak
100000,2,1,2e-05,4.0,0,0,"(20, 45)",0,70,11983241651400567541,10.0,P3-outbreak
100000,3,2,3e-05,4.0,0,0,"(20, 45)",0,71,7012732020812249140,10.0,P3-outbreak
100000,4,2,4e-05,4.0,0,1,"(20, 45)",0,72,5390190228548939672,10.0,P3-outbreak
100000,1,0,1e-05,4.0,0,0,"(20, 45)",0,73,14806502624184018364,10.0,P3-outbreak
100000,2,1,2e-05,4.0,0,0,"(20, 45)",0,74,13292218330592286947,10.0,P3-outbreak
100000,6,3,6e-05,4.0,0,1,"(20, 45)",0,75,13916599722306469458,10.0,P3-outbreak
100000,7,2,7e-05,4.0,0,2,"(20, 45)",0,76,5582242290435965704,10.0,P3-outbreak
100000,4,3,4e-05,4.0,0,0,"(20, 45)",0,77,4673124590261135314,10.0,P3-outbreak
100000,1,0,1e-05,4.0,0,0,"(20, 45)",0,78,5478855268445769382,10.0,P3-outbreak
100000,3,1,3e-05,4.0,0,1,"(20, 45)",0,79,13335977445529530143,10.0,P3-outbreak
100000,8,2,8e-05,4.0,0,1,"(20, 45)",0,80,12088673704079659183,10.0,P3-outbreak
100000,4,2,4e-05,4.0,0,1,"(20, 45)",0,81,15197118552701461775,10.0,P3-outbreak
100000,2,1,2e-05,4.0,0,0,"(20, 45)",0,82,2899489110266297854,10.0,P3-outbreak
100000,8,1,8e-05,4.0,0,1,"(20, 45)",0,83,16821074262407133418,10.0,P3-outbreak
100000,3,2,3e-05,4.0,0,0,"(20, 45)",0,84,12512900985584986765,10.0,P3-outbreak
100000,6,1,6e-05,4.0,0,1,"(20, 45)",0,85,2669293305202688838,10.0,P3-outbreak
100000,5,4,5e-05,4.0,0,0,"(20, 45)",0,86,4045200672671994029,10.0,P3-outbreak
100000,1,0,1e-05,4.0,0,0,"(20, 45)",0,87,8406787172874913578,10.0,P3-outbreak
100000,1,0,1e-05,4.0,0,0,"(20, 45)",0,88,15590180882908105573,10.0,P3-outbreak
100000,1,0,1e-05,4.0,0,0,"(20, 45)",0,89,1061120558664375207,10.0,P3-outbreak
100000,2,1,2e-05,4.0,0,0,"(20, 45)",0,90,17775534356864508172,10.0,P3-outbreak
100000,2,1,2e-05,4.0,0,0,"(20, 45)",0,91,18171993707093255407,10.0,P3-outbreak
100000,5,2,5e-05,4.0,0,2,"(20, 45)",0,92,6804050097191837973,10.0,P3-outbreak
100000,4,2,4e-05,4.0,0,1,"(20, 45)",0,93,14740222848632304362,10.0,P3-outbreak
100000,2,1,2e-05,4.0,0,0,"(20, 45)",0,94,9482165539870306332,10.0,P3-outbreak
100000,4,3,4e-05,4.0,0,0,"(20, 45)",0,95,10116266934654614035,10.0,P3-outbreak
100000,2,1,2e-05,4.0,0,0,"(20, 45)",0,96,10465138392885207174,10.0,P3-outbreak
100000,1,0,1e-05,4.0,0,0,"(20, 45)",0,97,4753360906395618763,10.0,P3-outbreak
100000,5,2,5e-05,4.0,0,1,"(20, 45)",0,98,1518810501180170322,10.0,P3-outbreak
100000,4,3,4e-05,4.0,0,0,"(20, 45)",0,99,2287802387365778033,10.0,P3-outbreak
