N,case,intA,lam_intA_total,rep,seed,t_dagger,t_final,test
100000,A,57.44536373378067,,0,5644587464036142152,70.200826446281,140.0,P6
100000,A,57.53875849542864,,1,958338239074581913,70.43683035714285,140.0,P6
100000,A,57.51274683339925,,2,3431282761241320685,70.42256880733946,140.0,P6
100000,A,57.485618271156476,,3,1898305581167128310,70.32177589852009,140.0,P6
100000,A,57.50723894176215,,4,15527000355180189369,70.2646288209607,140.0,P6
100000,A,57.478224927601,,5,16457616678800307226,70.25511363636363,140.0,P6
100000,A,57.548058006844,,6,7392416632333779169,70.30257142857143,140.0,P6
100000,A,57.44412683899112,,7,2714005404897967128,70.2077358490566,140.0,P6
100000,A,57.549819769580644,,8,10423509219569154606,70.42316666666667,140.0,P6
100000,A,57.5316730991895,,9,8507851261259828193,70.3484602917342,140.0,P6
100000,A,57.52575273460709,,10,11228641748485976448,70.34296296296296,140.0,P6
100000,A,57.42952509321213,,11,8886723148236073377,70.19963436928703,140.0,P6
100000,A,57.5512670311677,,12,1233200096257527118,70.44240282685513,140.0,P6
100000,A,57.6223441605504,,13,7722893844304546356,70.48302752293579,140.0,P6
100000,A,57.58112013881963,,14,10658095707349839600,70.42894248608535,140.0,P6
100000,A,57.556385237224426,,15,12605794359304228716,70.36681818181819,140.0,P6
100000,A,57.543164623412956,,16,17814634476278224207,70.3937384898711,140.0,P6
100000,A,57.53314592623701,,17,746811735180222137,70.43096153846155,140.0,P6
100000,A,57.458960978086886,,18,11389889353635022203,70.24557522123894,140.0,P6
100000,A,57.492896084389955,,19,5426316844744272141,70.40606617647059,140.0,P6
100000,A,57.58148093833549,,20,3358320084006673910,70.52569230769231,140.0,P6
100000,A,57.589866663147525,,21,13580577031002748067,70.3772435897436,140.0,P6
100000,A,57.5022549208614,,22,8416863656109239910,70.34654088050314,140.0,P6
100000,A,57.512529973411866,,23,8831959585800375174,70.28912685337727,140.0,P6
100000,A,57.50882256591889,,24,15746970641981818234,70.32409638554216,140.0,P6
100000,A,57.529284253677105,,25,3646952149706081736,70.38166666666667,140.0,P6
100000,A,57.55439784659729,,26,9146045644815939755,70.41857923497268,140.0,P6
100000,A,57.556054157704274,,27,14238638034099161576,70.38251273344652,140.0,P6
100000,A,57.451083104017144,,28,12074547981890338202,70.26975169300225,140.0,P6
100000,A,57.58417777527534,,29,7263873163502245255,70.46176935229069,140.0,P6
100000,A,57.557634718589206,,30,12335877407484695498,70.4997442455243,140.0,P6
100000,A,57.58749619915628,,31,6669259518779431731,70.39114441416895,140.0,P6
100000,A,57.44505992162722,,32,5672506137107995758,70.21686746987952,140.0,P6
100000,A,57.445025552852826,,33,2281732822973545849,70.20533536585366,140.0,P6
100000,A,57.52782150617655,,34,8746595195445402843,70.32541436464088,140.0,P6
100000,A,57.50044436209187,,35,11695438573196949587,70.30617283950617,140.0,P6
100000,A,57.55863810750418,,36,2998098006475480274,70.45486381322958,140.0,P6
100000,A,57.49057421106869,,37,10664160486875442597,70.29188255613126,140.0,P6
100000,A,57.59857990801348,,38,17849723580304621245,70.44048913043478,140.0,P6
100000,A,57.54891303822238,,39,15038917917218533406,70.41803921568628,140.0,P6
100000,A,57.579732123084206,,40,3500055933571995942,70.43529411764706,140.0,P6
100000,A,57.52509855383469,,41,14827056826037472873,70.40821484992101,140.0,P6
100000,A,57.53658985591555,,42,15583671159019527995,70.38235294117648,140.0,P6
100000,A,57.50803841773658,,43,1578963884620909413,70.24952561669829,140.0,P6
100000,A,57.584600815953436,,44,13729124000540199117,70.36223175965665,140.0,P6
100000,A,57.5395727432583,,45,9196438429081024326,70.41812297734629,140.0,P6
100000,A,57.44549209140414,,46,15554715838353271537,70.28405797101449,140.0,P6
100000,A,57.45522307674326,,47,16542567673431130986,70.25095785440612,140.0,P6
100000,A,57.502404884514895,,48,6630302363187772197,70.29119999999999,140.0,P6
100000,A,57.5289709876615,,49,8070964525669189831,70.31911764705882,140.0,P6
100000,B,10.398447504403817,25.996118761009544,0,17269388492312427954,,140.0,P6
100000,B,10.387781767258112,25.96945441814528,1,10749325680154930262,,140.0,P6
100000,B,10.390803591726707,25.977008979316768,2,15359504557575329573,,140.0,P6
100000,B,10.394676274293996,25.98669068573499,3,18201374306131135791,,140.0,P6
100000,B,10.397073756819518,25.992684392048794,4,8982475767046265796,,140.0,P6
100000,B,10.394239359157659,25.985598397894147,5,6581177353720222662,,140.0,P6
100000,B,10.38573044936563,25.964326123414075,6,15507687262498018257,,140.0,P6
100000,B,10.386678818220968,25.966697045552422,7,14756283834310172737,,140.0,P6
100000,B,10.394225800615478,25.985564501538697,8,2856082297497398821,,140.0,P6
100000,B,10.39232850670666,25.98082126676665,9,8246903078871777363,,140.0,P6
100000,B,10.382594368911054,25.956485922277636,10,13336808090400874402,,140.0,P6
100000,B,10.38856968953253,25.971424223831324,11,8718046532509032680,,140.0,P6
100000,B,10.376407313975875,25.941018284939688,12,9372729231798301822,,140.0,P6
100000,B,10.390428330452368,25.97607082613092,13,8832025520053283289,,140.0,P6
100000,B,10.395786012672986,25.989465031682464,14,12657610019992725858,,140.0,P6
100000,B,10.35965146479805,25.899128661995125,15,8250038602585305291,,140.0,P6
100000,B,10.385124352732696,25.96281088183174,16,10605649182183129072,,140.0,P6
100000,B,10.413614084944202,26.034035212360504,17,13911121085608713391,,140.0,P6
100000,B,10.383772616901089,25.959431542252723,18,13202357454721582761,,140.0,P6
100000,B,10.388045745185282,25.970114362963205,19,6988569566289537568,,140.0,P6
100000,B,10.383996630336922,25.959991575842306,20,15663472964165522287,,140.0,P6
100000,B,10.377016167383633,25.94254041845908,21,11921448664620622092,,140.0,P6
100000,B,10.367022654544044,25.91755663636011,22,2110071237660372960,,140.0,P6
100000,B,10.394709060920318,25.986772652300797,23,9281048977604209921,,140.0,P6
100000,B,10.410179605037357,26.02544901259339,24,8254839701391290581,,140.0,P6
100000,B,10.382917804229596,25.957294510573988,25,12355567304412411534,,140.0,P6
100000,B,10.381396585260905,25.95349146315226,26,796083629780780722,,140.0,P6
100000,B,10.391298859706058,25.978247149265144,27,10481472394035691544,,140.0,P6
100000,B,10.388875800136242,25.972189500340605,28,9947270734492809192,,140.0,P6
100000,B,10.37965602175093,25.949140054377327,29,17937966484572816092,,140.0,P6
100000,B,10.386542862993789,25.966357157484474,30,14377951126379774862,,140.0,P6
100000,B,10.385068859723164,25.96267214930791,31,9196673692030533797,,140.0,P6
100000,B,10.38811936122141,25.970298403053526,32,16785675313681368636,,140.0,P6
100000,B,10.384632526196658,25.961581315491642,33,7781459572216799975,,140.0,P6
100000,B,10.393181596323808,25.98295399080952,34,3707430505046910030,,140.0,P6
100000,B,10.393327223127383,25.983318057818458,35,4835592887267147395,,140.0,P6
100000,B,10.389500941895534,25.973752354738835,36,17032476673072901401,,140.0,P6
100000,B,10.405366056801109,26.01341514200277,37,4484067142736597336,,140.0,P6
100000,B,10.38139376145557,25.953484403638925,38,7162209239963921386,,140.0,P6
100000,B,10.384835690480724,25.96208922620181,39,12209043325719093758,,140.0,P6
100000,B,10.405037754128657,26.01259438532164,40,11852603564074508453,,140.0,P6
100000,B,10.380097264686508,25.950243161716273,41,13675872258898724539,,140.0,P6
100000,B,10.374939093358796,25.93734773339699,42,15365415276660518829,,140.0,P6
100000,B,10.393838824451574,25.984597061128937,43,2126647149139598501,,140.0,P6
100000,B,10.391274853191454,25.978187132978636,44,14088284801694665279,,140.0,P6
100000,B,10.39840304773605,25.996007619340126,45,11957660898413093376,,140.0,P6
100000,B,10.4012721014221,26.00318025355525,46,10134862246874778112,,140.0,P6
100000,B,10.386394494534978,25.965986236337443,47,16476400180963259346,,140.0,P6
100000,B,10.385250956553852,25.96312739138463,48,14533992030686658650,,140.0,P6
100000,B,10.400638349161714,26.001595872904282,49,11075661046355304480,,140.0,P6
