N,Z,Z1_live,Z_frac,lam,n_activated_by_campaign,order,outbreak,rep,seed,test
100000,1,0,1e-05,26.5,0,"(10, 20, 30)",0,0,12491898187316167501,P2-outbreak
100000,1,0,1e-05,26.5,0,"(10, 20, 30)",0,1,9619752392607803636,P2-outbreak
100000,6,1,6e-05,26.5,0,"(10, 20, 30)",0,2,18128337815768194309,P2-outbreak
100000,2,1,2e-05,26.5,0,"(10, 20, 30)",0,3,534563731833396764,P2-outbreak
100000,1,0,1e-05,26.5,0,"(10, 20, 30)",0,4,1230404322159814229,P2-outbreak
100000,2,1,2e-05,26.5,0,"(10, 20, 30)",0,5,16104513053246836916,P2-outbreak
100000,2,1,2e-05,26.5,0,"(10, 20, 30)",0,6,1087101986436609772,P2-outbreak
100000,82,1,0.00082,26.5,0,"(10, 20, 30)",0,7,12212326790085839533,P2-outbreak
100000,8,1,8e-05,26.5,0,"(10, 20, 30)",0,8,3845905756495428061,P2-outbreak
100000,1,0,1e-05,26.5,0,"(10, 20, 30)",0,9,8145723393647359757,P2-outbreak
100000,12,2,0.00012,26.5,0,"(10, 20, 30)",0,10,767212743563403453,P2-outbreak
100000,10,3,0.0001,26.5,0,"(10, 20, 30)",0,11,1125938424283762903,P2-outbreak
100000,1,0,1e-05,26.5,0,"(10, 20, 30)",0,12,13130636554216283788,P2-outbreak
100000,1,0,1e-05,26.5,0,"(10, 20, 30)",0,13,7381897780120945737,P2-outbreak
100000,1,0,1e-05,26.5,0,"(10, 20, 30)",0,14,14333993657129270968,P2-outbreak
100000,4,1,4e-05,26.5,0,"(10, 20, 30)",0,15,1541755070715673627,P2-outbreak
100000,1,0,1e-05,26.5,0,"(10, 20, 30)",0,16,373544094598064888,P2-outbreak
100000,138,1,0.00138,26.5,0,"(10, 20, 30)",0,17,15268641298269587860,P2-outbreak
100000,1,0,1e-05,26.5,0,"(10, 20, 30)",0,18,16224500210145688612,P2-outbreak
100000,1,0,1e-05,26.5,0,"(10, 20, 30)",0,19,7440533709373326040,P2-outbreak
100000,126,2,0.00126,26.5,0,"(10, 20, 30)",0,20,5614685420584045804,P2-outbreak
100000,1,0,1e-05,26.5,0,"(10, 20, 30)",0,21,13652194030845431324,P2-outbreak
100000,1,0,1e-05,26.5,0,"(10, 20, 30)",0,22,11211652066649463699,P2-outbreak
100000,66,1,0.00066,26.5,0,"(10, 20, 30)",0,23,15799732997388006866,P2-outbreak
100000,1,0,1e-05,26.5,0,"(10, 20, 30)",0,24,11997684810332483827,P2-outbreak
100000,11,2,0.00011,26.5,0,"(10, 20, 30)",0,25,6809176188783239144,P2-outbreak
100000,6,3,6e-05,26.5,0,"(10, 20, 30)",0,26,1807176808603039321,P2-outbreak
100000,1,0,1e-05,26.5,0,"(10, 20, 30)",0,27,8427382402758257652,P2-outbreak
100000,11,1,0.00011,26.5,0,"(10, 20, 30)",0,28,11357529305338680837,P2-outbreak
100000,1,0,1e-05,26.5,0,"(10, 20, 30)",0,29,18413043109787498460,P2-outbreak
100000,3,1,3e-05,26.5,0,"(10, 20, 30)",0,30,6659655769015035140,P2-outbreak
100000,701,1,0.00701,26.5,0,"(10, 20, 30)",0,31,12492678043747625814,P2-outbreak
100000,1,0,1e-05,26.5,0,"(10, 20, 30)",0,32,4891808729575551786,P2-outbreak
100000,4,1,4e-05,26.5,0,"(10, 20, 30)",0,33,6972085947531411683,P2-outbreak
100000,1,0,1e-05,26.5,0,"(10, 20, 30)",0,34,3707989548054087015,P2-outbreak
100000,148,1,0.00148,26.5,0,"(10, 20, 30)",0,35,7987086780286327525,P2-outbreak
100000,1,0,1e-05,26.5,0,"(10, 20, 30)",0,36,11726404950225825370,P2-outbreak
100000,102,1,0.00102,26.5,0,"(10, 20, 30)",0,37,8926921397718240756,P2-outbreak
100000,2,1,2e-05,26.5,0,"(10, 20, 30)",0,38,10911778271377782569,P2-outbreak
100000,1,0,1e-05,26.5,0,"(10, 20, 30)",0,39,17544666464294888400,P2-outbreak
100000,1,0,1e-05,26.5,0,"(10, 20, 30)",0,40,8675830957586593477,P2-outbreak
100000,1,0,1e-05,26.5,0,"(10, 20, 30)",0,41,13008189327839239065,P2-outbreak
100000,524,2,0.00524,26.5,0,"(10, 20, 30)",0,42,1269858938585073156,P2-outbreak
100000,2,1,2e-05,26.5,0,"(10, 20, 30)",0,43,1739697128515134794,P2-outbreak
100000,1,0,1e-05,26.5,0,"(10, 20, 30)",0,44,9066411388118276775,P2-outbreak
100000,441,3,0.00441,26.5,0,"(10, 20, 30)",0,45,5260139969917393403,P2-outbreak
100000,87,2,0.00087,26.5,0,"(10, 20, 30)",0,46,8860050775254882081,P2-outbreak
100000,4,2,4e-05,26.5,0,"(10, 20, 30)",0,47,287544203397628951,P2-outbreak
100000,1,0,1e-05,26.5,0,"(10, 20, 30)",0,48,1700141812631812556,P2-outbreak
100000,2,1,2e-05,26.5,0,"(10, 20, 30)",0,49,5387330955358929308,P2-outbreak
100000,1,0,1e-05,26.5,0,"(10, 30, 20)",0,0,11015878839936921058,P2-outbreak
100000,1,0,1e-05,26.5,0,"(10, 30, 20)",0,1,5459165205536771081,P2-outbreak
100000,6,2,6e-05,26.5,0,"(10, 30, 20)",0,2,4452882827939560499,P2-outbreak
100000,2,1,2e-05,26.5,0,"(10, 30, 20)",0,3,13916019344794182729,P2-outbreak
100000,1,0,1e-05,26.5,0,"(10, 30, 20)",0,4,16193822212487895427,P2-outbreak
100000,3,1,3e-05,26.5,0,"(10, 30, 20)",0,5,2466114398075551375,P2-outbreak
100000,4,1,4e-05,26.5,0,"(10, 30, 20)",0,6,17273535587791873153,P2-outbreak
100000,249,3,0.00249,26.5,0,"(10, 30, 20)",0,7,14814471275400731127,P2-outbreak
100000,1,0,1e-05,26.5,0,"(10, 30, 20)",0,8,13223988128659797171,P2-outbreak
100000,251,2,0.00251,26.5,0,"(10, 30, 20)",0,9,3606030464710011579,P2-outbreak
100000,13826,2,0.13826,26.5,0,"(10, 30, 20)",1,10,990850294417844602,P2-outbreak
100000,119,2,0.00119,26.5,0,"(10, 30, 20)",0,11,4579973560440182316,P2-outbreak
100000,1,0,1e-05,26.5,0,"(10, 30, 20)",0,12,3988855670571865432,P2-outbreak
100000,1,0,1e-05,26.5,0,"(10, 30, 20)",0,13,10738627883778493247,P2-outbreak
100000,48,2,0.00048,26.5,0,"(10, 30, 20)",0,14,4500941901551149796,P2-outbreak
100000,9,1,9e-05,26.5,0,"(10, 30, 20)",0,15,8737637249807485637,P2-outbreak
100000,1,0,1e-05,26.5,0,"(10, 30, 20)",0,16,4863778763254245143,P2-outbreak
100000,8782,4,0.08782,26.5,0,"(10, 30, 20)",1,17,6075154087007184567,P2-outbreak
100000,1,0,1e-05,26.5,0,"(10, 30, 20)",0,18,4225763549052792564,P2-outbreak
100000,9089,2,0.09089,26.5,0,"(10, 30, 20)",1,19,16729318630962558019,P2-outbreak
100000,66,1,0.00066,26.5,0,"(10, 30, 20)",0,20,7002063029172537051,P2-outbreak
100000,8,1,8e-05,26.5,0,"(10, 30, 20)",0,21,18004359177010825517,P2-outbreak
100000,1,0,1e-05,26.5,0,"(10, 30, 20)",0,22,13803450567381993329,P2-outbreak
100000,12014,3,0.12014,26.5,0,"(10, 30, 20)",1,23,838923253494979703,P2-outbreak
100000,8,1,8e-05,26.5,0,"(10, 30, 20)",0,24,12087298961129314382,P2-outbreak
100000,12,1,0.00012,26.5,0,"(10, 30, 20)",0,25,14946611803938077275,P2-outbreak
100000,32,1,0.00032,26.5,0,"(10, 30, 20)",0,26,3981987772288825557,P2-outbreak
100000,4,1,4e-05,26.5,0,"(10, 30, 20)",0,27,16942123024944967358,P2-outbreak
100000,5,2,5e-05,26.5,0,"(10, 30, 20)",0,28,14878781882227745958,P2-outbreak
100000,10774,1,0.10774,26.5,0,"(10, 30, 20)",1,29,13303668819872756717,P2-outbreak
100000,12,1,0.00012,26.5,0,"(10, 30, 20)",0,30,1513521384112048828,P2-outbreak
100000,1,0,1e-05,26.5,0,"(10, 30, 20)",0,31,818375620803509430,P2-outbreak
100000,76,2,0.00076,26.5,0,"(10, 30, 20)",0,32,6239565225571341543,P2-outbreak
100000,15450,3,0.1545,26.5,0,"(10, 30, 20)",1,33,18284709232481515459,P2-outbreak
100000,1,0,1e-05,26.5,0,"(10, 30, 20)",0,34,6512042214642420489,P2-outbreak
100000,53,3,0.00053,26.5,0,"(10, 30, 20)",0,35,13448387631700510188,P2-outbreak
100000,1,0,1e-05,26.5,0,"(10, 30, 20)",0,36,5679493454533013468,P2-outbreak
100000,1,0,1e-05,26.5,0,"(10, 30, 20)",0,37,14083692780768752449,P2-outbreak
100000,2,1,2e-05,26.5,0,"(10, 30, 20)",0,38,5709592818433928094,P2-outbreak
100000,41,2,0.00041,26.5,0,"(10, 30, 20)",0,39,16682599036489257949,P2-outbreak
100000,9,1,9e-05,26.5,0,"(10, 30, 20)",0,40,11480732247313289121,P2-outbreak
100000,1,0,1e-05,26.5,0,"(10, 30, 20)",0,41,10986581979608232050,P2-outbreak
100000,10035,6,0.10035,26.5,0,"(10, 30, 20)",1,42,6353910860109351879,P2-outbreak
100000,100,3,0.001,26.5,0,"(10, 30, 20)",0,43,8304089417497001407,P2-outbreak
100000,1,0,1e-05,26.5,0,"(10, 30, 20)",0,44,6465957922037029932,P2-outbreak
100000,55,2,0.00055,26.5,0,"(10, 30, 20)",0,45,6450514200408953935,P2-outbreak
100000,1,0,1e-05,26.5,0,"(10, 30, 20)",0,46,11927649865384931135,P2-outbreak
100000,3,1,3e-05,26.5,0,"(10, 30, 20)",0,47,16354133771256190391,P2-outbreak
100000,2,1,2e-05,26.5,0,"(10, 30, 20)",0,48,15175863109603472743,P2-outbreak
100000,1,0,1e-05,26.5,0,"(10, 30, 20)",0,49,2499646156692426906,P2-outbreak
100000,6,2,6e-05,26.5,0,"(10, 30, 20)",0,50,14191104767309669303,P2-outbreak
100000,6,1,6e-05,26.5,0,"(10, 30, 20)",0,51,9300045267355862969,P2-outbreak
100000,1,0,1e-05,26.5,0,"(10, 30, 20)",0,52,13786167420274173547,P2-outbreak
100000,1,0,1e-05,26.5,0,"(10, 30, 20)",0,53,936883238458411713,P2-outbreak
100000,2,1,2e-05,26.5,0,"(10, 30, 20)",0,54,13474572008281289028,P2-outbreak
100000,2,1,2e-05,26.5,0,"(10, 30, 20)",0,55,9555916045067794436,P2-outbreak
100000,2,1,2e-05,26.5,0,"(10, 30, 20)",0,56,1038254935188308557,P2-outbreak
100000,21,1,0.00021,26.5,0,"(10, 30, 20)",0,57,9289881634867805194,P2-outbreak
100000,6,2,6e-05,26.5,0,"(10, 30, 20)",0,58,3936575961879835405,P2-outbreak
100000,6,1,6e-05,26.5,0,"(10, 30, 20)",0,59,8602982867367612867,P2-outbreak
100000,1,0,1e-05,26.5,0,"(10, 30, 20)",0,60,6425367342110217447,P2-outbreak
100000,1,0,1e-05,26.5,0,"(10, 30, 20)",0,61,5461638602352037073,P2-outbreak
100000,5,1,5e-05,26.5,0,"(10, 30, 20)",0,62,1974003458599102551,P2-outbreak
100000,1,0,1e-05,26.5,0,"(10, 30, 20)",0,63,16079686245603968349,P2-outbreak
100000,3,1,3e-05,26.5,0,"(10, 30, 20)",0,64,3732229945242369672,P2-outbreak
100000,2,1,2e-05,26.5,0,"(10, 30, 20)",0,65,11725100345856107938,P2-outbreak
100000,2608,3,0.02608,26.5,0,"(10, 30, 20)",1,66,8571467210196079836,P2-outbreak
100000,14,1,0.00014,26.5,0,"(10, 30, 20)",0,67,18293382118195151012,P2-outbreak
100000,1,0,1e-05,26.5,0,"(10, 30, 20)",0,68,5240467882940928176,P2-outbreak
100000,3,1,3e-05,26.5,0,"(10, 30, 20)",0,69,18074255987297191077,P2-outbreak
100000,1,0,1e-05,26.5,0,"(10, 30, 20)",0,70,2517139314039486166,P2-outbreak
100000,1,0,1e-05,26.5,0,"(10, 30, 20)",0,71,16867450023424413895,P2-outbreak
100000,372,2,0.00372,26.5,0,"(10, 30, 20)",0,72,8911197615711798827,P2-outbreak
100000,3,2,3e-05,26.5,0,"(10, 30, 20)",0,73,4260863713233100214,P2-outbreak
100000,1,0,1e-05,26.5,0,"(10, 30, 20)",0,74,7201511162902244471,P2-outbreak
100000,3,1,3e-05,26.5,0,"(10, 30, 20)",0,75,1842257541559468089,P2-outbreak
100000,1,0,1e-05,26.5,0,"(10, 30, 20)",0,76,8601499604932051890,P2-outbreak
100000,11871,1,0.11871,26.5,0,"(10, 30, 20)",1,77,3899876609405608298,P2-outbreak
100000,1,0,1e-05,26.5,0,"(10, 30, 20)",0,78,14370776727525542447,P2-outbreak
100000,24,3,0.00024,26.5,0,"(10, 30, 20)",0,79,8585627148681317547,P2-outbreak
100000,1,0,1e-05,26.5,0,"(10, 30, 20)",0,80,10620881881200432463,P2-outbreak
100000,4,2,4e-05,26.5,0,"(10, 30, 20)",0,81,10179130638849122848,P2-outbreak
100000,1,0,1e-05,26.5,0,"(10, 30, 20)",0,82,8154121021775570419,P2-outbreak
100000,33,2,0.00033,26.5,0,"(10, 30, 20)",0,83,13769169079975318107,P2-outbreak
100000,1,0,1e-05,26.5,0,"(10, 30, 20)",0,84,849327206455151319,P2-outbreak
100000,3,1,3e-05,26.5,0,"(10, 30, 20)",0,85,14910098826448143197,P2-outbreak
100000,4,1,4e-05,26.5,0,"(10, 30, 20)",0,86,4531094573574244104,P2-outbreak
100000,43,1,0.00043,26.5,0,"(10, 30, 20)",0,87,12555104553427854125,P2-outbreak
100000,2,1,2e-05,26.5,0,"(10, 30, 20)",0,88,9918031477773807963,P2-outbreak
100000,132,6,0.00132,26.5,0,"(10, 30, 20)",0,89,13461974726591278781,P2-outbreak
100000,3,1,3e-05,26.5,0,"(10, 30, 20)",0,90,9216995888979762315,P2-outbreak
100000,4,3,4e-05,26.5,0,"(10, 30, 20)",0,91,11225344855098633149,P2-outbreak
100000,70,2,0.0007,26.5,0,"(10, 30, 20)",0,92,12884735661624443690,P2-outbreak
100000,1,0,1e-05,26.5,0,"(10, 30, 20)",0,93,14705007463617979086,P2-outbreak
100000,192,1,0.00192,26.5,0,"(10, 30, 20)",0,94,15712029506485860286,P2-outbreak
100000,3,2,3e-05,26.5,0,"(10, 30, 20)",0,95,16772965414070545481,P2-outbreak
100000,1553,3,0.01553,26.5,0,"(10, 30, 20)",1,96,14896422122379365936,P2-outbreak
100000,4,1,4e-05,26.5,0,"(10, 30, 20)",0,97,14854393638894722816,P2-outbreak
100000,3,2,3e-05,26.5,0,"(10, 30, 20)",0,98,1644686800409737684,P2-outbreak
100000,2,1,2e-05,26.5,0,"(10, 30, 20)",0,99,742849060051744948,P2-outbreak
100000,13,1,0.00013,26.5,0,"(10, 30, 20)",0,100,8383514340651065833,P2-outbreak
100000,1,0,1e-05,26.5,0,"(10, 30, 20)",0,101,36356710484552498,P2-outbreak
100000,1,0,1e-05,26.5,0,"(10, 30, 20)",0,102,1915112843198028888,P2-outbreak
100000,5,2,5e-05,26.5,0,"(10, 30, 20)",0,103,8583244449608957720,P2-outbreak
100000,6,1,6e-05,26.5,0,"(10, 30, 20)",0,104,5076808303299243401,P2-outbreak
100000,16696,5,0.16696,26.5,0,"(10, 30, 20)",1,105,14728904582300340002,P2-outbreak
100000,2,1,2e-05,26.5,0,"(10, 30, 20)",0,106,699947101183428060,P2-outbreak
100000,13,3,0.00013,26.5,0,"(10, 30, 20)",0,107,11316933775568401030,P2-outbreak
100000,237,2,0.00237,26.5,0,"(10, 30, 20)",0,108,16633444305559794869,P2-outbreak
100000,1,0,1e-05,26.5,0,"(10, 30, 20)",0,109,9400132307356515798,P2-outbreak
100000,4,1,4e-05,26.5,0,"(10, 30, 20)",0,110,9921426971404143997,P2-outbreak
100000,1,0,1e-05,26.5,0,"(10, 30, 20)",0,111,18238710753097956494,P2-outbreak
100000,1,0,1e-05,26.5,0,"(10, 30, 20)",0,112,11733644797935142299,P2-outbreak
100000,2,1,2e-05,26.5,0,"(10, 30, 20)",0,113,14065387426653225431,P2-outbreak
100000,12,1,0.00012,26.5,0,"(10, 30, 20)",0,114,16559302889484644677,P2-outbreak
100000,7,1,7e-05,26.5,0,"(10, 30, 20)",0,115,16007476981396893060,P2-outbreak
100000,10,3,0.0001,26.5,0,"(10, 30, 20)",0,116,2780698513661284865,P2-outbreak
100000,1,0,1e-05,26.5,0,"(10, 30, 20)",0,117,618290398068527552,P2-outbreak
100000,4,1,4e-05,26.5,0,"(10, 30, 20)",0,118,11655381336211951459,P2-outbreak
100000,3557,2,0.03557,26.5,0,"(10, 30, 20)",1,119,16192300818232749321,P2-outbreak
100000,2,1,2e-05,26.5,0,"(10, 30, 20)",0,120,12335112052011656116,P2-outbreak
100000,1,0,1e-05,26.5,0,"(10, 30, 20)",0,121,16133893455117685896,P2-outbreak
100000,1,0,1e-05,26.5,0,"(10, 30, 20)",0,122,12620695064715815940,P2-outbreak
100000,94,1,0.00094,26.5,0,"(10, 30, 20)",0,123,890538105779037701,P2-outbreak
100000,1,0,1e-05,26.5,0,"(10, 30, 20)",0,124,17143355273852460838,P2-outbreak
100000,2,1,2e-05,26.5,0,"(10, 30, 20)",0,125,17964380543686186252,P2-outbreak
100000,1,0,1e-05,26.5,0,"(10, 30, 20)",0,126,17391768659279316050,P2-outbreak
100000,1,0,1e-05,26.5,0,"(10, 30, 20)",0,127,15315003558128873676,P2-outbreak
100000,1,0,1e-05,26.5,0,"(10, 30, 20)",0,128,13074089097581966790,P2-outbreak
100000,5,1,5e-05,26.5,0,"(10, 30, 20)",0,129,12514434626985415789,P2-outbreak
100000,1,0,1e-05,26.5,0,"(10, 30, 20)",0,130,17448922632297625516,P2-outbreak
100000,29,3,0.00029,26.5,0,"(10, 30, 20)",0,131,4020390082612310146,P2-outbreak
100000,2,1,2e-05,26.5,0,"(10, 30, 20)",0,132,12811328880585076414,P2-outbreak
100000,9,1,9e-05,26.5,0,"(10, 30, 20)",0,133,13848669046540241910,P2-outbreak
100000,18,1,0.00018,26.5,0,"(10, 30, 20)",0,134,14442761085238952883,P2-outbreak
100000,1,0,1e-05,26.5,0,"(10, 30, 20)",0,135,17011662449373109139,P2-outbreak
100000,2,1,2e-05,26.5,0,"(10, 30, 20)",0,136,5011663945061657423,P2-outbreak
100000,28,3,0.00028,26.5,0,"(10, 30, 20)",0,137,8329773023872504626,P2-outbreak
100000,1,0,1e-05,26.5,0,"(10, 30, 20)",0,138,3909926483887152711,P2-outbreak
100000,12561,2,0.12561,26.5,0,"(10, 30, 20)",1,139,3007269114331777711,P2-outbreak
100000,3,1,3e-05,26.5,0,"(10, 30, 20)",0,140,6937721028512366907,P2-outbreak
100000,40,3,0.0004,26.5,0,"(10, 30, 20)",0,141,10604847707428530762,P2-outbreak
100000,1,0,1e-05,26.5,0,"(10, 30, 20)",0,142,14977832369800805824,P2-outbreak
100000,3,1,3e-05,26.5,0,"(10, 30, 20)",0,143,7604436166242415730,P2-outbreak
100000,1,0,1e-05,26.5,0,"(10, 30, 20)",0,144,11856398380871750777,P2-outbreak
100000,10,1,0.0001,26.5,0,"(10, 30, 20)",0,145,10194801569615346507,P2-outbreak
100000,36,3,0.00036,26.5,0,"(10, 30, 20)",0,146,17506224333953305191,P2-outbreak
100000,2,1,2e-05,26.5,0,"(10, 30, 20)",0,147,3611627627903788539,P2-outbreak
100000,1,0,1e-05,26.5,0,"(10, 30, 20)",0,148,4601680613324493878,P2-outbreak
100000,1,0,1e-05,26.5,0,"(10, 30, 20)",0,149,10741797523022792294,P2-outbreak
100000,1,0,1e-05,26.5,0,"(10, 30, 20)",0,150,6231488758219449616,P2-outbreak
100000,8,2,8e-05,26.5,0,"(10, 30, 20)",0,151,17845374063526172552,P2-outbreak
100000,6,3,6e-05,26.5,0,"(10, 30, 20)",0,152,5582357365614398173,P2-outbreak
100000,138,5,0.00138,26.5,0,"(10, 30, 20)",0,153,3969315421535869444,P2-outbreak
100000,14,5,0.00014,26.5,0,"(10, 30, 20)",0,154,10915540753830168017,P2-outbreak
100000,20,3,0.0002,26.5,0,"(10, 30, 20)",0,155,17421279202331499317,P2-outbreak
100000,4,3,4e-05,26.5,0,"(10, 30, 20)",0,156,8937895072108134302,P2-outbreak
100000,3,1,3e-05,26.5,0,"(10, 30, 20)",0,157,4821894940687397716,P2-outbreak
100000,1,0,1e-05,26.5,0,"(10, 30, 20)",0,158,17817543507811968602,P2-outbreak
100000,1,0,1e-05,26.5,0,"(10, 30, 20)",0,159,228713435169691815,P2-outbreak
100000,33,1,0.00033,26.5,0,"(10, 30, 20)",0,160,774437337805258018,P2-outbreak
100000,2,1,2e-05,26.5,0,"(10, 30, 20)",0,161,6224194990738926343,P2-outbreak
100000,2,1,2e-05,26.5,0,"(10, 30, 20)",0,162,6570059019932400930,P2-outbreak
100000,1,0,1e-05,26.5,0,"(10, 30, 20)",0,163,157124381749623792,P2-outbreak
100000,6,2,6e-05,26.5,0,"(10, 30, 20)",0,164,9469945997120620915,P2-outbreak
100000,21,3,0.00021,26.5,0,"(10, 30, 20)",0,165,3550015786455988087,P2-outbreak
100000,1,0,1e-05,26.5,0,"(10, 30, 20)",0,166,1065040417897785958,P2-outbreak
100000,20,1,0.0002,26.5,0,"(10, 30, 20)",0,167,14464368477086616732,P2-outbreak
100000,3,2,3e-05,26.5,0,"(10, 30, 20)",0,168,8990032298249609764,P2-outbreak
100000,8,2,8e-05,26.5,0,"(10, 30, 20)",0,169,2191110992885777650,P2-outbreak
100000,1,0,1e-05,26.5,0,"(10, 30, 20)",0,170,12635604432430561821,P2-outbreak
100000,22,2,0.00022,26.5,0,"(10, 30, 20)",0,171,4462189809974977341,P2-outbreak
100000,4,2,4e-05,26.5,0,"(10, 30, 20)",0,172,9972274286051682628,P2-outbreak
100000,2,1,2e-05,26.5,0,"(10, 30, 20)",0,173,1598168020783801278,P2-outbreak
100000,59,6,0.00059,26.5,0,"(10, 30, 20)",0,174,14175262636430096453,P2-outbreak
100000,4,1,4e-05,26.5,0,"(10, 30, 20)",0,175,11491775563958927622,P2-outbreak
100000,2,1,2e-05,26.5,0,"(10, 30, 20)",0,176,8369951374138702482,P2-outbreak
100000,1,0,1e-05,26.5,0,"(10, 30, 20)",0,177,13507666976197949020,P2-outbreak
100000,5,1,5e-05,26.5,0,"(10, 30, 20)",0,178,4726050834834127609,P2-outbreak
100000,6,2,6e-05,26.5,0,"(10, 30, 20)",0,179,18314785020946500910,P2-outbreak
100000,1,0,1e-05,26.5,0,"(10, 30, 20)",0,180,16770053994854032068,P2-outbreak
100000,4,3,4e-05,26.5,0,"(10, 30, 20)",0,181,4009480269871946950,P2-outbreak
100000,10554,1,0.10554,26.5,0,"(10, 30, 20)",1,182,14144024158253675189,P2-outbreak
100000,1,0,1e-05,26.5,0,"(10, 30, 20)",0,183,15432830446925825431,P2-outbreak
100000,2,1,2e-05,26.5,0,"(10, 30, 20)",0,184,2834115787632654564,P2-outbreak
100000,40,2,0.0004,26.5,0,"(10, 30, 20)",0,185,6896377852212113485,P2-outbreak
100000,1,0,1e-05,26.5,0,"(10, 30, 20)",0,186,14308436106947354841,P2-outbreak
100000,16,4,0.00016,26.5,0,"(10, 30, 20)",0,187,8296433773556539764,P2-outbreak
100000,3,2,3e-05,26.5,0,"(10, 30, 20)",0,188,11291819117267500544,P2-outbreak
100000,14,1,0.00014,26.5,0,"(10, 30, 20)",0,189,1312380103248797459,P2-outbreak
100000,49,3,0.00049,26.5,0,"(10, 30, 20)",0,190,5249388763630619052,P2-outbreak
100000,1,0,1e-05,26.5,0,"(10, 30, 20)",0,191,10593093292471346558,P2-outbreak
100000,1,0,1e-05,26.5,0,"(10, 30, 20)",0,192,14135870785923204369,P2-outbreak
100000,1,0,1e-05,26.5,0,"(10, 30, 20)",0,193,15978215416437760804,P2-outbreak
100000,39,4,0.00039,26.5,0,"(10, 30, 20)",0,194,454405788523684681,P2-outbreak
100000,2,1,2e-05,26.5,0,"(10, 30, 20)",0,195,7842305142718232548,P2-outbreak
100000,6,1,6e-05,26.5,0,"(10, 30, 20)",0,196,13566943085686159225,P2-outbreak
100000,1,0,1e-05,26.5,0,"(10, 30, 20)",0,197,11618703705175121868,P2-outbreak
100000,1,0,1e-05,26.5,0,"(10, 30, 20)",0,198,12214326773733881022,P2-outbreak
100000,10,3,0.0001,26.5,0,"(10, 30, 20)",0,199,1743353724948923038,P2-outbreak
100000,69,2,0.00069,26.5,0,"(10, 30, 20)",0,200,16635290314687857340,P2-outbreak
100000,1,0,1e-05,26.5,0,"(10, 30, 20)",0,201,14623517700584122516,P2-outbreak
100000,7492,1,0.07492,26.5,0,"(10, 30, 20)",1,202,17060263237382503118,P2-outbreak
100000,3,1,3e-05,26.5,0,"(10, 30, 20)",0,203,18174556349864246017,P2-outbreak
100000,15,2,0.00015,26.5,0,"(10, 30, 20)",0,204,5455107159746143371,P2-outbreak
100000,10998,3,0.10998,26.5,0,"(10, 30, 20)",1,205,8695820952938175700,P2-outbreak
100000,2,1,2e-05,26.5,0,"(10, 30, 20)",0,206,6471984254971200604,P2-outbreak
100000,3,1,3e-05,26.5,0,"(10, 30, 20)",0,207,4764087437195092844,P2-outbreak
100000,5,1,5e-05,26.5,0,"(10, 30, 20)",0,208,9719276412287135004,P2-outbreak
100000,1,0,1e-05,26.5,0,"(10, 30, 20)",0,209,11476994184241526634,P2-outbreak
100000,2,1,2e-05,26.5,0,"(10, 30, 20)",0,210,16370110181316631606,P2-outbreak
100000,5,2,5e-05,26.5,0,"(10, 30, 20)",0,211,17061821462619618469,P2-outbreak
100000,7,1,7e-05,26.5,0,"(10, 30, 20)",0,212,4908546068804543466,P2-outbreak
100000,1,0,1e-05,26.5,0,"(10, 30, 20)",0,213,14752587018428322923,P2-outbreak
100000,1,0,1e-05,26.5,0,"(10, 30, 20)",0,214,2493433402672529929,P2-outbreak
100000,3,1,3e-05,26.5,0,"(10, 30, 20)",0,215,15487747516105821513,P2-outbreak
100000,1,0,1e-05,26.5,0,"(10, 30, 20)",0,216,4925398171812320816,P2-outbreak
100000,8,2,8e-05,26.5,0,"(10, 30, 20)",0,217,10728538143136846592,P2-outbreak
100000,1,0,1e-05,26.5,0,"(10, 30, 20)",0,218,4506048804766775429,P2-outbreak
100000,35,4,0.00035,26.5,0,"(10, 30, 20)",0,219,17298859352703915784,P2-outbreak
100000,1,0,1e-05,26.5,0,"(10, 30, 20)",0,220,5855884002243815772,P2-outbreak
100000,4,2,4e-05,26.5,0,"(10, 30, 20)",0,221,4387130037048511197,P2-outbreak
100000,30,1,0.0003,26.5,0,"(10, 30, 20)",0,222,5632262617809598312,P2-outbreak
100000,1,0,1e-05,26.5,0,"(10, 30, 20)",0,223,16621704252766883765,P2-outbreak
100000,9,2,9e-05,26.5,0,"(10, 30, 20)",0,224,15817561022222535586,P2-outbreak
100000,1,0,1e-05,26.5,0,"(10, 30, 20)",0,225,9640350038214942447,P2-outbreak
100000,18,2,0.00018,26.5,0,"(10, 30, 20)",0,226,14965904869923851844,P2-outbreak
100000,3,1,3e-05,26.5,0,"(10, 30, 20)",0,227,631991799691652048,P2-outbreak
100000,1,0,1e-05,26.5,0,"(10, 30, 20)",0,228,13991451395254767000,P2-outbreak
100000,1,0,1e-05,26.5,0,"(10, 30, 20)",0,229,3790397490762062479,P2-outbreak
100000,2,1,2e-05,26.5,0,"(10, 30, 20)",0,230,17026549061619971992,P2-outbreak
100000,2,1,2e-05,26.5,0,"(10, 30, 20)",0,231,18026240359405818714,P2-outbreak
100000,3,2,3e-05,26.5,0,"(10, 30, 20)",0,232,1630915638680378885,P2-outbreak
100000,2,1,2e-05,26.5,0,"(10, 30, 20)",0,233,10984748731224989927,P2-outbreak
100000,1,0,1e-05,26.5,0,"(10, 30, 20)",0,234,1909139149704080783,P2-outbreak
100000,11,1,0.00011,26.5,0,"(10, 30, 20)",0,235,5720341473748804372,P2-outbreak
100000,1,0,1e-05,26.5,0,"(10, 30, 20)",0,236,15837982204263519254,P2-outbreak
100000,5,1,5e-05,26.5,0,"(10, 30, 20)",0,237,12531198468713529088,P2-outbreak
100000,8409,1,0.08409,26.5,0,"(10, 30, 20)",1,238,16550144468367773556,P2-outbreak
100000,49,3,0.00049,26.5,0,"(10, 30, 20)",0,239,8560694526004661398,P2-outbreak
100000,40,1,0.0004,26.5,0,"(10, 30, 20)",0,240,14645444207525185360,P2-outbreak
100000,4,1,4e-05,26.5,0,"(10, 30, 20)",0,241,13608076125706517526,P2-outbreak
100000,3,1,3e-05,26.5,0,"(10, 30, 20)",0,242,18205725895594052684,P2-outbreak
100000,1,0,1e-05,26.5,0,"(10, 30, 20)",0,243,1696864324893439217,P2-outbreak
100000,21,3,0.00021,26.5,0,"(10, 30, 20)",0,244,17207733928375209650,P2-outbreak
100000,5,1,5e-05,26.5,0,"(10, 30, 20)",0,245,10708667464865742458,P2-outbreak
100000,1,0,1e-05,26.5,0,"(10, 30, 20)",0,246,14160779726240309274,P2-outbreak
100000,2,1,2e-05,26.5,0,"(10, 30, 20)",0,247,17665129826519434665,P2-outbreak
100000,5,1,5e-05,26.5,0,"(10, 30, 20)",0,248,3508228877299533143,P2-outbreak
100000,1,0,1e-05,26.5,0,"(10, 30, 20)",0,249,10540910970620763976,P2-outbreak
100000,1,0,1e-05,26.5,0,"(10, 30, 20)",0,250,6538064954336832531,P2-outbreak
100000,27,1,0.00027,26.5,0,"(10, 30, 20)",0,251,5067964214277074524,P2-outbreak
100000,1,0,1e-05,26.5,0,"(10, 30, 20)",0,252,14226068867365030740,P2-outbreak
100000,21,1,0.00021,26.5,0,"(10, 30, 20)",0,253,876889457989409202,P2-outbreak
100000,1,0,1e-05,26.5,0,"(10, 30, 20)",0,254,189348377963940467,P2-outbreak
100000,44,4,0.00044,26.5,0,"(10, 30, 20)",0,255,14354635994434870091,P2-outbreak
100000,203,2,0.00203,26.5,0,"(10, 30, 20)",0,256,9151527731977311790,P2-outbreak
100000,1,0,1e-05,26.5,0,"(10, 30, 20)",0,257,4110513071648965143,P2-outbreak
100000,4,2,4e-05,26.5,0,"(10, 30, 20)",0,258,14143689157242039623,P2-outbreak
100000,20,3,0.0002,26.5,0,"(10, 30, 20)",0,259,9754253345358881369,P2-outbreak
100000,3,1,3e-05,26.5,0,"(10, 30, 20)",0,260,309884084974021127,P2-outbreak
100000,1,0,1e-05,26.5,0,"(10, 30, 20)",0,261,13922923781041052821,P2-outbreak
100000,107,1,0.00107,26.5,0,"(10, 30, 20)",0,262,15148222362676229793,P2-outbreak
100000,2,1,2e-05,26.5,0,"(10, 30, 20)",0,263,10557479539119393847,P2-outbreak
100000,18,1,0.00018,26.5,0,"(10, 30, 20)",0,264,4287241815030027728,P2-outbreak
100000,3,1,3e-05,26.5,0,"(10, 30, 20)",0,265,7868135962740771687,P2-outbreak
100000,10,3,0.0001,26.5,0,"(10, 30, 20)",0,266,17076162647251984075,P2-outbreak
100000,1,0,1e-05,26.5,0,"(10, 30, 20)",0,267,302883104752042148,P2-outbreak
100000,1,0,1e-05,26.5,0,"(10, 30, 20)",0,268,13990799100704843570,P2-outbreak
100000,15,2,0.00015,26.5,0,"(10, 30, 20)",0,269,9862686103228301560,P2-outbreak
100000,1,0,1e-05,26.5,0,"(10, 30, 20)",0,270,16792855109468979325,P2-outbreak
100000,1,0,1e-05,26.5,0,"(10, 30, 20)",0,271,13937464620922311059,P2-outbreak
100000,2,1,2e-05,26.5,0,"(10, 30, 20)",0,272,3626441383069344860,P2-outbreak
100000,173,2,0.00173,26.5,0,"(10, 30, 20)",0,273,15135212207779774475,P2-outbreak
100000,1,0,1e-05,26.5,0,"(10, 30, 20)",0,274,6665505194603298456,P2-outbreak
100000,1,0,1e-05,26.5,0,"(10, 30, 20)",0,275,5329042696579316281,P2-outbreak
100000,13658,1,0.13658,26.5,0,"(10, 30, 20)",1,276,10880624185018619515,P2-outbreak
100000,172,4,0.00172,26.5,0,"(10, 30, 20)",0,277,931199897208475948,P2-outbreak
100000,2,1,2e-05,26.5,0,"(10, 30, 20)",0,278,3141989248923916445,P2-outbreak
100000,5,1,5e-05,26.5,0,"(10, 30, 20)",0,279,11556132134998931485,P2-outbreak
100000,1,0,1e-05,26.5,0,"(10, 30, 20)",0,280,2982736045178544302,P2-outbreak
100000,1,0,1e-05,26.5,0,"(10, 30, 20)",0,281,4039145847799727168,P2-outbreak
100000,1,0,1e-05,26.5,0,"(10, 30, 20)",0,282,2335048973635026556,P2-outbreak
100000,1,0,1e-05,26.5,0,"(10, 30, 20)",0,283,13094228925089335560,P2-outbreak
100000,3,1,3e-05,26.5,0,"(10, 30, 20)",0,284,4803581268837098355,P2-outbreak
100000,1,0,1e-05,26.5,0,"(10, 30, 20)",0,285,3051168329215250781,P2-outbreak
100000,3,2,3e-05,26.5,0,"(10, 30, 20)",0,286,14240998526110389764,P2-outbreak
100000,1,0,1e-05,26.5,0,"(10, 30, 20)",0,287,649260127594221914,P2-outbreak
100000,1,0,1e-05,26.5,0,"(10, 30, 20)",0,288,14319618704288811004,P2-outbreak
100000,1,0,1e-05,26.5,0,"(10, 30, 20)",0,289,4734080906293990884,P2-outbreak
100000,2,1,2e-05,26.5,0,"(10, 30, 20)",0,290,17482824338545576594,P2-outbreak
100000,2,1,2e-05,26.5,0,"(10, 30, 20)",0,291,9714587513541578583,P2-outbreak
100000,92,3,0.00092,26.5,0,"(10, 30, 20)",0,292,9197402204212955525,P2-outbreak
100000,2,1,2e-05,26.5,0,"(10, 30, 20)",0,293,10536073307675290841,P2-outbreak
100000,34,3,0.00034,26.5,0,"(10, 30, 20)",0,294,1156308009519178189,P2-outbreak
100000,1,0,1e-05,26.5,0,"(10, 30, 20)",0,295,3690105951933499940,P2-outbreak
100000,1,0,1e-05,26.5,0,"(10, 30, 20)",0,296,1791340542834068805,P2-outbreak
100000,1,0,1e-05,26.5,0,"(10, 30, 20)",0,297,15234967981730403534,P2-outbreak
100000,1,0,1e-05,26.5,0,"(10, 30, 20)",0,298,11317151205763794375,P2-outbreak
100000,3,1,3e-05,26.5,0,"(10, 30, 20)",0,299,11350717351257336885,P2-outbreak
100000,8,1,8e-05,26.5,0,"(10, 30, 20)",0,300,17620179396104593236,P2-outbreak
100000,1,0,1e-05,26.5,0,"(10, 30, 20)",0,301,14912408420627742689,P2-outbreak
100000,3,2,3e-05,26.5,0,"(10, 30, 20)",0,302,10004560882836442809,P2-outbreak
100000,18909,1,0.18909,26.5,0,"(10, 30, 20)",1,303,17597253569736810406,P2-outbreak
100000,2,1,2e-05,26.5,0,"(10, 30, 20)",0,304,2037584140146486736,P2-outbreak
100000,6,3,6e-05,26.5,0,"(10, 30, 20)",0,305,7534166632601366641,P2-outbreak
100000,6,1,6e-05,26.5,0,"(10, 30, 20)",0,306,2423246911484533055,P2-outbreak
100000,1,0,1e-05,26.5,0,"(10, 30, 20)",0,307,13463154028393785328,P2-outbreak
100000,1,0,1e-05,26.5,0,"(10, 30, 20)",0,308,11834379538965787767,P2-outbreak
100000,302,1,0.00302,26.5,0,"(10, 30, 20)",0,309,9152821599394006503,P2-outbreak
100000,4,1,4e-05,26.5,0,"(10, 30, 20)",0,310,3125969205758156710,P2-outbreak
100000,4,2,4e-05,26.5,0,"(10, 30, 20)",0,311,15897789086783767025,P2-outbreak
100000,1,0,1e-05,26.5,0,"(10, 30, 20)",0,312,8492609604433399249,P2-outbreak
100000,23,2,0.00023,26.5,0,"(10, 30, 20)",0,313,18163429217905298638,P2-outbreak
100000,8,2,8e-05,26.5,0,"(10, 30, 20)",0,314,12531300095501141066,P2-outbreak
100000,5,2,5e-05,26.5,0,"(10, 30, 20)",0,315,12797663845107331870,P2-outbreak
100000,2282,4,0.02282,26.5,0,"(10, 30, 20)",1,316,14203189734771446279,P2-outbreak
100000,4,2,4e-05,26.5,0,"(10, 30, 20)",0,317,12742144067559384703,P2-outbreak
100000,2143,2,0.02143,26.5,0,"(10, 30, 20)",1,318,11436284897464420935,P2-outbreak
100000,6,1,6e-05,26.5,0,"(10, 30, 20)",0,319,9827675057989995323,P2-outbreak
100000,3,2,3e-05,26.5,0,"(10, 30, 20)",0,320,15445557905596426508,P2-outbreak
100000,3,1,3e-05,26.5,0,"(10, 30, 20)",0,321,18097615907003551607,P2-outbreak
100000,1,0,1e-05,26.5,0,"(10, 30, 20)",0,322,11858546928420425302,P2-outbreak
100000,3,1,3e-05,26.5,0,"(10, 30, 20)",0,323,14868295674695846685,P2-outbreak
100000,2,1,2e-05,26.5,0,"(10, 30, 20)",0,324,1596439078602724464,P2-outbreak
100000,765,3,0.00765,26.5,0,"(10, 30, 20)",0,325,12532024494166878530,P2-outbreak
100000,44,1,0.00044,26.5,0,"(10, 30, 20)",0,326,11334588282297385445,P2-outbreak
100000,2,1,2e-05,26.5,0,"(10, 30, 20)",0,327,3390619572337567967,P2-outbreak
100000,4,2,4e-05,26.5,0,"(10, 30, 20)",0,328,1343318241253186627,P2-outbreak
100000,2,1,2e-05,26.5,0,"(10, 30, 20)",0,329,13947920219330626012,P2-outbreak
100000,1,0,1e-05,26.5,0,"(10, 30, 20)",0,330,4097211311653884538,P2-outbreak
100000,23,1,0.00023,26.5,0,"(10, 30, 20)",0,331,7244258181357665476,P2-outbreak
100000,9,3,9e-05,26.5,0,"(10, 30, 20)",0,332,2705809574141373298,P2-outbreak
100000,1,0,1e-05,26.5,0,"(10, 30, 20)",0,333,6635250262157411420,P2-outbreak
100000,1,0,1e-05,26.5,0,"(10, 30, 20)",0,334,5502311218394118708,P2-outbreak
100000,59,1,0.00059,26.5,0,"(10, 30, 20)",0,335,4074348494442230909,P2-outbreak
100000,1,0,1e-05,26.5,0,"(10, 30, 20)",0,336,13500072449024247791,P2-outbreak
100000,1,0,1e-05,26.5,0,"(10, 30, 20)",0,337,17384740274721876453,P2-outbreak
100000,1,0,1e-05,26.5,0,"(10, 30, 20)",0,338,10204906046479973576,P2-outbreak
100000,1,0,1e-05,26.5,0,"(10, 30, 20)",0,339,12937581806345249707,P2-outbreak
100000,14058,1,0.14058,26.5,0,"(10, 30, 20)",1,340,16140203354375569609,P2-outbreak
100000,1,0,1e-05,26.5,0,"(10, 30, 20)",0,341,11616736145418277996,P2-outbreak
100000,38,1,0.00038,26.5,0,"(10, 30, 20)",0,342,9783731710378705239,P2-outbreak
100000,13,1,0.00013,26.5,0,"(10, 30, 20)",0,343,12255925665642197183,P2-outbreak
100000,4,1,4e-05,26.5,0,"(10, 30, 20)",0,344,11889822005743809691,P2-outbreak
100000,635,3,0.00635,26.5,0,"(10, 30, 20)",0,345,6792494616421834075,P2-outbreak
100000,1,0,1e-05,26.5,0,"(10, 30, 20)",0,346,88913220504489143,P2-outbreak
100000,1,0,1e-05,26.5,0,"(10, 30, 20)",0,347,2941333044690535108,P2-outbreak
100000,9835,3,0.09835,26.5,0,"(10, 30, 20)",1,348,11758487472052954972,P2-outbreak
100000,2,1,2e-05,26.5,0,"(10, 30, 20)",0,349,4606643316280486185,P2-outbreak
100000,1,0,1e-05,26.5,0,"(10, 30, 20)",0,350,6130374452692254084,P2-outbreak
100000,4,2,4e-05,26.5,0,"(10, 30, 20)",0,351,13828546060062026308,P2-outbreak
100000,58,1,0.00058,26.5,0,"(10, 30, 20)",0,352,2263026936302715583,P2-outbreak
100000,3,2,3e-05,26.5,0,"(10, 30, 20)",0,353,13084289137766496908,P2-outbreak
100000,5,2,5e-05,26.5,0,"(10, 30, 20)",0,354,2166653825066795877,P2-outbreak
100000,3,1,3e-05,26.5,0,"(10, 30, 20)",0,355,18439979941446726519,P2-outbreak
100000,13,1,0.00013,26.5,0,"(10, 30, 20)",0,356,9441018729735402155,P2-outbreak
100000,12481,4,0.12481,26.5,0,"(10, 30, 20)",1,357,5019145523212899042,P2-outbreak
100000,1,0,1e-05,26.5,0,"(10, 30, 20)",0,358,6793294656327486690,P2-outbreak
100000,2,1,2e-05,26.5,0,"(10, 30, 20)",0,359,7831979579268569486,P2-outbreak
100000,1,0,1e-05,26.5,0,"(10, 30, 20)",0,360,8924674402743578345,P2-outbreak
100000,3,1,3e-05,26.5,0,"(10, 30, 20)",0,361,2441600096029646387,P2-outbreak
100000,8,5,8e-05,26.5,0,"(10, 30, 20)",0,362,16483461823595289945,P2-outbreak
100000,1,0,1e-05,26.5,0,"(10, 30, 20)",0,363,5730187265682549925,P2-outbreak
100000,3,2,3e-05,26.5,0,"(10, 30, 20)",0,364,102184157341418027,P2-outbreak
100000,3,1,3e-05,26.5,0,"(10, 30, 20)",0,365,9682491490521550710,P2-outbreak
100000,1,0,1e-05,26.5,0,"(10, 30, 20)",0,366,3004189789960737604,P2-outbreak
100000,63,2,0.00063,26.5,0,"(10, 30, 20)",0,367,16127450005471018919,P2-outbreak
100000,1,0,1e-05,26.5,0,"(10, 30, 20)",0,368,14235842522448713276,P2-outbreak
100000,3,1,3e-05,26.5,0,"(10, 30, 20)",0,369,12423660487742572510,P2-outbreak
100000,8,1,8e-05,26.5,0,"(10, 30, 20)",0,370,10953769765485111870,P2-outbreak
100000,71,1,0.00071,26.5,0,"(10, 30, 20)",0,371,10892220841708009876,P2-outbreak
100000,1,0,1e-05,26.5,0,"(10, 30, 20)",0,372,7181876312687023677,P2-outbreak
100000,2,1,2e-05,26.5,0,"(10, 30, 20)",0,373,16647189544979692632,P2-outbreak
100000,1,0,1e-05,26.5,0,"(10, 30, 20)",0,374,17728937195871333478,P2-outbreak
100000,1,0,1e-05,26.5,0,"(10, 30, 20)",0,375,3648144591786073528,P2-outbreak
100000,1,0,1e-05,26.5,0,"(10, 30, 20)",0,376,17145455785620813300,P2-outbreak
100000,12,1,0.00012,26.5,0,"(10, 30, 20)",0,377,14733154750184060744,P2-outbreak
100000,1,0,1e-05,26.5,0,"(10, 30, 20)",0,378,4983965011088077971,P2-outbreak
100000,1,0,1e-05,26.5,0,"(10, 30, 20)",0,379,14475068199891960131,P2-outbreak
100000,12,1,0.00012,26.5,0,"(10, 30, 20)",0,380,3097352364254148932,P2-outbreak
100000,1,0,1e-05,26.5,0,"(10, 30, 20)",0,381,10282966180455510655,P2-outbreak
100000,1,0,1e-05,26.5,0,"(10, 30, 20)",0,382,15863485627191021507,P2-outbreak
100000,4,1,4e-05,26.5,0,"(10, 30, 20)",0,383,7003512817654124413,P2-outbreak
100000,1,0,1e-05,26.5,0,"(10, 30, 20)",0,384,16202751587433357641,P2-outbreak
100000,5870,2,0.0587,26.5,0,"(10, 30, 20)",1,385,184494153427072423,P2-outbreak
100000,1,0,1e-05,26.5,0,"(10, 30, 20)",0,386,13021124505004075246,P2-outbreak
100000,12,3,0.00012,26.5,0,"(10, 30, 20)",0,387,8424920572823864236,P2-outbreak
100000,1,0,1e-05,26.5,0,"(10, 30, 20)",0,388,6304387318560724921,P2-outbreak
100000,3,1,3e-05,26.5,0,"(10, 30, 20)",0,389,13958632767721596254,P2-outbreak
100000,36,1,0.00036,26.5,0,"(10, 30, 20)",0,390,2186909340277462187,P2-outbreak
100000,1,0,1e-05,26.5,0,"(10, 30, 20)",0,391,8989480705684859823,P2-outbreak
100000,1,0,1e-05,26.5,0,"(10, 30, 20)",0,392,13087132598010343923,P2-outbreak
100000,44,3,0.00044,26.5,0,"(10, 30, 20)",0,393,10205937396548101228,P2-outbreak
100000,3,2,3e-05,26.5,0,"(10, 30, 20)",0,394,11228661112248688475,P2-outbreak
100000,2,1,2e-05,26.5,0,"(10, 30, 20)",0,395,3969958002551688400,P2-outbreak
100000,239,2,0.00239,26.5,0,"(10, 30, 20)",0,396,15046243077711580362,P2-outbreak
100000,4343,2,0.04343,26.5,0,"(10, 30, 20)",1,397,4239110743252309203,P2-outbreak
100000,1,0,1e-05,26.5,0,"(10, 30, 20)",0,398,2493019598889610541,P2-outbreak
100000,21,1,0.00021,26.5,0,"(10, 30, 20)",0,399,12058856744244331264,P2-outbreak
100000,3,1,3e-05,26.5,0,"(10, 30, 20)",0,400,11248971531875366680,P2-outbreak
100000,67,2,0.00067,26.5,0,"(10, 30, 20)",0,401,17206481685593944417,P2-outbreak
100000,19,3,0.00019,26.5,0,"(10, 30, 20)",0,402,12091685838037155494,P2-outbreak
100000,2,1,2e-05,26.5,0,"(10, 30, 20)",0,403,15342759356997688733,P2-outbreak
100000,2,1,2e-05,26.5,0,"(10, 30, 20)",0,404,17489628324865313762,P2-outbreak
100000,1,0,1e-05,26.5,0,"(10, 30, 20)",0,405,10664133352520976144,P2-outbreak
100000,273,3,0.00273,26.5,0,"(10, 30, 20)",0,406,16368738063512716062,P2-outbreak
100000,5,1,5e-05,26.5,0,"(10, 30, 20)",0,407,5928818070353345907,P2-outbreak
100000,1,0,1e-05,26.5,0,"(10, 30, 20)",0,408,10015785158758917523,P2-outbreak
100000,1,0,1e-05,26.5,0,"(10, 30, 20)",0,409,12979763280933892179,P2-outbreak
100000,5,2,5e-05,26.5,0,"(10, 30, 20)",0,410,11224916927315621671,P2-outbreak
100000,1,0,1e-05,26.5,0,"(10, 30, 20)",0,411,16100760326497237357,P2-outbreak
100000,3,1,3e-05,26.5,0,"(10, 30, 20)",0,412,11292192054887861618,P2-outbreak
100000,4,1,4e-05,26.5,0,"(10, 30, 20)",0,413,1435002660102355284,P2-outbreak
100000,2,1,2e-05,26.5,0,"(10, 30, 20)",0,414,9867952062731197512,P2-outbreak
100000,26,2,0.00026,26.5,0,"(10, 30, 20)",0,415,12098859133752138711,P2-outbreak
100000,1,0,1e-05,26.5,0,"(10, 30, 20)",0,416,7289567645987840263,P2-outbreak
100000,1,0,1e-05,26.5,0,"(10, 30, 20)",0,417,11455282632221528865,P2-outbreak
100000,24,3,0.00024,26.5,0,"(10, 30, 20)",0,418,16350894832832412382,P2-outbreak
100000,1,0,1e-05,26.5,0,"(10, 30, 20)",0,419,62289950125608834,P2-outbreak
100000,10,1,0.0001,26.5,0,"(10, 30, 20)",0,420,13897401076342534100,P2-outbreak
100000,3,1,3e-05,26.5,0,"(10, 30, 20)",0,421,2930480237081077469,P2-outbreak
100000,22,1,0.00022,26.5,0,"(10, 30, 20)",0,422,17876174159279188040,P2-outbreak
100000,1,0,1e-05,26.5,0,"(10, 30, 20)",0,423,5319160529361219710,P2-outbreak
100000,3,1,3e-05,26.5,0,"(10, 30, 20)",0,424,9040916668864540941,P2-outbreak
100000,4,2,4e-05,26.5,0,"(10, 30, 20)",0,425,13713783024268719567,P2-outbreak
100000,9,1,9e-05,26.5,0,"(10, 30, 20)",0,426,4115843060522351694,P2-outbreak
100000,25,2,0.00025,26.5,0,"(10, 30, 20)",0,427,14762809053788752298,P2-outbreak
100000,4,2,4e-05,26.5,0,"(10, 30, 20)",0,428,8547418189688696974,P2-outbreak
100000,1,0,1e-05,26.5,0,"(10, 30, 20)",0,429,4915778599938128278,P2-outbreak
100000,2,1,2e-05,26.5,0,"(10, 30, 20)",0,430,2399350679216296666,P2-outbreak
100000,22,1,0.00022,26.5,0,"(10, 30, 20)",0,431,7229118277557696222,P2-outbreak
100000,6,1,6e-05,26.5,0,"(10, 30, 20)",0,432,10070524267214169946,P2-outbreak
100000,1,0,1e-05,26.5,0,"(10, 30, 20)",0,433,10412918193087913552,P2-outbreak
100000,3,2,3e-05,26.5,0,"(10, 30, 20)",0,434,7897857126975693187,P2-outbreak
100000,1,0,1e-05,26.5,0,"(10, 30, 20)",0,435,11316569771704630972,P2-outbreak
100000,1,0,1e-05,26.5,0,"(10, 30, 20)",0,436,14959877634978735972,P2-outbreak
100000,10,1,0.0001,26.5,0,"(10, 30, 20)",0,437,16995302319670570711,P2-outbreak
100000,1,0,1e-05,26.5,0,"(10, 30, 20)",0,438,4404868224897534056,P2-outbreak
100000,1,0,1e-05,26.5,0,"(10, 30, 20)",0,439,6235698815221968632,P2-outbreak
100000,4,3,4e-05,26.5,0,"(10, 30, 20)",0,440,6842351362524142644,P2-outbreak
100000,156,2,0.00156,26.5,0,"(10, 30, 20)",0,441,4774457511753692812,P2-outbreak
100000,9145,1,0.09145,26.5,0,"(10, 30, 20)",1,442,515740584769904381,P2-outbreak
100000,1,0,1e-05,26.5,0,"(10, 30, 20)",0,443,861210204934001230,P2-outbreak
100000,1,0,1e-05,26.5,0,"(10, 30, 20)",0,444,13120739298798648429,P2-outbreak
100000,2,1,2e-05,26.5,0,"(10, 30, 20)",0,445,1310565816731395651,P2-outbreak
100000,21,1,0.00021,26.5,0,"(10, 30, 20)",0,446,1621080380312088349,P2-outbreak
100000,1,0,1e-05,26.5,0,"(10, 30, 20)",0,447,17389835289249140371,P2-outbreak
100000,10,2,0.0001,26.5,0,"(10, 30, 20)",0,448,10261852705466130491,P2-outbreak
100000,56,3,0.00056,26.5,0,"(10, 30, 20)",0,449,6526609922164628188,P2-outbreak
100000,3,2,3e-05,26.5,0,"(10, 30, 20)",0,450,2429501743059302158,P2-outbreak
100000,1,0,1e-05,26.5,0,"(10, 30, 20)",0,451,11435533085977743349,P2-outbreak
100000,7067,2,0.07067,26.5,0,"(10, 30, 20)",1,452,9454437263140720039,P2-outbreak
100000,18,2,0.00018,26.5,0,"(10, 30, 20)",0,453,487320880420311488,P2-outbreak
100000,2,1,2e-05,26.5,0,"(10, 30, 20)",0,454,11942411007364171707,P2-outbreak
100000,2,1,2e-05,26.5,0,"(10, 30, 20)",0,455,8135366982419598564,P2-outbreak
100000,2,1,2e-05,26.5,0,"(10, 30, 20)",0,456,3167028313741080787,P2-outbreak
100000,32,1,0.00032,26.5,0,"(10, 30, 20)",0,457,6008565958989955523,P2-outbreak
100000,1,0,1e-05,26.5,0,"(10, 30, 20)",0,458,10168912450597171360,P2-outbreak
100000,168,2,0.00168,26.5,0,"(10, 30, 20)",0,459,6537406204568103496,P2-outbreak
100000,1,0,1e-05,26.5,0,"(10, 30, 20)",0,460,100684056014039878,P2-outbreak
100000,1,0,1e-05,26.5,0,"(10, 30, 20)",0,461,3381070808383649666,P2-outbreak
100000,1,0,1e-05,26.5,0,"(10, 30, 20)",0,462,15973381376214423650,P2-outbreak
100000,4,2,4e-05,26.5,0,"(10, 30, 20)",0,463,11685325551515868194,P2-outbreak
100000,21,2,0.00021,26.5,0,"(10, 30, 20)",0,464,17928946263764530454,P2-outbreak
100000,1,0,1e-05,26.5,0,"(10, 30, 20)",0,465,8859670241569414578,P2-outbreak
100000,4,1,4e-05,26.5,0,"(10, 30, 20)",0,466,3255894847466128597,P2-outbreak
100000,1,0,1e-05,26.5,0,"(10, 30, 20)",0,467,3982227276629287128,P2-outbreak
100000,1,0,1e-05,26.5,0,"(10, 30, 20)",0,468,1209635431962116787,P2-outbreak
100000,5,2,5e-05,26.5,0,"(10, 30, 20)",0,469,8236180656978897188,P2-outbreak
100000,1,0,1e-05,26.5,0,"(10, 30, 20)",0,470,10833253624837356143,P2-outbreak
100000,3,1,3e-05,26.5,0,"(10, 30, 20)",0,471,5691953604058558787,P2-outbreak
100000,9,2,9e-05,26.5,0,"(10, 30, 20)",0,472,7530265298536412667,P2-outbreak
100000,1,0,1e-05,26.5,0,"(10, 30, 20)",0,473,16180312936993714649,P2-outbreak
100000,2,1,2e-05,26.5,0,"(10, 30, 20)",0,474,10427273663314337482,P2-outbreak
100000,2,1,2e-05,26.5,0,"(10, 30, 20)",0,475,3039706069415122167,P2-outbreak
100000,2,1,2e-05,26.5,0,"(10, 30, 20)",0,476,8837017953488299186,P2-outbreak
100000,1,0,1e-05,26.5,0,"(10, 30, 20)",0,477,11681653921869546520,P2-outbreak
100000,1,0,1e-05,26.5,0,"(10, 30, 20)",0,478,13145304306907538816,P2-outbreak
100000,4,1,4e-05,26.5,0,"(10, 30, 20)",0,479,4294594238890887735,P2-outbreak
100000,2,1,2e-05,26.5,0,"(10, 30, 20)",0,480,8893293889625495983,P2-outbreak
100000,5,1,5e-05,26.5,0,"(10, 30, 20)",0,481,2630306445868450439,P2-outbreak
100000,1,0,1e-05,26.5,0,"(10, 30, 20)",0,482,13012153579910416384,P2-outbreak
100000,1,0,1e-05,26.5,0,"(10, 30, 20)",0,483,8924821352554030250,P2-outbreak
100000,3,2,3e-05,26.5,0,"(10, 30, 20)",0,484,8297700621756494932,P2-outbreak
100000,73,3,0.00073,26.5,0,"(10, 30, 20)",0,485,8709200158655960403,P2-outbreak
100000,6,1,6e-05,26.5,0,"(10, 30, 20)",0,486,11652950306110010255,P2-outbreak
100000,1,0,1e-05,26.5,0,"(10, 30, 20)",0,487,8143854305725114746,P2-outbreak
100000,4,1,4e-05,26.5,0,"(10, 30, 20)",0,488,7350992631450071696,P2-outbreak
100000,1,0,1e-05,26.5,0,"(10, 30, 20)",0,489,7424290017354919337,P2-outbreak
100000,4,1,4e-05,26.5,0,"(10, 30, 20)",0,490,17786492237148548118,P2-outbreak
100000,6025,2,0.06025,26.5,0,"(10, 30, 20)",1,491,14308029967726242623,P2-outbreak
100000,1,0,1e-05,26.5,0,"(10, 30, 20)",0,492,8361431400324600877,P2-outbreak
100000,3,1,3e-05,26.5,0,"(10, 30, 20)",0,493,521640316846471197,P2-outbreak
100000,1,0,1e-05,26.5,0,"(10, 30, 20)",0,494,14525563680524601731,P2-outbreak
100000,4,1,4e-05,26.5,0,"(10, 30, 20)",0,495,9395021711678506247,P2-outbreak
100000,3,1,3e-05,26.5,0,"(10, 30, 20)",0,496,13583334681737889681,P2-outbreak
100000,11,1,0.00011,26.5,0,"(10, 30, 20)",0,497,10408941844009132752,P2-outbreak
100000,2,1,2e-05,26.5,0,"(10, 30, 20)",0,498,12274665300874376987,P2-outbreak
100000,1,0,1e-05,26.5,0,"(10, 30, 20)",0,499,2203265012069273719,P2-outbreak
100000,1,0,1e-05,26.5,0,"(10, 30, 20)",0,500,9736354469706259630,P2-outbreak
100000,6,2,6e-05,26.5,0,"(10, 30, 20)",0,501,2372000694862379061,P2-outbreak
100000,1,0,1e-05,26.5,0,"(10, 30, 20)",0,502,14963792183183018155,P2-outbreak
100000,1,0,1e-05,26.5,0,"(10, 30, 20)",0,503,1735866766719444240,P2-outbreak
100000,163,2,0.00163,26.5,0,"(10, 30, 20)",0,504,8848871533098118398,P2-outbreak
100000,1,0,1e-05,26.5,0,"(10, 30, 20)",0,505,16238537593637492014,P2-outbreak
100000,1,0,1e-05,26.5,0,"(10, 30, 20)",0,506,4444066382981873970,P2-outbreak
100000,8807,4,0.08807,26.5,0,"(10, 30, 20)",1,507,6139596716953326067,P2-outbreak
100000,10,3,0.0001,26.5,0,"(10, 30, 20)",0,508,3954996786502861845,P2-outbreak
100000,7,2,7e-05,26.5,0,"(10, 30, 20)",0,509,12586159561984746182,P2-outbreak
100000,1,0,1e-05,26.5,0,"(10, 30, 20)",0,510,3729254935815779769,P2-outbreak
100000,1,0,1e-05,26.5,0,"(10, 30, 20)",0,511,11974718087524337200,P2-outbreak
100000,4,1,4e-05,26.5,0,"(10, 30, 20)",0,512,6696700730538291126,P2-outbreak
100000,7,1,7e-05,26.5,0,"(10, 30, 20)",0,513,3369715904819427006,P2-outbreak
100000,10591,1,0.10591,26.5,0,"(10, 30, 20)",1,514,245989183136759547,P2-outbreak
100000,4,2,4e-05,26.5,0,"(10, 30, 20)",0,515,18050155917796285969,P2-outbreak
100000,8,2,8e-05,26.5,0,"(10, 30, 20)",0,516,7546618663613959169,P2-outbreak
100000,52,2,0.00052,26.5,0,"(10, 30, 20)",0,517,9856528660267433975,P2-outbreak
100000,226,2,0.00226,26.5,0,"(10, 30, 20)",0,518,4948179018346217232,P2-outbreak
100000,2,1,2e-05,26.5,0,"(10, 30, 20)",0,519,14378617366677276648,P2-outbreak
100000,1,0,1e-05,26.5,0,"(10, 30, 20)",0,520,630661407448395992,P2-outbreak
100000,1,0,1e-05,26.5,0,"(10, 30, 20)",0,521,10641785622685786583,P2-outbreak
100000,1,0,1e-05,26.5,0,"(10, 30, 20)",0,522,6308637715610075925,P2-outbreak
100000,1,0,1e-05,26.5,0,"(10, 30, 20)",0,523,1058346173609818548,P2-outbreak
100000,1,0,1e-05,26.5,0,"(10, 30, 20)",0,524,2022556205956921674,P2-outbreak
100000,2,1,2e-05,26.5,0,"(10, 30, 20)",0,525,12003577046028224997,P2-outbreak
100000,48,3,0.00048,26.5,0,"(10, 30, 20)",0,526,6949723368373482200,P2-outbreak
100000,6,2,6e-05,26.5,0,"(10, 30, 20)",0,527,16733178647458699413,P2-outbreak
100000,63,1,0.00063,26.5,0,"(10, 30, 20)",0,528,8777319334115339084,P2-outbreak
100000,3,1,3e-05,26.5,0,"(10, 30, 20)",0,529,13108044057867249104,P2-outbreak
100000,1,0,1e-05,26.5,0,"(10, 30, 20)",0,530,16453035399928519740,P2-outbreak
100000,1258,1,0.01258,26.5,0,"(10, 30, 20)",1,531,3750493692111321086,P2-outbreak
100000,638,3,0.00638,26.5,0,"(10, 30, 20)",0,532,17059698528396069460,P2-outbreak
100000,5,2,5e-05,26.5,0,"(10, 30, 20)",0,533,15032141414101466383,P2-outbreak
100000,96,2,0.00096,26.5,0,"(10, 30, 20)",0,534,9218289763636959121,P2-outbreak
100000,1,0,1e-05,26.5,0,"(10, 30, 20)",0,535,1322361424647332556,P2-outbreak
100000,17,1,0.00017,26.5,0,"(10, 30, 20)",0,536,6729566128376758638,P2-outbreak
100000,23,4,0.00023,26.5,0,"(10, 30, 20)",0,537,16443068851476144869,P2-outbreak
100000,4,1,4e-05,26.5,0,"(10, 30, 20)",0,538,18079201120424867018,P2-outbreak
100000,15,1,0.00015,26.5,0,"(10, 30, 20)",0,539,15463070062288277726,P2-outbreak
100000,1,0,1e-05,26.5,0,"(10, 30, 20)",0,540,16398236559003563343,P2-outbreak
100000,14,1,0.00014,26.5,0,"(10, 30, 20)",0,541,6748818017414819684,P2-outbreak
100000,1,0,1e-05,26.5,0,"(10, 30, 20)",0,542,12918969220245257346,P2-outbreak
100000,1,0,1e-05,26.5,0,"(10, 30, 20)",0,543,1104307138435028326,P2-outbreak
100000,1,0,1e-05,26.5,0,"(10, 30, 20)",0,544,7995015891870941467,P2-outbreak
100000,32,2,0.00032,26.5,0,"(10, 30, 20)",0,545,6975613644717967853,P2-outbreak
100000,12,1,0.00012,26.5,0,"(10, 30, 20)",0,546,7485255191314417989,P2-outbreak
100000,1,0,1e-05,26.5,0,"(10, 30, 20)",0,547,14649187801223578653,P2-outbreak
100000,27,2,0.00027,26.5,0,"(10, 30, 20)",0,548,3730430619381195732,P2-outbreak
100000,1,0,1e-05,26.5,0,"(10, 30, 20)",0,549,9350139877432056850,P2-outbreak
100000,43,3,0.00043,26.5,0,"(10, 30, 20)",0,550,9413660961505682099,P2-outbreak
100000,1,0,1e-05,26.5,0,"(10, 30, 20)",0,551,2908839656834500867,P2-outbreak
100000,1,0,1e-05,26.5,0,"(10, 30, 20)",0,552,16814320467247023512,P2-outbreak
100000,3,2,3e-05,26.5,0,"(10, 30, 20)",0,553,2322831664886346625,P2-outbreak
100000,2,1,2e-05,26.5,0,"(10, 30, 20)",0,554,11314825537544579347,P2-outbreak
100000,8,1,8e-05,26.5,0,"(10, 30, 20)",0,555,17352762704707072574,P2-outbreak
100000,4,1,4e-05,26.5,0,"(10, 30, 20)",0,556,3863311567012368710,P2-outbreak
100000,6,1,6e-05,26.5,0,"(10, 30, 20)",0,557,2405807906387769120,P2-outbreak
100000,4,2,4e-05,26.5,0,"(10, 30, 20)",0,558,15113103887758532209,P2-outbreak
100000,1,0,1e-05,26.5,0,"(10, 30, 20)",0,559,11133711468029747142,P2-outbreak
100000,3,2,3e-05,26.5,0,"(10, 30, 20)",0,560,1788288107640261414,P2-outbreak
100000,2,1,2e-05,26.5,0,"(10, 30, 20)",0,561,388241843016997144,P2-outbreak
100000,1,0,1e-05,26.5,0,"(10, 30, 20)",0,562,6046042306615270970,P2-outbreak
100000,1,0,1e-05,26.5,0,"(10, 30, 20)",0,563,7978587451817393864,P2-outbreak
100000,9,2,9e-05,26.5,0,"(10, 30, 20)",0,564,8522546207688934048,P2-outbreak
100000,3,1,3e-05,26.5,0,"(10, 30, 20)",0,565,13933968948845555478,P2-outbreak
100000,8,2,8e-05,26.5,0,"(10, 30, 20)",0,566,12365648031655770408,P2-outbreak
100000,60,1,0.0006,26.5,0,"(10, 30, 20)",0,567,4541622195640579943,P2-outbreak
100000,1,0,1e-05,26.5,0,"(10, 30, 20)",0,568,4900856028639324476,P2-outbreak
100000,1,0,1e-05,26.5,0,"(10, 30, 20)",0,569,16168764752887775012,P2-outbreak
100000,1,0,1e-05,26.5,0,"(10, 30, 20)",0,570,12163317397920835869,P2-outbreak
100000,35,2,0.00035,26.5,0,"(10, 30, 20)",0,571,4878675955081412772,P2-outbreak
100000,6,2,6e-05,26.5,0,"(10, 30, 20)",0,572,12029996044895083295,P2-outbreak
100000,1,0,1e-05,26.5,0,"(10, 30, 20)",0,573,12896630164889412585,P2-outbreak
100000,508,2,0.00508,26.5,0,"(10, 30, 20)",0,574,14204245792539568730,P2-outbreak
100000,1,0,1e-05,26.5,0,"(10, 30, 20)",0,575,5302966655476196521,P2-outbreak
100000,1,0,1e-05,26.5,0,"(10, 30, 20)",0,576,7347449635045623204,P2-outbreak
100000,2,1,2e-05,26.5,0,"(10, 30, 20)",0,577,16466332340122530119,P2-outbreak
100000,1,0,1e-05,26.5,0,"(10, 30, 20)",0,578,8484923230382243422,P2-outbreak
100000,3,2,3e-05,26.5,0,"(10, 30, 20)",0,579,6241224827920232631,P2-outbreak
100000,1,0,1e-05,26.5,0,"(10, 30, 20)",0,580,3804986894794378692,P2-outbreak
100000,10307,3,0.10307,26.5,0,"(10, 30, 20)",1,581,10117839798245281543,P2-outbreak
100000,1,0,1e-05,26.5,0,"(10, 30, 20)",0,582,5590655579802460011,P2-outbreak
100000,1,0,1e-05,26.5,0,"(10, 30, 20)",0,583,2761978132551652137,P2-outbreak
100000,2,1,2e-05,26.5,0,"(10, 30, 20)",0,584,14828462834752822036,P2-outbreak
100000,1,0,1e-05,26.5,0,"(10, 30, 20)",0,585,2239231182993354029,P2-outbreak
100000,1,0,1e-05,26.5,0,"(10, 30, 20)",0,586,12185922088543379864,P2-outbreak
100000,6,2,6e-05,26.5,0,"(10, 30, 20)",0,587,4040403904271960974,P2-outbreak
100000,14,1,0.00014,26.5,0,"(10, 30, 20)",0,588,18254732491533880853,P2-outbreak
100000,10284,3,0.10284,26.5,0,"(10, 30, 20)",1,589,3943120990471524569,P2-outbreak
100000,9,1,9e-05,26.5,0,"(10, 30, 20)",0,590,15427380392495020083,P2-outbreak
100000,3,1,3e-05,26.5,0,"(10, 30, 20)",0,591,16849260147075197175,P2-outbreak
100000,1,0,1e-05,26.5,0,"(10, 30, 20)",0,592,9616334540682057164,P2-outbreak
100000,13,2,0.00013,26.5,0,"(10, 30, 20)",0,593,13385509635007820716,P2-outbreak
100000,623,3,0.00623,26.5,0,"(10, 30, 20)",0,594,1880630245199398186,P2-outbreak
100000,8580,3,0.0858,26.5,0,"(10, 30, 20)",1,595,4105599649186376643,P2-outbreak
100000,250,1,0.0025,26.5,0,"(10, 30, 20)",0,596,3986346036891513760,P2-outbreak
100000,8,2,8e-05,26.5,0,"(10, 30, 20)",0,597,2502631495806500578,P2-outbreak
100000,2,1,2e-05,26.5,0,"(10, 30, 20)",0,598,3663766048904408213,P2-outbreak
100000,3366,1,0.03366,26.5,0,"(10, 30, 20)",1,599,13365473766951731888,P2-outbreak
100000,12776,3,0.12776,26.5,0,"(10, 30, 20)",1,600,17531599305681544636,P2-outbreak
100000,3,1,3e-05,26.5,0,"(10, 30, 20)",0,601,4237680004223937924,P2-outbreak
100000,9,1,9e-05,26.5,0,"(10, 30, 20)",0,602,6617083458913509287,P2-outbreak
100000,44,2,0.00044,26.5,0,"(10, 30, 20)",0,603,7275897136577012683,P2-outbreak
100000,1,0,1e-05,26.5,0,"(10, 30, 20)",0,604,16423991479887166775,P2-outbreak
100000,177,2,0.00177,26.5,0,"(10, 30, 20)",0,605,18272441675935447978,P2-outbreak
100000,3,2,3e-05,26.5,0,"(10, 30, 20)",0,606,7528679085380039910,P2-outbreak
100000,11320,2,0.1132,26.5,0,"(10, 30, 20)",1,607,12671835425887158044,P2-outbreak
100000,1,0,1e-05,26.5,0,"(10, 30, 20)",0,608,18422340496975130865,P2-outbreak
100000,10,2,0.0001,26.5,0,"(10, 30, 20)",0,609,3567907661858776750,P2-outbreak
100000,8391,4,0.08391,26.5,0,"(10, 30, 20)",1,610,2416701232931219834,P2-outbreak
100000,1,0,1e-05,26.5,0,"(10, 30, 20)",0,611,10618331588979736131,P2-outbreak
100000,15,1,0.00015,26.5,0,"(10, 30, 20)",0,612,866075041329713466,P2-outbreak
100000,15776,3,0.15776,26.5,0,"(10, 30, 20)",1,613,3339348433683249497,P2-outbreak
100000,1,0,1e-05,26.5,0,"(10, 30, 20)",0,614,5983652710872904216,P2-outbreak
100000,2,1,2e-05,26.5,0,"(10, 30, 20)",0,615,13024316089495501237,P2-outbreak
100000,1,0,1e-05,26.5,0,"(10, 30, 20)",0,616,10980880572001652241,P2-outbreak
100000,3,2,3e-05,26.5,0,"(10, 30, 20)",0,617,16965546052949890795,P2-outbreak
100000,1,0,1e-05,26.5,0,"(10, 30, 20)",0,618,10693369525535829096,P2-outbreak
100000,1,0,1e-05,26.5,0,"(10, 30, 20)",0,619,2082854674707352037,P2-outbreak
100000,1,0,1e-05,26.5,0,"(10, 30, 20)",0,620,8836963463608610670,P2-outbreak
100000,8,3,8e-05,26.5,0,"(10, 30, 20)",0,621,11697986888265786527,P2-outbreak
100000,21,1,0.00021,26.5,0,"(10, 30, 20)",0,622,11340774808340202417,P2-outbreak
100000,1,0,1e-05,26.5,0,"(10, 30, 20)",0,623,5040585321141957959,P2-outbreak
100000,2,1,2e-05,26.5,0,"(10, 30, 20)",0,624,5315664007042549363,P2-outbreak
100000,1,0,1e-05,26.5,0,"(10, 30, 20)",0,625,9914745540240511728,P2-outbreak
100000,1,0,1e-05,26.5,0,"(10, 30, 20)",0,626,16504479189912194384,P2-outbreak
100000,1,0,1e-05,26.5,0,"(10, 30, 20)",0,627,13923386265956945293,P2-outbreak
100000,11923,1,0.11923,26.5,0,"(10, 30, 20)",1,628,2886221751981920417,P2-outbreak
100000,5,2,5e-05,26.5,0,"(10, 30, 20)",0,629,16217598680325544031,P2-outbreak
100000,4,2,4e-05,26.5,0,"(10, 30, 20)",0,630,1871517032443888412,P2-outbreak
100000,1,0,1e-05,26.5,0,"(10, 30, 20)",0,631,1445092151487495384,P2-outbreak
100000,1,0,1e-05,26.5,0,"(10, 30, 20)",0,632,3987639546425077365,P2-outbreak
100000,34,1,0.00034,26.5,0,"(10, 30, 20)",0,633,14535870290773144660,P2-outbreak
100000,1,0,1e-05,26.5,0,"(10, 30, 20)",0,634,5433068682366099352,P2-outbreak
100000,2,1,2e-05,26.5,0,"(10, 30, 20)",0,635,4224152228266657327,P2-outbreak
100000,1,0,1e-05,26.5,0,"(10, 30, 20)",0,636,6615639326234964083,P2-outbreak
100000,1,0,1e-05,26.5,0,"(10, 30, 20)",0,637,12795955420331794947,P2-outbreak
100000,13,2,0.00013,26.5,0,"(10, 30, 20)",0,638,12202409400533941464,P2-outbreak
100000,3,1,3e-05,26.5,0,"(10, 30, 20)",0,639,5726645999865534459,P2-outbreak
100000,1547,1,0.01547,26.5,0,"(10, 30, 20)",1,640,7012261586588317938,P2-outbreak
100000,1,0,1e-05,26.5,0,"(10, 30, 20)",0,641,12545974154653152938,P2-outbreak
100000,1,0,1e-05,26.5,0,"(10, 30, 20)",0,642,18245790646420710244,P2-outbreak
100000,10097,1,0.10097,26.5,0,"(10, 30, 20)",1,643,12682411419037789141,P2-outbreak
100000,1,0,1e-05,26.5,0,"(10, 30, 20)",0,644,16511733468118538371,P2-outbreak
100000,8,1,8e-05,26.5,0,"(10, 30, 20)",0,645,3514592653477329175,P2-outbreak
100000,2,1,2e-05,26.5,0,"(10, 30, 20)",0,646,3024968454715723492,P2-outbreak
100000,2,1,2e-05,26.5,0,"(10, 30, 20)",0,647,6925430887394773379,P2-outbreak
100000,3,1,3e-05,26.5,0,"(10, 30, 20)",0,648,12147963586593496969,P2-outbreak
100000,4,1,4e-05,26.5,0,"(10, 30, 20)",0,649,5842469038301563192,P2-outbreak
100000,14,2,0.00014,26.5,0,"(10, 30, 20)",0,650,11283389789456625950,P2-outbreak
100000,1,0,1e-05,26.5,0,"(10, 30, 20)",0,651,16127500677300867644,P2-outbreak
100000,6,1,6e-05,26.5,0,"(10, 30, 20)",0,652,2970071632306568115,P2-outbreak
100000,2,1,2e-05,26.5,0,"(10, 30, 20)",0,653,16707055338772858809,P2-outbreak
100000,1,0,1e-05,26.5,0,"(10, 30, 20)",0,654,5753644753976704368,P2-outbreak
100000,4,2,4e-05,26.5,0,"(10, 30, 20)",0,655,13619560031343419503,P2-outbreak
100000,2,1,2e-05,26.5,0,"(10, 30, 20)",0,656,4865656856890600268,P2-outbreak
100000,148,3,0.00148,26.5,0,"(10, 30, 20)",0,657,8324512345149703559,P2-outbreak
100000,2,1,2e-05,26.5,0,"(10, 30, 20)",0,658,106609293963435748,P2-outbreak
100000,4,1,4e-05,26.5,0,"(10, 30, 20)",0,659,5450914687522896703,P2-outbreak
100000,52,2,0.00052,26.5,0,"(10, 30, 20)",0,660,7509416421130396381,P2-outbreak
100000,2,1,2e-05,26.5,0,"(10, 30, 20)",0,661,7890109495990982017,P2-outbreak
100000,5,3,5e-05,26.5,0,"(10, 30, 20)",0,662,70370425122575360,P2-outbreak
100000,18003,1,0.18003,26.5,0,"(10, 30, 20)",1,663,7682031275403083888,P2-outbreak
100000,4,3,4e-05,26.5,0,"(10, 30, 20)",0,664,4020471829290504045,P2-outbreak
100000,175,2,0.00175,26.5,0,"(10, 30, 20)",0,665,9139755783645140980,P2-outbreak
100000,1,0,1e-05,26.5,0,"(10, 30, 20)",0,666,17172293028127599810,P2-outbreak
100000,1,0,1e-05,26.5,0,"(10, 30, 20)",0,667,5685240913239813539,P2-outbreak
100000,15,1,0.00015,26.5,0,"(10, 30, 20)",0,668,8079484007374722840,P2-outbreak
100000,1,0,1e-05,26.5,0,"(10, 30, 20)",0,669,2459609736055499321,P2-outbreak
100000,11805,2,0.11805,26.5,0,"(10, 30, 20)",1,670,7971039288284422500,P2-outbreak
100000,16,1,0.00016,26.5,0,"(10, 30, 20)",0,671,12844958505320164810,P2-outbreak
100000,10652,3,0.10652,26.5,0,"(10, 30, 20)",1,672,2617391350026613994,P2-outbreak
100000,429,1,0.00429,26.5,0,"(10, 30, 20)",0,673,15881293148076975557,P2-outbreak
100000,1,0,1e-05,26.5,0,"(10, 30, 20)",0,674,17766528215104235280,P2-outbreak
100000,1,0,1e-05,26.5,0,"(10, 30, 20)",0,675,14127701243479809387,P2-outbreak
100000,4,2,4e-05,26.5,0,"(10, 30, 20)",0,676,2341466968665236314,P2-outbreak
100000,6,1,6e-05,26.5,0,"(10, 30, 20)",0,677,4077656027173580202,P2-outbreak
100000,4,2,4e-05,26.5,0,"(10, 30, 20)",0,678,14026384622905904653,P2-outbreak
100000,5,1,5e-05,26.5,0,"(10, 30, 20)",0,679,15542787846185246735,P2-outbreak
100000,1,0,1e-05,26.5,0,"(10, 30, 20)",0,680,12199961265318020824,P2-outbreak
100000,15,1,0.00015,26.5,0,"(10, 30, 20)",0,681,15009533954326549339,P2-outbreak
100000,12143,1,0.12143,26.5,0,"(10, 30, 20)",1,682,11165314704504516335,P2-outbreak
100000,1,0,1e-05,26.5,0,"(10, 30, 20)",0,683,7132288351366008001,P2-outbreak
100000,3,1,3e-05,26.5,0,"(10, 30, 20)",0,684,14406621092584125708,P2-outbreak
100000,15142,2,0.15142,26.5,0,"(10, 30, 20)",1,685,4128462427611190908,P2-outbreak
100000,7809,1,0.07809,26.5,0,"(10, 30, 20)",1,686,17699192896583615491,P2-outbreak
100000,3,1,3e-05,26.5,0,"(10, 30, 20)",0,687,5431162138371004974,P2-outbreak
100000,10686,2,0.10686,26.5,0,"(10, 30, 20)",1,688,15038137188168655875,P2-outbreak
100000,4,2,4e-05,26.5,0,"(10, 30, 20)",0,689,3685055127241389616,P2-outbreak
100000,1,0,1e-05,26.5,0,"(10, 30, 20)",0,690,7638547392720187083,P2-outbreak
100000,38,1,0.00038,26.5,0,"(10, 30, 20)",0,691,8382110933317337338,P2-outbreak
100000,1,0,1e-05,26.5,0,"(10, 30, 20)",0,692,394865141899248273,P2-outbreak
100000,2,1,2e-05,26.5,0,"(10, 30, 20)",0,693,7611036665397322344,P2-outbreak
100000,5,2,5e-05,26.5,0,"(10, 30, 20)",0,694,11196366413596581253,P2-outbreak
100000,1,0,1e-05,26.5,0,"(10, 30, 20)",0,695,6809542769901738548,P2-outbreak
100000,6,2,6e-05,26.5,0,"(10, 30, 20)",0,696,13095052707160868827,P2-outbreak
100000,2,1,2e-05,26.5,0,"(10, 30, 20)",0,697,16144202273972287842,P2-outbreak
100000,3,1,3e-05,26.5,0,"(10, 30, 20)",0,698,13215501062932027020,P2-outbreak
100000,1,0,1e-05,26.5,0,"(10, 30, 20)",0,699,9889194572910507204,P2-outbreak
100000,1,0,1e-05,26.5,0,"(10, 30, 20)",0,700,857821094406546118,P2-outbreak
100000,1,0,1e-05,26.5,0,"(10, 30, 20)",0,701,6552735648620921048,P2-outbreak
100000,1,0,1e-05,26.5,0,"(10, 30, 20)",0,702,1165410321152396004,P2-outbreak
100000,1,0,1e-05,26.5,0,"(10, 30, 20)",0,703,1282912097177174089,P2-outbreak
100000,3,2,3e-05,26.5,0,"(10, 30, 20)",0,704,6318644959851303525,P2-outbreak
100000,4,1,4e-05,26.5,0,"(10, 30, 20)",0,705,12178935247495049656,P2-outbreak
100000,49,2,0.00049,26.5,0,"(10, 30, 20)",0,706,16349742534871159899,P2-outbreak
100000,1,0,1e-05,26.5,0,"(10, 30, 20)",0,707,6743732311038813603,P2-outbreak
100000,1,0,1e-05,26.5,0,"(10, 30, 20)",0,708,12111606511206512231,P2-outbreak
100000,17,3,0.00017,26.5,0,"(10, 30, 20)",0,709,9311358355611474820,P2-outbreak
100000,1,0,1e-05,26.5,0,"(10, 30, 20)",0,710,3609246373443128658,P2-outbreak
100000,8,2,8e-05,26.5,0,"(10, 30, 20)",0,711,4947924631114152602,P2-outbreak
100000,11458,4,0.11458,26.5,0,"(10, 30, 20)",1,712,9343003439939636148,P2-outbreak
100000,5,2,5e-05,26.5,0,"(10, 30, 20)",0,713,2986798076937945331,P2-outbreak
100000,1,0,1e-05,26.5,0,"(10, 30, 20)",0,714,18183865659699669353,P2-outbreak
100000,2,1,2e-05,26.5,0,"(10, 30, 20)",0,715,13497123253568058697,P2-outbreak
100000,13986,3,0.13986,26.5,0,"(10, 30, 20)",1,716,15642165158169469047,P2-outbreak
100000,7349,3,0.07349,26.5,0,"(10, 30, 20)",1,717,18009577791005573844,P2-outbreak
100000,1,0,1e-05,26.5,0,"(10, 30, 20)",0,718,12742540138516132785,P2-outbreak
100000,1,0,1e-05,26.5,0,"(10, 30, 20)",0,719,8779941881471131308,P2-outbreak
100000,7,1,7e-05,26.5,0,"(10, 30, 20)",0,720,17877827349612760895,P2-outbreak
100000,1,0,1e-05,26.5,0,"(10, 30, 20)",0,721,12206173743896794480,P2-outbreak
100000,1,0,1e-05,26.5,0,"(10, 30, 20)",0,722,6284044030467154859,P2-outbreak
100000,1,0,1e-05,26.5,0,"(10, 30, 20)",0,723,13048616607599309951,P2-outbreak
100000,3,1,3e-05,26.5,0,"(10, 30, 20)",0,724,14231058359156851192,P2-outbreak
100000,18,1,0.00018,26.5,0,"(10, 30, 20)",0,725,169860980796004310,P2-outbreak
100000,5,2,5e-05,26.5,0,"(10, 30, 20)",0,726,18148714134027560971,P2-outbreak
100000,1,0,1e-05,26.5,0,"(10, 30, 20)",0,727,9373307279451271245,P2-outbreak
100000,1,0,1e-05,26.5,0,"(10, 30, 20)",0,728,3704648157981520967,P2-outbreak
100000,1,0,1e-05,26.5,0,"(10, 30, 20)",0,729,17117219762021102498,P2-outbreak
100000,34,4,0.00034,26.5,0,"(10, 30, 20)",0,730,14648277246349392936,P2-outbreak
100000,1,0,1e-05,26.5,0,"(10, 30, 20)",0,731,1217473969704935911,P2-outbreak
100000,1,0,1e-05,26.5,0,"(10, 30, 20)",0,732,3031852596502956050,P2-outbreak
100000,1,0,1e-05,26.5,0,"(10, 30, 20)",0,733,13418911238894089515,P2-outbreak
100000,4,2,4e-05,26.5,0,"(10, 30, 20)",0,734,7053227326085101756,P2-outbreak
100000,11,1,0.00011,26.5,0,"(10, 30, 20)",0,735,4169195363923307766,P2-outbreak
100000,1,0,1e-05,26.5,0,"(10, 30, 20)",0,736,17783551626112768261,P2-outbreak
100000,15,5,0.00015,26.5,0,"(10, 30, 20)",0,737,1027148457855094145,P2-outbreak
100000,8,1,8e-05,26.5,0,"(10, 30, 20)",0,738,15343846507040926407,P2-outbreak
100000,3,1,3e-05,26.5,0,"(10, 30, 20)",0,739,5178504202987563704,P2-outbreak
100000,9,2,9e-05,26.5,0,"(10, 30, 20)",0,740,15315204721245011147,P2-outbreak
100000,10704,1,0.10704,26.5,0,"(10, 30, 20)",1,741,15008869623843834029,P2-outbreak
100000,1,0,1e-05,26.5,0,"(10, 30, 20)",0,742,8678887159277059073,P2-outbreak
100000,1,0,1e-05,26.5,0,"(10, 30, 20)",0,743,4075707050498082870,P2-outbreak
100000,3,1,3e-05,26.5,0,"(10, 30, 20)",0,744,14365998395952628327,P2-outbreak
100000,1,0,1e-05,26.5,0,"(10, 30, 20)",0,745,17147251543322617784,P2-outbreak
100000,5,1,5e-05,26.5,0,"(10, 30, 20)",0,746,12311121811070080459,P2-outbreak
100000,14,1,0.00014,26.5,0,"(10, 30, 20)",0,747,15789742175376151613,P2-outbreak
100000,1,0,1e-05,26.5,0,"(10, 30, 20)",0,748,16821870144704898151,P2-outbreak
100000,1,0,1e-05,26.5,0,"(10, 30, 20)",0,749,17552359300335715079,P2-outbreak
100000,1,0,1e-05,26.5,0,"(10, 30, 20)",0,750,16624291961296210186,P2-outbreak
100000,4,1,4e-05,26.5,0,"(10, 30, 20)",0,751,5561814685172094975,P2-outbreak
100000,2,1,2e-05,26.5,0,"(10, 30, 20)",0,752,11436386321129184948,P2-outbreak
100000,1,0,1e-05,26.5,0,"(10, 30, 20)",0,753,4289954626659110809,P2-outbreak
100000,119,1,0.00119,26.5,0,"(10, 30, 20)",0,754,1740476177585771722,P2-outbreak
100000,3,1,3e-05,26.5,0,"(10, 30, 20)",0,755,4573280415318436605,P2-outbreak
100000,2,1,2e-05,26.5,0,"(10, 30, 20)",0,756,4165249951646810671,P2-outbreak
100000,6,2,6e-05,26.5,0,"(10, 30, 20)",0,757,12709019049624218330,P2-outbreak
100000,4,1,4e-05,26.5,0,"(10, 30, 20)",0,758,6882128911751041831,P2-outbreak
100000,1,0,1e-05,26.5,0,"(10, 30, 20)",0,759,17857567591071828146,P2-outbreak
100000,584,3,0.00584,26.5,0,"(10, 30, 20)",0,760,12389341523323376205,P2-outbreak
100000,11419,1,0.11419,26.5,0,"(10, 30, 20)",1,761,15309686436091688807,P2-outbreak
100000,7,2,7e-05,26.5,0,"(10, 30, 20)",0,762,18165661078302636018,P2-outbreak
100000,37,2,0.00037,26.5,0,"(10, 30, 20)",0,763,4195538475895305781,P2-outbreak
100000,1,0,1e-05,26.5,0,"(10, 30, 20)",0,764,6953187811909574230,P2-outbreak
100000,2,1,2e-05,26.5,0,"(10, 30, 20)",0,765,12691924897364332865,P2-outbreak
100000,1,0,1e-05,26.5,0,"(10, 30, 20)",0,766,14851671483224688244,P2-outbreak
100000,43,2,0.00043,26.5,0,"(10, 30, 20)",0,767,9720095761195159530,P2-outbreak
100000,1,0,1e-05,26.5,0,"(10, 30, 20)",0,768,12456007856026130373,P2-outbreak
100000,23,1,0.00023,26.5,0,"(10, 30, 20)",0,769,11121352043711061311,P2-outbreak
100000,7,4,7e-05,26.5,0,"(10, 30, 20)",0,770,17457111207518656988,P2-outbreak
100000,10651,1,0.10651,26.5,0,"(10, 30, 20)",1,771,1129945265222339095,P2-outbreak
100000,9455,5,0.09455,26.5,0,"(10, 30, 20)",1,772,12827181039076912895,P2-outbreak
100000,9922,3,0.09922,26.5,0,"(10, 30, 20)",1,773,6543423322666441171,P2-outbreak
100000,36,2,0.00036,26.5,0,"(10, 30, 20)",0,774,14250108821905579732,P2-outbreak
100000,9836,3,0.09836,26.5,0,"(10, 30, 20)",1,775,18425359950095298811,P2-outbreak
100000,7,1,7e-05,26.5,0,"(10, 30, 20)",0,776,2135176825754017611,P2-outbreak
100000,1,0,1e-05,26.5,0,"(10, 30, 20)",0,777,10488377421639467299,P2-outbreak
100000,1,0,1e-05,26.5,0,"(10, 30, 20)",0,778,5629309646239986370,P2-outbreak
100000,1,0,1e-05,26.5,0,"(10, 30, 20)",0,779,1566588410695539923,P2-outbreak
100000,18,2,0.00018,26.5,0,"(10, 30, 20)",0,780,2617824377015349684,P2-outbreak
100000,65,2,0.00065,26.5,0,"(10, 30, 20)",0,781,12056285987053067487,P2-outbreak
100000,1,0,1e-05,26.5,0,"(10, 30, 20)",0,782,12627427578018122159,P2-outbreak
100000,1,0,1e-05,26.5,0,"(10, 30, 20)",0,783,9041821685332079504,P2-outbreak
100000,2,1,2e-05,26.5,0,"(10, 30, 20)",0,784,1960385578403905370,P2-outbreak
100000,1,0,1e-05,26.5,0,"(10, 30, 20)",0,785,18415202837960982347,P2-outbreak
100000,2,1,2e-05,26.5,0,"(10, 30, 20)",0,786,7332186799044746038,P2-outbreak
100000,1,0,1e-05,26.5,0,"(10, 30, 20)",0,787,18073232551567660296,P2-outbreak
100000,1,0,1e-05,26.5,0,"(10, 30, 20)",0,788,9754329756083260035,P2-outbreak
100000,1,0,1e-05,26.5,0,"(10, 30, 20)",0,789,16361527792467427288,P2-outbreak
100000,2,1,2e-05,26.5,0,"(10, 30, 20)",0,790,9241033142765155446,P2-outbreak
100000,173,2,0.00173,26.5,0,"(10, 30, 20)",0,791,8172291326631745974,P2-outbreak
100000,10,2,0.0001,26.5,0,"(10, 30, 20)",0,792,15397779473503509507,P2-outbreak
100000,1,0,1e-05,26.5,0,"(10, 30, 20)",0,793,14264823344675680303,P2-outbreak
100000,5,3,5e-05,26.5,0,"(10, 30, 20)",0,794,3128289619997912411,P2-outbreak
100000,1,0,1e-05,26.5,0,"(10, 30, 20)",0,795,15895386237594668491,P2-outbreak
100000,2,1,2e-05,26.5,0,"(10, 30, 20)",0,796,355989303032590513,P2-outbreak
100000,1,0,1e-05,26.5,0,"(10, 30, 20)",0,797,15989355512501793517,P2-outbreak
100000,4,2,4e-05,26.5,0,"(10, 30, 20)",0,798,806051586958257784,P2-outbreak
100000,1,0,1e-05,26.5,0,"(10, 30, 20)",0,799,10779353595724881250,P2-outbreak
100000,2,1,2e-05,26.5,0,"(10, 30, 20)",0,800,6061630003228430256,P2-outbreak
100000,2,1,2e-05,26.5,0,"(10, 30, 20)",0,801,10090592877296757481,P2-outbreak
100000,23,2,0.00023,26.5,0,"(10, 30, 20)",0,802,11896391522088941959,P2-outbreak
100000,3647,1,0.03647,26.5,0,"(10, 30, 20)",1,803,6811266292287737085,P2-outbreak
100000,1,0,1e-05,26.5,0,"(10, 30, 20)",0,804,17020851066976195531,P2-outbreak
100000,1,0,1e-05,26.5,0,"(10, 30, 20)",0,805,10957777757881989402,P2-outbreak
100000,1,0,1e-05,26.5,0,"(10, 30, 20)",0,806,3546149066552511238,P2-outbreak
100000,7,1,7e-05,26.5,0,"(10, 30, 20)",0,807,14951298582001035774,P2-outbreak
100000,1,0,1e-05,26.5,0,"(10, 30, 20)",0,808,109822624938748793,P2-outbreak
100000,1,0,1e-05,26.5,0,"(10, 30, 20)",0,809,9803149913150577902,P2-outbreak
100000,12,1,0.00012,26.5,0,"(10, 30, 20)",0,810,7560056242662669845,P2-outbreak
100000,1,0,1e-05,26.5,0,"(10, 30, 20)",0,811,13439378920097393512,P2-outbreak
100000,1,0,1e-05,26.5,0,"(10, 30, 20)",0,812,9456542540338177567,P2-outbreak
100000,1,0,1e-05,26.5,0,"(10, 30, 20)",0,813,784066601692638063,P2-outbreak
100000,1,0,1e-05,26.5,0,"(10, 30, 20)",0,814,5825200994880092222,P2-outbreak
100000,1,0,1e-05,26.5,0,"(10, 30, 20)",0,815,2893682713849826737,P2-outbreak
100000,9,1,9e-05,26.5,0,"(10, 30, 20)",0,816,10237011307426554827,P2-outbreak
100000,1,0,1e-05,26.5,0,"(10, 30, 20)",0,817,10782149392702479728,P2-outbreak
100000,1,0,1e-05,26.5,0,"(10, 30, 20)",0,818,5956012122265594344,P2-outbreak
100000,1,0,1e-05,26.5,0,"(10, 30, 20)",0,819,1550360130369525977,P2-outbreak
100000,4249,2,0.04249,26.5,0,"(10, 30, 20)",1,820,8714433104896535561,P2-outbreak
100000,9,1,9e-05,26.5,0,"(10, 30, 20)",0,821,9509163771882854098,P2-outbreak
100000,3,1,3e-05,26.5,0,"(10, 30, 20)",0,822,8848443024888265259,P2-outbreak
100000,18,4,0.00018,26.5,0,"(10, 30, 20)",0,823,988642279312773273,P2-outbreak
100000,5,2,5e-05,26.5,0,"(10, 30, 20)",0,824,4277455311000521969,P2-outbreak
100000,7,3,7e-05,26.5,0,"(10, 30, 20)",0,825,9581664574625580541,P2-outbreak
100000,7659,2,0.07659,26.5,0,"(10, 30, 20)",1,826,13492821758534722655,P2-outbreak
100000,13,2,0.00013,26.5,0,"(10, 30, 20)",0,827,8630865712658893568,P2-outbreak
100000,12,4,0.00012,26.5,0,"(10, 30, 20)",0,828,8022500927801655179,P2-outbreak
100000,1,0,1e-05,26.5,0,"(10, 30, 20)",0,829,3585155688214955077,P2-outbreak
100000,7,1,7e-05,26.5,0,"(10, 30, 20)",0,830,11515132552399273320,P2-outbreak
100000,1,0,1e-05,26.5,0,"(10, 30, 20)",0,831,4964624455408757241,P2-outbreak
100000,3609,1,0.03609,26.5,0,"(10, 30, 20)",1,832,14933503877633151169,P2-outbreak
100000,37,1,0.00037,26.5,0,"(10, 30, 20)",0,833,6031961301538794422,P2-outbreak
100000,1,0,1e-05,26.5,0,"(10, 30, 20)",0,834,9965028020503802315,P2-outbreak
100000,5,3,5e-05,26.5,0,"(10, 30, 20)",0,835,10274166953166487331,P2-outbreak
100000,38,2,0.00038,26.5,0,"(10, 30, 20)",0,836,17225267442126467,P2-outbreak
100000,1,0,1e-05,26.5,0,"(10, 30, 20)",0,837,10600250962377720826,P2-outbreak
100000,12,1,0.00012,26.5,0,"(10, 30, 20)",0,838,699586209848576693,P2-outbreak
100000,1,0,1e-05,26.5,0,"(10, 30, 20)",0,839,17038061819522532059,P2-outbreak
100000,3,2,3e-05,26.5,0,"(10, 30, 20)",0,840,9530289783853951896,P2-outbreak
100000,1,0,1e-05,26.5,0,"(10, 30, 20)",0,841,6398177760481820850,P2-outbreak
100000,1,0,1e-05,26.5,0,"(10, 30, 20)",0,842,10149978925530661386,P2-outbreak
100000,13743,2,0.13743,26.5,0,"(10, 30, 20)",1,843,13783904730638123219,P2-outbreak
100000,3,1,3e-05,26.5,0,"(10, 30, 20)",0,844,4710199845458320502,P2-outbreak
100000,1,0,1e-05,26.5,0,"(10, 30, 20)",0,845,4279779696152746528,P2-outbreak
100000,1,0,1e-05,26.5,0,"(10, 30, 20)",0,846,5584795101458694331,P2-outbreak
100000,6665,2,0.06665,26.5,0,"(10, 30, 20)",1,847,14356674365733061415,P2-outbreak
100000,2,1,2e-05,26.5,0,"(10, 30, 20)",0,848,448849180635127668,P2-outbreak
100000,13,1,0.00013,26.5,0,"(10, 30, 20)",0,849,2586858823494702980,P2-outbreak
100000,136,1,0.00136,26.5,0,"(10, 30, 20)",0,850,17314000016798195944,P2-outbreak
100000,864,3,0.00864,26.5,0,"(10, 30, 20)",0,851,5605789980384152336,P2-outbreak
100000,1,0,1e-05,26.5,0,"(10, 30, 20)",0,852,16098995045563056982,P2-outbreak
100000,1,0,1e-05,26.5,0,"(10, 30, 20)",0,853,12179929949175323154,P2-outbreak
100000,32,1,0.00032,26.5,0,"(10, 30, 20)",0,854,7534672932535227045,P2-outbreak
100000,5,2,5e-05,26.5,0,"(10, 30, 20)",0,855,16763007326641634881,P2-outbreak
100000,1,0,1e-05,26.5,0,"(10, 30, 20)",0,856,6387679516959985453,P2-outbreak
100000,1,0,1e-05,26.5,0,"(10, 30, 20)",0,857,2991018299895111296,P2-outbreak
100000,5,1,5e-05,26.5,0,"(10, 30, 20)",0,858,4811961361673036299,P2-outbreak
100000,2,1,2e-05,26.5,0,"(10, 30, 20)",0,859,18091020968822022132,P2-outbreak
100000,1,0,1e-05,26.5,0,"(10, 30, 20)",0,860,1401916868759157670,P2-outbreak
100000,1,0,1e-05,26.5,0,"(10, 30, 20)",0,861,2835706378213819963,P2-outbreak
100000,1,0,1e-05,26.5,0,"(10, 30, 20)",0,862,9162352977974383265,P2-outbreak
100000,1,0,1e-05,26.5,0,"(10, 30, 20)",0,863,6597569329483122689,P2-outbreak
100000,1,0,1e-05,26.5,0,"(10, 30, 20)",0,864,17259024959146243853,P2-outbreak
100000,18,3,0.00018,26.5,0,"(10, 30, 20)",0,865,7050229144460690390,P2-outbreak
100000,12,3,0.00012,26.5,0,"(10, 30, 20)",0,866,1691646395240940400,P2-outbreak
100000,2,1,2e-05,26.5,0,"(10, 30, 20)",0,867,2253657646633673664,P2-outbreak
100000,3,1,3e-05,26.5,0,"(10, 30, 20)",0,868,7139478860126640413,P2-outbreak
100000,466,4,0.00466,26.5,0,"(10, 30, 20)",0,869,732610277489573860,P2-outbreak
100000,1,0,1e-05,26.5,0,"(10, 30, 20)",0,870,3677076438020886634,P2-outbreak
100000,129,1,0.00129,26.5,0,"(10, 30, 20)",0,871,8520762184760666317,P2-outbreak
100000,2,1,2e-05,26.5,0,"(10, 30, 20)",0,872,4068849472245879674,P2-outbreak
100000,4,1,4e-05,26.5,0,"(10, 30, 20)",0,873,14209892948187879489,P2-outbreak
100000,207,1,0.00207,26.5,0,"(10, 30, 20)",0,874,9416663252717379998,P2-outbreak
100000,1,0,1e-05,26.5,0,"(10, 30, 20)",0,875,475329274346845525,P2-outbreak
100000,8400,1,0.084,26.5,0,"(10, 30, 20)",1,876,12931856850454526007,P2-outbreak
100000,141,2,0.00141,26.5,0,"(10, 30, 20)",0,877,5243342984753679681,P2-outbreak
100000,3808,2,0.03808,26.5,0,"(10, 30, 20)",1,878,3774745447568147708,P2-outbreak
100000,2,1,2e-05,26.5,0,"(10, 30, 20)",0,879,5640713803451706899,P2-outbreak
100000,1,0,1e-05,26.5,0,"(10, 30, 20)",0,880,8697829432240834044,P2-outbreak
100000,1,0,1e-05,26.5,0,"(10, 30, 20)",0,881,6731258457729775609,P2-outbreak
100000,2,1,2e-05,26.5,0,"(10, 30, 20)",0,882,17386964378971892822,P2-outbreak
100000,1,0,1e-05,26.5,0,"(10, 30, 20)",0,883,3362287665364824291,P2-outbreak
100000,9,2,9e-05,26.5,0,"(10, 30, 20)",0,884,8132764642646576938,P2-outbreak
100000,3,2,3e-05,26.5,0,"(10, 30, 20)",0,885,15127026455903851133,P2-outbreak
100000,1,0,1e-05,26.5,0,"(10, 30, 20)",0,886,10741677534790588255,P2-outbreak
100000,1,0,1e-05,26.5,0,"(10, 30, 20)",0,887,5828056150276829299,P2-outbreak
100000,7,3,7e-05,26.5,0,"(10, 30, 20)",0,888,4197945355063969100,P2-outbreak
100000,5,1,5e-05,26.5,0,"(10, 30, 20)",0,889,3347403371650571356,P2-outbreak
100000,8,2,8e-05,26.5,0,"(10, 30, 20)",0,890,5663540260053265269,P2-outbreak
100000,1,0,1e-05,26.5,0,"(10, 30, 20)",0,891,10663743622060397379,P2-outbreak
100000,189,1,0.00189,26.5,0,"(10, 30, 20)",0,892,9656611084328619087,P2-outbreak
100000,1,0,1e-05,26.5,0,"(10, 30, 20)",0,893,17808895970849400721,P2-outbreak
100000,1,0,1e-05,26.5,0,"(10, 30, 20)",0,894,4379237535157866491,P2-outbreak
100000,2,1,2e-05,26.5,0,"(10, 30, 20)",0,895,1853784547509750433,P2-outbreak
100000,15,5,0.00015,26.5,0,"(10, 30, 20)",0,896,5367337903908623918,P2-outbreak
100000,1,0,1e-05,26.5,0,"(10, 30, 20)",0,897,9829396193468127373,P2-outbreak
100000,1,0,1e-05,26.5,0,"(10, 30, 20)",0,898,14167431915278830010,P2-outbreak
100000,2,1,2e-05,26.5,0,"(10, 30, 20)",0,899,16277080980784157525,P2-outbreak
100000,1,0,1e-05,26.5,0,"(10, 30, 20)",0,900,15026199477362961279,P2-outbreak
100000,97,1,0.00097,26.5,0,"(10, 30, 20)",0,901,1993367894381504944,P2-outbreak
100000,3,1,3e-05,26.5,0,"(10, 30, 20)",0,902,9922337128177759521,P2-outbreak
100000,55,1,0.00055,26.5,0,"(10, 30, 20)",0,903,10893356794251137004,P2-outbreak
100000,16,3,0.00016,26.5,0,"(10, 30, 20)",0,904,13906247159672067347,P2-outbreak
100000,1,0,1e-05,26.5,0,"(10, 30, 20)",0,905,9047201190408510477,P2-outbreak
100000,5,1,5e-05,26.5,0,"(10, 30, 20)",0,906,593944822951196477,P2-outbreak
100000,1,0,1e-05,26.5,0,"(10, 30, 20)",0,907,10359134277873121775,P2-outbreak
100000,3,2,3e-05,26.5,0,"(10, 30, 20)",0,908,6892226349350873177,P2-outbreak
100000,1,0,1e-05,26.5,0,"(10, 30, 20)",0,909,3963963380221653811,P2-outbreak
100000,2,1,2e-05,26.5,0,"(10, 30, 20)",0,910,10786802374689121365,P2-outbreak
100000,96,4,0.00096,26.5,0,"(10, 30, 20)",0,911,365011356540561934,P2-outbreak
100000,1,0,1e-05,26.5,0,"(10, 30, 20)",0,912,15414295162765657773,P2-outbreak
100000,1,0,1e-05,26.5,0,"(10, 30, 20)",0,913,10676352760890170742,P2-outbreak
100000,2,1,2e-05,26.5,0,"(10, 30, 20)",0,914,6249968493326280230,P2-outbreak
100000,12,2,0.00012,26.5,0,"(10, 30, 20)",0,915,10088838564908430333,P2-outbreak
100000,1,0,1e-05,26.5,0,"(10, 30, 20)",0,916,14465800292237067077,P2-outbreak
100000,1,0,1e-05,26.5,0,"(10, 30, 20)",0,917,18003210792905387086,P2-outbreak
100000,2,1,2e-05,26.5,0,"(10, 30, 20)",0,918,11262059121806018984,P2-outbreak
100000,36,3,0.00036,26.5,0,"(10, 30, 20)",0,919,2576260576306897666,P2-outbreak
100000,7,1,7e-05,26.5,0,"(10, 30, 20)",0,920,5091366159748661224,P2-outbreak
100000,22,2,0.00022,26.5,0,"(10, 30, 20)",0,921,1449915275860208828,P2-outbreak
100000,1,0,1e-05,26.5,0,"(10, 30, 20)",0,922,6026188917840719388,P2-outbreak
100000,1,0,1e-05,26.5,0,"(10, 30, 20)",0,923,16129484817430516748,P2-outbreak
100000,2,1,2e-05,26.5,0,"(10, 30, 20)",0,924,15409707070206425575,P2-outbreak
100000,2,1,2e-05,26.5,0,"(10, 30, 20)",0,925,763569145885413575,P2-outbreak
100000,1,0,1e-05,26.5,0,"(10, 30, 20)",0,926,9229855262646376493,P2-outbreak
100000,1,0,1e-05,26.5,0,"(10, 30, 20)",0,927,8331041769477701288,P2-outbreak
100000,1,0,1e-05,26.5,0,"(10, 30, 20)",0,928,17737733236512059186,P2-outbreak
100000,196,2,0.00196,26.5,0,"(10, 30, 20)",0,929,14149542935702131975,P2-outbreak
100000,7,2,7e-05,26.5,0,"(10, 30, 20)",0,930,17929728874210444557,P2-outbreak
100000,42,2,0.00042,26.5,0,"(10, 30, 20)",0,931,17569267488834355320,P2-outbreak
100000,1,0,1e-05,26.5,0,"(10, 30, 20)",0,932,10499391493226268867,P2-outbreak
100000,1,0,1e-05,26.5,0,"(10, 30, 20)",0,933,1322859206849828890,P2-outbreak
100000,1,0,1e-05,26.5,0,"(10, 30, 20)",0,934,1773251122633256834,P2-outbreak
100000,1,0,1e-05,26.5,0,"(10, 30, 20)",0,935,2234578508920263630,P2-outbreak
100000,1,0,1e-05,26.5,0,"(10, 30, 20)",0,936,9011581885045309037,P2-outbreak
100000,2,1,2e-05,26.5,0,"(10, 30, 20)",0,937,1344731033153614991,P2-outbreak
100000,1,0,1e-05,26.5,0,"(10, 30, 20)",0,938,8994299022489824327,P2-outbreak
100000,82,6,0.00082,26.5,0,"(10, 30, 20)",0,939,1814598977173414959,P2-outbreak
100000,2,1,2e-05,26.5,0,"(10, 30, 20)",0,940,17268214041900869945,P2-outbreak
100000,3,2,3e-05,26.5,0,"(10, 30, 20)",0,941,1750373794900116374,P2-outbreak
100000,1,0,1e-05,26.5,0,"(10, 30, 20)",0,942,15024583655934763219,P2-outbreak
100000,1,0,1e-05,26.5,0,"(10, 30, 20)",0,943,4291478182578309945,P2-outbreak
100000,2,1,2e-05,26.5,0,"(10, 30, 20)",0,944,2389639554525951731,P2-outbreak
100000,6,2,6e-05,26.5,0,"(10, 30, 20)",0,945,15064574566815282322,P2-outbreak
100000,3,1,3e-05,26.5,0,"(10, 30, 20)",0,946,9884656088060656125,P2-outbreak
100000,8,1,8e-05,26.5,0,"(10, 30, 20)",0,947,11932131225882524522,P2-outbreak
100000,5,3,5e-05,26.5,0,"(10, 30, 20)",0,948,18147990129428767985,P2-outbreak
100000,94,2,0.00094,26.5,0,"(10, 30, 20)",0,949,15438676260542847283,P2-outbreak
100000,1,0,1e-05,26.5,0,"(10, 30, 20)",0,950,17552688662367678536,P2-outbreak
100000,3,1,3e-05,26.5,0,"(10, 30, 20)",0,951,8376377205617875716,P2-outbreak
100000,10,1,0.0001,26.5,0,"(10, 30, 20)",0,952,13914273656393731473,P2-outbreak
100000,1,0,1e-05,26.5,0,"(10, 30, 20)",0,953,116532780693247912,P2-outbreak
100000,335,3,0.00335,26.5,0,"(10, 30, 20)",0,954,14617288702595382816,P2-outbreak
100000,10,1,0.0001,26.5,0,"(10, 30, 20)",0,955,11085404493534493712,P2-outbreak
100000,1,0,1e-05,26.5,0,"(10, 30, 20)",0,956,12888354281311974537,P2-outbreak
100000,1,0,1e-05,26.5,0,"(10, 30, 20)",0,957,12828085874757844317,P2-outbreak
100000,1,0,1e-05,26.5,0,"(10, 30, 20)",0,958,4091341331701024305,P2-outbreak
100000,2,1,2e-05,26.5,0,"(10, 30, 20)",0,959,12693952846952443015,P2-outbreak
100000,5,2,5e-05,26.5,0,"(10, 30, 20)",0,960,3686557803376102435,P2-outbreak
100000,87,2,0.00087,26.5,0,"(10, 30, 20)",0,961,15658080626718674384,P2-outbreak
100000,4477,4,0.04477,26.5,0,"(10, 30, 20)",1,962,2560351749330435126,P2-outbreak
100000,1,0,1e-05,26.5,0,"(10, 30, 20)",0,963,17249973386368732482,P2-outbreak
100000,6,2,6e-05,26.5,0,"(10, 30, 20)",0,964,17941268482000773181,P2-outbreak
100000,3,1,3e-05,26.5,0,"(10, 30, 20)",0,965,16208297416583877112,P2-outbreak
100000,3,2,3e-05,26.5,0,"(10, 30, 20)",0,966,4853902631794971431,P2-outbreak
100000,1,0,1e-05,26.5,0,"(10, 30, 20)",0,967,9762759867257482743,P2-outbreak
100000,9,1,9e-05,26.5,0,"(10, 30, 20)",0,968,17647208133812944804,P2-outbreak
100000,1,0,1e-05,26.5,0,"(10, 30, 20)",0,969,6107683318567703925,P2-outbreak
100000,37,2,0.00037,26.5,0,"(10, 30, 20)",0,970,12400196798298949898,P2-outbreak
100000,1,0,1e-05,26.5,0,"(10, 30, 20)",0,971,13489145365070086128,P2-outbreak
100000,8706,1,0.08706,26.5,0,"(10, 30, 20)",1,972,8175115393436719922,P2-outbreak
100000,5,2,5e-05,26.5,0,"(10, 30, 20)",0,973,6867852140953176408,P2-outbreak
100000,2,1,2e-05,26.5,0,"(10, 30, 20)",0,974,16186835964341033138,P2-outbreak
100000,3,2,3e-05,26.5,0,"(10, 30, 20)",0,975,13679400981045015833,P2-outbreak
100000,1,0,1e-05,26.5,0,"(10, 30, 20)",0,976,1168706864396969275,P2-outbreak
100000,201,2,0.00201,26.5,0,"(10, 30, 20)",0,977,3524976881196139848,P2-outbreak
100000,7,1,7e-05,26.5,0,"(10, 30, 20)",0,978,10299163282763218011,P2-outbreak
100000,13,1,0.00013,26.5,0,"(10, 30, 20)",0,979,1948595907085343569,P2-outbreak
100000,1,0,1e-05,26.5,0,"(10, 30, 20)",0,980,5238136007130106962,P2-outbreak
100000,2,1,2e-05,26.5,0,"(10, 30, 20)",0,981,624573451551095130,P2-outbreak
100000,13,3,0.00013,26.5,0,"(10, 30, 20)",0,982,16966936129144649858,P2-outbreak
100000,2,1,2e-05,26.5,0,"(10, 30, 20)",0,983,15349174990416248613,P2-outbreak
100000,10,2,0.0001,26.5,0,"(10, 30, 20)",0,984,10179281137175603106,P2-outbreak
100000,10,1,0.0001,26.5,0,"(10, 30, 20)",0,985,15143081732027452150,P2-outbreak
100000,1,0,1e-05,26.5,0,"(10, 30, 20)",0,986,1982230296967872749,P2-outbreak
100000,1,0,1e-05,26.5,0,"(10, 30, 20)",0,987,14896206368595790957,P2-outbreak
100000,2,1,2e-05,26.5,0,"(10, 30, 20)",0,988,7456548036284193520,P2-outbreak
100000,14,3,0.00014,26.5,0,"(10, 30, 20)",0,989,2999171268499187040,P2-outbreak
100000,20,2,0.0002,26.5,0,"(10, 30, 20)",0,990,15083584164130821607,P2-outbreak
100000,1,0,1e-05,26.5,0,"(10, 30, 20)",0,991,10391982671953076413,P2-outbreak
100000,11,1,0.00011,26.5,0,"(10, 30, 20)",0,992,15473104412888950581,P2-outbreak
100000,9,1,9e-05,26.5,0,"(10, 30, 20)",0,993,5335780941170974908,P2-outbreak
100000,1,0,1e-05,26.5,0,"(10, 30, 20)",0,994,423558900406264540,P2-outbreak
100000,1,0,1e-05,26.5,0,"(10, 30, 20)",0,995,4770848141117266145,P2-outbreak
100000,1,0,1e-05,26.5,0,"(10, 30, 20)",0,996,7969525325545297806,P2-outbreak
100000,11,3,0.00011,26.5,0,"(10, 30, 20)",0,997,986939354267834010,P2-outbreak
100000,75,2,0.00075,26.5,0,"(10, 30, 20)",0,998,17125235917694792262,P2-outbreak
100000,109,1,0.00109,26.5,0,"(10, 30, 20)",0,999,3620868120599087138,P2-outbreak
100000,1,0,1e-05,26.5,0,"(10, 30, 20)",0,1000,10499021347720444437,P2-outbreak
100000,91,1,0.00091,26.5,0,"(10, 30, 20)",0,1001,11709215966655901107,P2-outbreak
100000,7965,2,0.07965,26.5,0,"(10, 30, 20)",1,1002,9426010069078345905,P2-outbreak
100000,27,1,0.00027,26.5,0,"(10, 30, 20)",0,1003,4413307207346499038,P2-outbreak
100000,3,1,3e-05,26.5,0,"(10, 30, 20)",0,1004,12408345723041170247,P2-outbreak
100000,3,1,3e-05,26.5,0,"(10, 30, 20)",0,1005,231696628174563217,P2-outbreak
100000,264,2,0.00264,26.5,0,"(10, 30, 20)",0,1006,7852519592600499342,P2-outbreak
100000,14,1,0.00014,26.5,0,"(10, 30, 20)",0,1007,12982726492623991687,P2-outbreak
100000,15,3,0.00015,26.5,0,"(10, 30, 20)",0,1008,15339257416983812972,P2-outbreak
100000,8,2,8e-05,26.5,0,"(10, 30, 20)",0,1009,3370554965758900,P2-outbreak
100000,2,1,2e-05,26.5,0,"(10, 30, 20)",0,1010,14707445002395530869,P2-outbreak
100000,20,4,0.0002,26.5,0,"(10, 30, 20)",0,1011,11466472552334825251,P2-outbreak
100000,1,0,1e-05,26.5,0,"(10, 30, 20)",0,1012,11090736826775551449,P2-outbreak
100000,38,3,0.00038,26.5,0,"(10, 30, 20)",0,1013,2983116888581786985,P2-outbreak
100000,5,2,5e-05,26.5,0,"(10, 30, 20)",0,1014,13961876410227294587,P2-outbreak
100000,2,1,2e-05,26.5,0,"(10, 30, 20)",0,1015,986438165544413907,P2-outbreak
100000,1,0,1e-05,26.5,0,"(10, 30, 20)",0,1016,13313643131020074863,P2-outbreak
100000,3,1,3e-05,26.5,0,"(10, 30, 20)",0,1017,7275897512078496421,P2-outbreak
100000,1,0,1e-05,26.5,0,"(10, 30, 20)",0,1018,2251525460347075734,P2-outbreak
100000,1,0,1e-05,26.5,0,"(10, 30, 20)",0,1019,12764372525333487898,P2-outbreak
100000,1,0,1e-05,26.5,0,"(10, 30, 20)",0,1020,4991225413575700948,P2-outbreak
100000,67,2,0.00067,26.5,0,"(10, 30, 20)",0,1021,13937604716822001974,P2-outbreak
100000,7972,2,0.07972,26.5,0,"(10, 30, 20)",1,1022,7064188197071206104,P2-outbreak
100000,2,1,2e-05,26.5,0,"(10, 30, 20)",0,1023,11341589651221967289,P2-outbreak
100000,1,0,1e-05,26.5,0,"(10, 30, 20)",0,1024,248625823796274735,P2-outbreak
100000,3,1,3e-05,26.5,0,"(10, 30, 20)",0,1025,17627365308627997537,P2-outbreak
100000,4,2,4e-05,26.5,0,"(10, 30, 20)",0,1026,5205387397638314181,P2-outbreak
100000,3,1,3e-05,26.5,0,"(10, 30, 20)",0,1027,4885942348355925061,P2-outbreak
100000,121,2,0.00121,26.5,0,"(10, 30, 20)",0,1028,4324621944782538803,P2-outbreak
100000,1,0,1e-05,26.5,0,"(10, 30, 20)",0,1029,13055299353635766610,P2-outbreak
100000,17,2,0.00017,26.5,0,"(10, 30, 20)",0,1030,13079914926015007011,P2-outbreak
100000,2,1,2e-05,26.5,0,"(10, 30, 20)",0,1031,7160449606807501799,P2-outbreak
100000,4,2,4e-05,26.5,0,"(10, 30, 20)",0,1032,13888554280930478868,P2-outbreak
100000,5,2,5e-05,26.5,0,"(10, 30, 20)",0,1033,9909354403441067142,P2-outbreak
100000,1,0,1e-05,26.5,0,"(10, 30, 20)",0,1034,2189468213194499379,P2-outbreak
100000,43,1,0.00043,26.5,0,"(10, 30, 20)",0,1035,16622033072017953724,P2-outbreak
100000,1,0,1e-05,26.5,0,"(10, 30, 20)",0,1036,13136624548365468882,P2-outbreak
100000,2,1,2e-05,26.5,0,"(10, 30, 20)",0,1037,16211835751326935479,P2-outbreak
100000,1,0,1e-05,26.5,0,"(10, 30, 20)",0,1038,2915975220023691346,P2-outbreak
100000,2,1,2e-05,26.5,0,"(10, 30, 20)",0,1039,1342295246496353925,P2-outbreak
100000,12,1,0.00012,26.5,0,"(10, 30, 20)",0,1040,14537410512072894531,P2-outbreak
100000,1,0,1e-05,26.5,0,"(10, 30, 20)",0,1041,1199332711744494502,P2-outbreak
100000,1,0,1e-05,26.5,0,"(10, 30, 20)",0,1042,7004390019554821670,P2-outbreak
100000,1,0,1e-05,26.5,0,"(10, 30, 20)",0,1043,12629409583563994947,P2-outbreak
100000,1,0,1e-05,26.5,0,"(10, 30, 20)",0,1044,1419942171893074989,P2-outbreak
100000,18,2,0.00018,26.5,0,"(10, 30, 20)",0,1045,6287138948095935365,P2-outbreak
100000,9,2,9e-05,26.5,0,"(10, 30, 20)",0,1046,16723443177708417788,P2-outbreak
100000,27,2,0.00027,26.5,0,"(10, 30, 20)",0,1047,6163160273703899177,P2-outbreak
100000,5,1,5e-05,26.5,0,"(10, 30, 20)",0,1048,756603408206691868,P2-outbreak
100000,1,0,1e-05,26.5,0,"(10, 30, 20)",0,1049,9017463353283417124,P2-outbreak
100000,1,0,1e-05,26.5,0,"(10, 30, 20)",0,1050,13878756023777505432,P2-outbreak
100000,20,3,0.0002,26.5,0,"(10, 30, 20)",0,1051,17707351512118675242,P2-outbreak
100000,10,2,0.0001,26.5,0,"(10, 30, 20)",0,1052,1315330092758115325,P2-outbreak
100000,18,3,0.00018,26.5,0,"(10, 30, 20)",0,1053,15544385171625448608,P2-outbreak
100000,2,1,2e-05,26.5,0,"(10, 30, 20)",0,1054,8098580163522408360,P2-outbreak
100000,5,1,5e-05,26.5,0,"(10, 30, 20)",0,1055,247842545222782998,P2-outbreak
100000,1,0,1e-05,26.5,0,"(10, 30, 20)",0,1056,16660670815444341392,P2-outbreak
100000,30,1,0.0003,26.5,0,"(10, 30, 20)",0,1057,9909980111841842267,P2-outbreak
100000,1,0,1e-05,26.5,0,"(10, 30, 20)",0,1058,15483819109738845805,P2-outbreak
100000,1,0,1e-05,26.5,0,"(10, 30, 20)",0,1059,7964699293588252975,P2-outbreak
100000,2,1,2e-05,26.5,0,"(10, 30, 20)",0,1060,16756940641182124674,P2-outbreak
100000,3,1,3e-05,26.5,0,"(10, 30, 20)",0,1061,10262389901512389266,P2-outbreak
100000,2,1,2e-05,26.5,0,"(10, 30, 20)",0,1062,10655019623721535009,P2-outbreak
100000,1,0,1e-05,26.5,0,"(10, 30, 20)",0,1063,13701752559452120366,P2-outbreak
100000,24,2,0.00024,26.5,0,"(10, 30, 20)",0,1064,2067518478670491223,P2-outbreak
100000,8,1,8e-05,26.5,0,"(10, 30, 20)",0,1065,1223309593293925452,P2-outbreak
100000,2,1,2e-05,26.5,0,"(10, 30, 20)",0,1066,9169949136931876379,P2-outbreak
100000,1,0,1e-05,26.5,0,"(10, 30, 20)",0,1067,9124814865247389936,P2-outbreak
100000,4,1,4e-05,26.5,0,"(10, 30, 20)",0,1068,7088268727439349936,P2-outbreak
100000,5,1,5e-05,26.5,0,"(10, 30, 20)",0,1069,6522939539115512106,P2-outbreak
100000,335,3,0.00335,26.5,0,"(10, 30, 20)",0,1070,2841126346550219251,P2-outbreak
100000,1,0,1e-05,26.5,0,"(10, 30, 20)",0,1071,11143874308639276523,P2-outbreak
100000,3,2,3e-05,26.5,0,"(10, 30, 20)",0,1072,15234298084852914577,P2-outbreak
100000,1,0,1e-05,26.5,0,"(10, 30, 20)",0,1073,11123337212418482443,P2-outbreak
100000,5,1,5e-05,26.5,0,"(10, 30, 20)",0,1074,18278012888138651695,P2-outbreak
100000,4,1,4e-05,26.5,0,"(10, 30, 20)",0,1075,18231387886430864598,P2-outbreak
100000,2,1,2e-05,26.5,0,"(10, 30, 20)",0,1076,10939973957577233422,P2-outbreak
100000,3,1,3e-05,26.5,0,"(10, 30, 20)",0,1077,15369843589960529826,P2-outbreak
100000,1,0,1e-05,26.5,0,"(10, 30, 20)",0,1078,9719184721824209305,P2-outbreak
100000,5,3,5e-05,26.5,0,"(10, 30, 20)",0,1079,14906091803943760634,P2-outbreak
100000,2,1,2e-05,26.5,0,"(10, 30, 20)",0,1080,7340299441420871346,P2-outbreak
100000,8,2,8e-05,26.5,0,"(10, 30, 20)",0,1081,3299568104022221957,P2-outbreak
100000,1,0,1e-05,26.5,0,"(10, 30, 20)",0,1082,17298703007004138757,P2-outbreak
100000,65,2,0.00065,26.5,0,"(10, 30, 20)",0,1083,1291798556686290042,P2-outbreak
100000,1,0,1e-05,26.5,0,"(10, 30, 20)",0,1084,3092000534097652283,P2-outbreak
100000,1,0,1e-05,26.5,0,"(10, 30, 20)",0,1085,52055338976856587,P2-outbreak
100000,12632,2,0.12632,26.5,0,"(10, 30, 20)",1,1086,14211074781021767560,P2-outbreak
100000,57,2,0.00057,26.5,0,"(10, 30, 20)",0,1087,17529900967730118015,P2-outbreak
100000,749,2,0.00749,26.5,0,"(10, 30, 20)",0,1088,15184260053210793338,P2-outbreak
100000,12,2,0.00012,26.5,0,"(10, 30, 20)",0,1089,5301443713235232765,P2-outbreak
100000,1,0,1e-05,26.5,0,"(10, 30, 20)",0,1090,9820768647414145373,P2-outbreak
100000,1,0,1e-05,26.5,0,"(10, 30, 20)",0,1091,13269460702112350332,P2-outbreak
100000,1,0,1e-05,26.5,0,"(10, 30, 20)",0,1092,17817840473657216551,P2-outbreak
100000,2,1,2e-05,26.5,0,"(10, 30, 20)",0,1093,18234677288570812877,P2-outbreak
100000,3,1,3e-05,26.5,0,"(10, 30, 20)",0,1094,5860117774445626441,P2-outbreak
100000,4,1,4e-05,26.5,0,"(10, 30, 20)",0,1095,1717245290191226160,P2-outbreak
100000,6,2,6e-05,26.5,0,"(10, 30, 20)",0,1096,6642530095320603381,P2-outbreak
100000,3,1,3e-05,26.5,0,"(10, 30, 20)",0,1097,17241861283502066763,P2-outbreak
100000,44,3,0.00044,26.5,0,"(10, 30, 20)",0,1098,14854413983600835735,P2-outbreak
100000,1,0,1e-05,26.5,0,"(10, 30, 20)",0,1099,10624392692228704870,P2-outbreak
100000,3,1,3e-05,26.5,0,"(10, 30, 20)",0,1100,4033320640219783146,P2-outbreak
100000,27,1,0.00027,26.5,0,"(10, 30, 20)",0,1101,1068790237912655611,P2-outbreak
100000,2,1,2e-05,26.5,0,"(10, 30, 20)",0,1102,8720438229147226406,P2-outbreak
100000,2,1,2e-05,26.5,0,"(10, 30, 20)",0,1103,7581412277234280737,P2-outbreak
100000,6478,1,0.06478,26.5,0,"(10, 30, 20)",1,1104,6895033164818360335,P2-outbreak
100000,1,0,1e-05,26.5,0,"(10, 30, 20)",0,1105,6834891487523575922,P2-outbreak
100000,1,0,1e-05,26.5,0,"(10, 30, 20)",0,1106,7532372279951954753,P2-outbreak
100000,15,1,0.00015,26.5,0,"(10, 30, 20)",0,1107,9326179381228098663,P2-outbreak
100000,4,1,4e-05,26.5,0,"(10, 30, 20)",0,1108,4281803175471605845,P2-outbreak
100000,1,0,1e-05,26.5,0,"(10, 30, 20)",0,1109,16582593663614151420,P2-outbreak
100000,17716,2,0.17716,26.5,0,"(10, 30, 20)",1,1110,9119758631024864710,P2-outbreak
100000,1,0,1e-05,26.5,0,"(10, 30, 20)",0,1111,16463045176310875024,P2-outbreak
100000,1,0,1e-05,26.5,0,"(10, 30, 20)",0,1112,6441232517207927794,P2-outbreak
100000,1,0,1e-05,26.5,0,"(10, 30, 20)",0,1113,18154334313224962243,P2-outbreak
100000,3,1,3e-05,26.5,0,"(10, 30, 20)",0,1114,16655732953161374819,P2-outbreak
100000,2,1,2e-05,26.5,0,"(10, 30, 20)",0,1115,10933160948215125831,P2-outbreak
100000,10,2,0.0001,26.5,0,"(10, 30, 20)",0,1116,14694499268339529807,P2-outbreak
100000,1,0,1e-05,26.5,0,"(10, 30, 20)",0,1117,1938725693512787428,P2-outbreak
100000,1,0,1e-05,26.5,0,"(10, 30, 20)",0,1118,9679041350005947580,P2-outbreak
100000,42,1,0.00042,26.5,0,"(10, 30, 20)",0,1119,12875761345566851033,P2-outbreak
100000,1,0,1e-05,26.5,0,"(10, 30, 20)",0,1120,12116336105138324207,P2-outbreak
100000,60,1,0.0006,26.5,0,"(10, 30, 20)",0,1121,16645135985437333757,P2-outbreak
100000,18,2,0.00018,26.5,0,"(10, 30, 20)",0,1122,579964785230083051,P2-outbreak
100000,1,0,1e-05,26.5,0,"(10, 30, 20)",0,1123,3603872147445502333,P2-outbreak
100000,5,2,5e-05,26.5,0,"(10, 30, 20)",0,1124,9296468924761635220,P2-outbreak
100000,1,0,1e-05,26.5,0,"(10, 30, 20)",0,1125,9579200843753506373,P2-outbreak
100000,3146,5,0.03146,26.5,0,"(10, 30, 20)",1,1126,13816780737495823916,P2-outbreak
100000,31,1,0.00031,26.5,0,"(10, 30, 20)",0,1127,1336928809659616451,P2-outbreak
100000,4,3,4e-05,26.5,0,"(10, 30, 20)",0,1128,15210883279326643541,P2-outbreak
100000,2,1,2e-05,26.5,0,"(10, 30, 20)",0,1129,6254601892613819856,P2-outbreak
100000,2,1,2e-05,26.5,0,"(10, 30, 20)",0,1130,10598824875923772394,P2-outbreak
100000,182,1,0.00182,26.5,0,"(10, 30, 20)",0,1131,3924317685920250873,P2-outbreak
100000,1,0,1e-05,26.5,0,"(10, 30, 20)",0,1132,17522738031891240582,P2-outbreak
100000,23,2,0.00023,26.5,0,"(10, 30, 20)",0,1133,3769462670168402891,P2-outbreak
100000,12,4,0.00012,26.5,0,"(10, 30, 20)",0,1134,3943048745919121112,P2-outbreak
100000,3,2,3e-05,26.5,0,"(10, 30, 20)",0,1135,7887190795569635113,P2-outbreak
100000,1,0,1e-05,26.5,0,"(10, 30, 20)",0,1136,5674217683284035880,P2-outbreak
100000,2,1,2e-05,26.5,0,"(10, 30, 20)",0,1137,14273602410907467646,P2-outbreak
100000,1,0,1e-05,26.5,0,"(10, 30, 20)",0,1138,6089161589806484520,P2-outbreak
100000,1,0,1e-05,26.5,0,"(10, 30, 20)",0,1139,14527376873606491061,P2-outbreak
100000,1,0,1e-05,26.5,0,"(10, 30, 20)",0,1140,9980140255768904578,P2-outbreak
100000,9,1,9e-05,26.5,0,"(10, 30, 20)",0,1141,14524862107803541341,P2-outbreak
100000,2,1,2e-05,26.5,0,"(10, 30, 20)",0,1142,1501297229579560197,P2-outbreak
100000,2,1,2e-05,26.5,0,"(10, 30, 20)",0,1143,261858314521530498,P2-outbreak
100000,1,0,1e-05,26.5,0,"(10, 30, 20)",0,1144,626429130541515103,P2-outbreak
100000,1,0,1e-05,26.5,0,"(10, 30, 20)",0,1145,13492397048068339380,P2-outbreak
100000,5,1,5e-05,26.5,0,"(10, 30, 20)",0,1146,925219209353622749,P2-outbreak
100000,1,0,1e-05,26.5,0,"(10, 30, 20)",0,1147,5984338255331766713,P2-outbreak
100000,1,0,1e-05,26.5,0,"(10, 30, 20)",0,1148,16973262202363757453,P2-outbreak
100000,1,0,1e-05,26.5,0,"(10, 30, 20)",0,1149,719772121450027025,P2-outbreak
100000,2,1,2e-05,26.5,0,"(10, 30, 20)",0,1150,13724924778041531231,P2-outbreak
100000,3,1,3e-05,26.5,0,"(10, 30, 20)",0,1151,2179724772082272021,P2-outbreak
100000,1,0,1e-05,26.5,0,"(10, 30, 20)",0,1152,17010871061272079874,P2-outbreak
100000,4,2,4e-05,26.5,0,"(10, 30, 20)",0,1153,16304455376908196278,P2-outbreak
100000,11,1,0.00011,26.5,0,"(10, 30, 20)",0,1154,3024798995589576759,P2-outbreak
100000,1,0,1e-05,26.5,0,"(10, 30, 20)",0,1155,16776428841602136207,P2-outbreak
100000,1,0,1e-05,26.5,0,"(10, 30, 20)",0,1156,1647890715131952512,P2-outbreak
100000,41,1,0.00041,26.5,0,"(20, 10, 30)",0,0,4314853844859600008,P2-outbreak
100000,1,0,1e-05,26.5,0,"(20, 10, 30)",0,1,16116903553092058920,P2-outbreak
100000,431,2,0.00431,26.5,0,"(20, 10, 30)",0,2,3342199243577815056,P2-outbreak
100000,1,0,1e-05,26.5,0,"(20, 10, 30)",0,3,75505575746287292,P2-outbreak
100000,2,1,2e-05,26.5,0,"(20, 10, 30)",0,4,16088774601301695643,P2-outbreak
100000,1,0,1e-05,26.5,0,"(20, 10, 30)",0,5,11225492977019347213,P2-outbreak
100000,1,0,1e-05,26.5,0,"(20, 10, 30)",0,6,13087503162738746034,P2-outbreak
100000,11,2,0.00011,26.5,0,"(20, 10, 30)",0,7,880564777164953260,P2-outbreak
100000,18,4,0.00018,26.5,0,"(20, 10, 30)",0,8,17573461080881874854,P2-outbreak
100000,2,1,2e-05,26.5,0,"(20, 10, 30)",0,9,14274554176709146993,P2-outbreak
100000,2,1,2e-05,26.5,0,"(20, 10, 30)",0,10,14530092062203775502,P2-outbreak
100000,11,5,0.00011,26.5,0,"(20, 10, 30)",0,11,1854737639976026294,P2-outbreak
100000,4,2,4e-05,26.5,0,"(20, 10, 30)",0,12,5831811156826991433,P2-outbreak
100000,3,1,3e-05,26.5,0,"(20, 10, 30)",0,13,14979944485580346500,P2-outbreak
100000,2,1,2e-05,26.5,0,"(20, 10, 30)",0,14,7660691479585724701,P2-outbreak
100000,3,1,3e-05,26.5,0,"(20, 10, 30)",0,15,4535459394263504689,P2-outbreak
100000,1,0,1e-05,26.5,0,"(20, 10, 30)",0,16,17932808704337920531,P2-outbreak
100000,1,0,1e-05,26.5,0,"(20, 10, 30)",0,17,3472103085351090484,P2-outbreak
100000,1,0,1e-05,26.5,0,"(20, 10, 30)",0,18,7531588199536826128,P2-outbreak
100000,1,0,1e-05,26.5,0,"(20, 10, 30)",0,19,7202642916887340294,P2-outbreak
100000,5,1,5e-05,26.5,0,"(20, 10, 30)",0,20,4081804321356351582,P2-outbreak
100000,2,1,2e-05,26.5,0,"(20, 10, 30)",0,21,9987505002662490601,P2-outbreak
100000,1,0,1e-05,26.5,0,"(20, 10, 30)",0,22,7096920681088577881,P2-outbreak
100000,1,0,1e-05,26.5,0,"(20, 10, 30)",0,23,12041865473200843616,P2-outbreak
100000,6,1,6e-05,26.5,0,"(20, 10, 30)",0,24,14449010932919156659,P2-outbreak
100000,27,1,0.00027,26.5,0,"(20, 10, 30)",0,25,9913617049806503049,P2-outbreak
100000,13,1,0.00013,26.5,0,"(20, 10, 30)",0,26,3889556440510750081,P2-outbreak
100000,2,1,2e-05,26.5,0,"(20, 10, 30)",0,27,3640329709549334371,P2-outbreak
100000,1,0,1e-05,26.5,0,"(20, 10, 30)",0,28,16541143380910785636,P2-outbreak
100000,9,3,9e-05,26.5,0,"(20, 10, 30)",0,29,11458554396096080553,P2-outbreak
100000,27,2,0.00027,26.5,0,"(20, 10, 30)",0,30,3312158420137381411,P2-outbreak
100000,1,0,1e-05,26.5,0,"(20, 10, 30)",0,31,506680105117407525,P2-outbreak
100000,1,0,1e-05,26.5,0,"(20, 10, 30)",0,32,9462378659347250952,P2-outbreak
100000,1,0,1e-05,26.5,0,"(20, 10, 30)",0,33,15827851325060031123,P2-outbreak
100000,13,1,0.00013,26.5,0,"(20, 10, 30)",0,34,17001219910693530368,P2-outbreak
100000,3,1,3e-05,26.5,0,"(20, 10, 30)",0,35,16384361587853059811,P2-outbreak
100000,2,1,2e-05,26.5,0,"(20, 10, 30)",0,36,2150510123461740755,P2-outbreak
100000,1,0,1e-05,26.5,0,"(20, 10, 30)",0,37,9404626527477662275,P2-outbreak
100000,1,0,1e-05,26.5,0,"(20, 10, 30)",0,38,1729420751528508786,P2-outbreak
100000,4,2,4e-05,26.5,0,"(20, 10, 30)",0,39,7986310085107758041,P2-outbreak
100000,1,0,1e-05,26.5,0,"(20, 10, 30)",0,40,10833724196326814406,P2-outbreak
100000,1,0,1e-05,26.5,0,"(20, 10, 30)",0,41,1067485898355803740,P2-outbreak
100000,4,1,4e-05,26.5,0,"(20, 10, 30)",0,42,16026257443013415595,P2-outbreak
100000,1,0,1e-05,26.5,0,"(20, 10, 30)",0,43,17700976526386204553,P2-outbreak
100000,17,1,0.00017,26.5,0,"(20, 10, 30)",0,44,16134644327790527664,P2-outbreak
100000,7,1,7e-05,26.5,0,"(20, 10, 30)",0,45,7293443469383915241,P2-outbreak
100000,1,0,1e-05,26.5,0,"(20, 10, 30)",0,46,9375335581035144075,P2-outbreak
100000,2,1,2e-05,26.5,0,"(20, 10, 30)",0,47,10927760729214436283,P2-outbreak
100000,1,0,1e-05,26.5,0,"(20, 10, 30)",0,48,18200291626797097665,P2-outbreak
100000,7,4,7e-05,26.5,0,"(20, 10, 30)",0,49,5858854091927290818,P2-outbreak
