A_160,A_40,A_80,N,f,intA,lam,realized_reach,rep,seed,t_final,test
0.0,0.0,0.0,200000,0.118,1.367844811250851,1.6,0.117205,5000,2857687520277911580,160.0,P4-ladder
0.0,0.0,0.0,200000,0.118,1.2687146490586376,1.6,0.118095,5001,11219148831794594021,160.0,P4-ladder
0.0,0.0,0.0,200000,0.118,1.2206166112878536,1.6,0.118815,5002,12322485895093298127,160.0,P4-ladder
0.0,0.0,0.0,200000,0.118,1.0892764861695134,1.6,0.117085,5003,8952594059429949311,160.0,P4-ladder
0.0,0.0,0.0,200000,0.118,1.1760406932888847,1.6,0.118515,5004,9428634672605124846,160.0,P4-ladder
0.0,0.0,0.0,200000,0.118,1.2735008218434942,1.6,0.11796,5005,8941973467544707489,160.0,P4-ladder
0.0,0.0,0.0,200000,0.118,1.1918741222250924,1.6,0.11768,5006,8520297674183449113,160.0,P4-ladder
0.0,0.0,0.0,200000,0.118,1.2284946612854304,1.6,0.118265,5007,9072669452341431335,160.0,P4-ladder
0.0,0.0,0.0,200000,0.118,1.3525922386439537,1.6,0.117795,5008,17903085993438829681,160.0,P4-ladder
0.0,0.0,0.0,200000,0.118,1.2526178779162507,1.6,0.11713,5009,3614215840530514031,160.0,P4-ladder
0.0,0.0,0.0,200000,0.118,1.2716229190874342,1.6,0.11838,5010,6679095230495388998,160.0,P4-ladder
0.0,0.0,0.0,200000,0.118,1.2054009160353027,1.6,0.117605,5011,282312985297740892,160.0,P4-ladder
0.0,0.0,0.0,200000,0.118,1.1128317821636335,1.6,0.117635,5012,5090208863438895139,160.0,P4-ladder
0.0,0.0,0.0,200000,0.118,1.1703520681992696,1.6,0.11727,5013,15915006437250090330,160.0,P4-ladder
0.0,0.0,0.0,200000,0.118,1.2891280934866873,1.6,0.117605,5014,8259852467507997856,160.0,P4-ladder
0.0,0.0,0.0,200000,0.118,1.367678792664066,1.6,0.118245,5015,16937582856862845629,160.0,P4-ladder
0.0,0.0,0.0,200000,0.118,1.5059129839766496,1.6,0.118405,5016,12694021903921144743,160.0,P4-ladder
0.0,0.0,0.0,200000,0.118,1.247241741911616,1.6,0.11682,5017,6067608630489411234,160.0,P4-ladder
0.0,0.0,0.0,200000,0.118,1.1506970462858221,1.6,0.11815,5018,13912259612818758140,160.0,P4-ladder
0.0,0.0,0.0,200000,0.118,1.3446366601408515,1.6,0.118505,5019,3733599337146354373,160.0,P4-ladder
0.0,0.0,0.0,200000,0.118,1.1745932862880664,1.6,0.117895,5020,16347376973317975156,160.0,P4-ladder
0.0,0.0,0.0,200000,0.118,1.2980158943059392,1.6,0.118295,5021,1606409220808524793,160.0,P4-ladder
0.0,0.0,0.0,200000,0.118,1.224036527276796,1.6,0.11755,5022,3130550268507231577,160.0,P4-ladder
0.0,0.0,0.0,200000,0.118,1.2306995200281259,1.6,0.117505,5023,1018858623411945282,160.0,P4-ladder
0.0,0.0,0.0,200000,0.118,1.221971516469345,1.6,0.117515,5024,13549294765104024094,160.0,P4-ladder
0.0,0.0,0.0,200000,0.118,1.298000594665207,1.6,0.11711,5025,13286223509713133133,160.0,P4-ladder
0.0,0.0,0.0,200000,0.118,1.2806477587788796,1.6,0.117845,5026,11745599096037855012,160.0,P4-ladder
0.0,0.0,0.0,200000,0.118,1.1711781280817066,1.6,0.118445,5027,11299640831551630197,160.0,P4-ladder
0.0,0.0,0.0,200000,0.118,1.1557510219023552,1.6,0.117715,5028,10407911612762194598,160.0,P4-ladder
0.0,0.0,0.0,200000,0.118,1.1702937368204491,1.6,0.11775,5029,9439287429306967229,160.0,P4-ladder
0.0,0.0,0.0,200000,0.118,1.1986213817530775,1.6,0.117045,5030,16399651549536310644,160.0,P4-ladder
0.0,0.0,0.0,200000,0.118,1.1945464609828214,1.6,0.11822,5031,315519566323864805,160.0,P4-ladder
0.0,0.0,0.0,200000,0.118,1.146416455916235,1.6,0.117055,5032,10571157229793846467,160.0,P4-ladder
0.0,0.0,0.0,200000,0.118,1.2398756336968773,1.6,0.11875,5033,3280489079406969496,160.0,P4-ladder
0.0,0.0,0.0,200000,0.118,1.2598567587457081,1.6,0.11839,5034,14506919593465000455,160.0,P4-ladder
0.0,0.0,0.0,200000,0.118,1.1892528021314186,1.6,0.11834,5035,8973652905123434763,160.0,P4-ladder
0.0,0.0,0.0,200000,0.118,1.1601166541547638,1.6,0.118535,5036,17696011118660368947,160.0,P4-ladder
0.0,0.0,0.0,200000,0.118,1.1070155285478478,1.6,0.117165,5037,2866638503795190863,160.0,P4-ladder
0.0,0.0,0.0,200000,0.118,1.195377765702313,1.6,0.118405,5038,2634537414624968504,160.0,P4-ladder
0.0,0.0,0.0,200000,0.118,1.422607970484988,1.6,0.117615,5039,8498906457033235490,160.0,P4-ladder
0.0,0.0,0.0,200000,0.118,1.4799192653455615,1.6,0.118695,5040,1578450854585941018,160.0,P4-ladder
0.0,0.0,0.0,200000,0.118,1.2089624227976687,1.6,0.11843,5041,12495515576414136073,160.0,P4-ladder
0.0,0.0,0.0,200000,0.118,1.3044767487476339,1.6,0.11813,5042,12077162769651948369,160.0,P4-ladder
0.0,0.0,0.0,200000,0.118,1.2637062359148512,1.6,0.11831,5043,2411242912535230875,160.0,P4-ladder
0.0,0.0,0.0,200000,0.118,1.291845040659782,1.6,0.11815,5044,7063736113995297029,160.0,P4-ladder
0.0,0.0,0.0,200000,0.118,1.2398321216808392,1.6,0.11859,5045,14360285793339427535,160.0,P4-ladder
0.0,0.0,0.0,200000,0.118,1.1579778799347051,1.6,0.117265,5046,16256615213008191054,160.0,P4-ladder
0.0,0.0,0.0,200000,0.118,1.3895996171309621,1.6,0.116905,5047,3993318857172980169,160.0,P4-ladder
0.0,0.0,0.0,200000,0.118,1.3737465236309858,1.6,0.117975,5048,7703785455287081313,160.0,P4-ladder
0.0,0.0,0.0,200000,0.118,1.334712908812255,1.6,0.118655,5049,4015440105357287545,160.0,P4-ladder
0.0,0.0,0.0,200000,0.118,1.2572171507537098,1.6,0.11698,5050,12349359278228907184,160.0,P4-ladder
0.0,0.0,0.0,200000,0.118,1.3991027457698955,1.6,0.11824,5051,7643386374659671068,160.0,P4-ladder
0.0,0.0,0.0,200000,0.118,1.2918551254810433,1.6,0.117495,5052,6920290613770034749,160.0,P4-ladder
0.0,0.0,0.0,200000,0.118,1.2681351166213741,1.6,0.11731,5053,7487993609816827421,160.0,P4-ladder
0.0,0.0,0.0,200000,0.118,1.1615252687917115,1.6,0.117175,5054,9624144492094856552,160.0,P4-ladder
0.0,0.0,0.0,200000,0.118,1.4121014570233499,1.6,0.11923,5055,15993369232582700444,160.0,P4-ladder
0.0,0.0,0.0,200000,0.118,1.1127041040275532,1.6,0.116725,5056,8555476295874257133,160.0,P4-ladder
0.0,0.0,0.0,200000,0.118,1.3680785668444113,1.6,0.11823,5057,14182030375486501193,160.0,P4-ladder
0.0,0.0,0.0,200000,0.118,1.1983313827532893,1.6,0.117335,5058,3421147505255442451,160.0,P4-ladder
0.0,0.0,0.0,200000,0.118,1.469682363340643,1.6,0.11683,5059,15439674615531924926,160.0,P4-ladder
0.0,0.0,0.0,200000,0.127,1.8654054023807423,1.6,0.126365,5000,17671863494348850843,160.0,P4-ladder
0.0,0.0,0.0,200000,0.127,1.6448049231485569,1.6,0.125525,5001,12328959887902108382,160.0,P4-ladder
0.0,0.0,0.0,200000,0.127,1.8873217816877836,1.6,0.127235,5002,6379920896927657891,160.0,P4-ladder
0.0,0.0,0.0,200000,0.127,1.8958060650196384,1.6,0.127775,5003,9343498490811903172,160.0,P4-ladder
0.0,0.0,0.0,200000,0.127,1.7001669392102514,1.6,0.12556,5004,1107583620217962975,160.0,P4-ladder
0.0,0.0,0.0,200000,0.127,1.7988912753130117,1.6,0.126825,5005,3304189030643457055,160.0,P4-ladder
0.0,0.0,0.0,200000,0.127,2.5919715327818396,1.6,0.127275,5006,6329999703907152216,160.0,P4-ladder
0.0,0.0,0.0,200000,0.127,1.692398363976141,1.6,0.126355,5007,793256822752563439,160.0,P4-ladder
0.0,0.0,0.0,200000,0.127,1.6902951751799244,1.6,0.127725,5008,13258672183590335718,160.0,P4-ladder
0.0,0.0,0.0,200000,0.127,1.8324344152904481,1.6,0.125055,5009,9270614075977224240,160.0,P4-ladder
0.0,0.0,0.0,200000,0.127,2.196325174258352,1.6,0.1277,5010,1603894239588454894,160.0,P4-ladder
0.0,0.0,0.0,200000,0.127,2.0316558949756436,1.6,0.1271,5011,4259237521672851605,160.0,P4-ladder
0.0,0.0,0.0,200000,0.127,1.9918707688616202,1.6,0.128045,5012,4120210553533891108,160.0,P4-ladder
0.0,0.0,0.0,200000,0.127,1.8227679853920893,1.6,0.12736,5013,9883346276112570425,160.0,P4-ladder
0.0,0.0,0.0,200000,0.127,1.716076164151669,1.6,0.12638,5014,15099535024341740002,160.0,P4-ladder
0.0,0.0,0.0,200000,0.127,1.8784001959273953,1.6,0.12725,5015,11439628311030153467,160.0,P4-ladder
0.0,0.0,0.0,200000,0.127,2.007189925349714,1.6,0.126075,5016,887892528701035477,160.0,P4-ladder
0.0,0.0,0.0,200000,0.127,2.369723030592069,1.6,0.12673,5017,9751646685498541254,160.0,P4-ladder
0.0,0.0,0.0,200000,0.127,2.1843027113347597,1.6,0.126235,5018,3065142341494282314,160.0,P4-ladder
0.0,0.0,0.0,200000,0.127,1.870935087647108,1.6,0.12744,5019,1334929196545149697,160.0,P4-ladder
0.0,0.0,0.0,200000,0.127,2.1559225272975344,1.6,0.127425,5020,13206856143165771651,160.0,P4-ladder
0.0,0.0,0.0,200000,0.127,2.113402682881276,1.6,0.12649,5021,11457910719977669850,160.0,P4-ladder
0.0,0.0,0.0,200000,0.127,1.78739593172161,1.6,0.12646,5022,15698629186647215018,160.0,P4-ladder
0.0,0.0,0.0,200000,0.127,1.7232946276955505,1.6,0.127325,5023,2878400952427271849,160.0,P4-ladder
0.0,0.0,0.0,200000,0.127,1.9958167458448586,1.6,0.128005,5024,10593529746387752134,160.0,P4-ladder
0.0,0.0,0.0,200000,0.127,2.5038335435859294,1.6,0.12873,5025,3249867001092629033,160.0,P4-ladder
0.0,0.0,0.0,200000,0.127,2.0963345763279646,1.6,0.12649,5026,1894764041613539883,160.0,P4-ladder
0.0,0.0,0.0,200000,0.127,1.9797187749105412,1.6,0.12701,5027,1143946818811747811,160.0,P4-ladder
0.0,0.0,0.0,200000,0.127,2.0564230126375214,1.6,0.12687,5028,6283578969963722301,160.0,P4-ladder
0.0,0.0,0.0,200000,0.127,2.6971321095932064,1.6,0.12716,5029,4878984304461162551,160.0,P4-ladder
0.0,0.0,0.0,200000,0.127,1.9242412473857748,1.6,0.12723,5030,4542753201047022797,160.0,P4-ladder
0.0,0.0,0.0,200000,0.127,1.7064989968753752,1.6,0.12676,5031,13356897314521661184,160.0,P4-ladder
0.0,0.0,0.0,200000,0.127,1.8815467451022183,1.6,0.12722,5032,15029412906676303722,160.0,P4-ladder
0.0,0.0,0.0,200000,0.127,1.7272462907720174,1.6,0.126045,5033,12050848576854096119,160.0,P4-ladder
0.0,0.0,0.0,200000,0.127,2.3279368331911887,1.6,0.1263,5034,16857496886027508508,160.0,P4-ladder
0.0,0.0,0.0,200000,0.127,2.7855702950368344,1.6,0.126305,5035,4479189326657761514,160.0,P4-ladder
0.0,0.0,0.0,200000,0.127,2.4275708585250464,1.6,0.12824,5036,16087617236869279623,160.0,P4-ladder
0.0,0.0,0.0,200000,0.127,1.748375940978487,1.6,0.12813,5037,3743523106358814360,160.0,P4-ladder
0.0,0.0,0.0,200000,0.127,2.1551630339423333,1.6,0.127285,5038,4927898289389955414,160.0,P4-ladder
0.0,0.0,0.0,200000,0.127,1.885832276198196,1.6,0.128785,5039,6792067961439291819,160.0,P4-ladder
0.0,0.0,0.0,200000,0.127,1.8872438559070923,1.6,0.126955,5040,12630359295422700118,160.0,P4-ladder
0.0,0.0,0.0,200000,0.127,2.0667286711531023,1.6,0.125855,5041,13641989277962664227,160.0,P4-ladder
0.0,0.0,0.0,200000,0.127,1.8772128727355888,1.6,0.127875,5042,863863101859206530,160.0,P4-ladder
0.0,0.0,0.0,200000,0.127,1.872212998471454,1.6,0.127175,5043,12264139562104902214,160.0,P4-ladder
0.0,0.0,0.0,200000,0.127,1.896723026364954,1.6,0.12614,5044,599837752098812418,160.0,P4-ladder
0.0,0.0,0.0,200000,0.127,1.9684311949274156,1.6,0.12802,5045,18389165605327426727,160.0,P4-ladder
0.0,0.0,0.0,200000,0.127,1.9056839978593363,1.6,0.12868,5046,7605724935657447067,160.0,P4-ladder
0.0,0.0,0.0,200000,0.127,1.8741613739649712,1.6,0.127055,5047,11320026845207299127,160.0,P4-ladder
0.0,0.0,0.0,200000,0.127,1.8557211334620929,1.6,0.12751,5048,4351424189579339624,160.0,P4-ladder
0.0,0.0,0.0,200000,0.127,2.5212969950937674,1.6,0.12632,5049,1578256946479368593,160.0,P4-ladder
0.0,0.0,0.0,200000,0.127,1.9802703459193354,1.6,0.127045,5050,10754017001475993724,160.0,P4-ladder
0.0,0.0,0.0,200000,0.127,1.93436824278535,1.6,0.12584,5051,6416564720929560069,160.0,P4-ladder
0.0,0.0,0.0,200000,0.127,1.9642357592805173,1.6,0.12716,5052,15263880590384780969,160.0,P4-ladder
0.0,0.0,0.0,200000,0.127,1.9854472512418002,1.6,0.125985,5053,6749676901870511147,160.0,P4-ladder
0.0,0.0,0.0,200000,0.127,1.8532700372552444,1.6,0.126675,5054,15155902058062989484,160.0,P4-ladder
0.0,0.0,0.0,200000,0.127,2.0995562073381695,1.6,0.127445,5055,10531178850432126245,160.0,P4-ladder
0.0,0.0,0.0,200000,0.127,1.772391700550335,1.6,0.127475,5056,12593824435522336571,160.0,P4-ladder
0.0,0.0,0.0,200000,0.127,1.8865796696401345,1.6,0.12743,5057,4941608733565462946,160.0,P4-ladder
0.0,0.0,0.0,200000,0.127,1.78245189151636,1.6,0.12591,5058,773258304988942023,160.0,P4-ladder
0.0,0.0,0.0,200000,0.127,2.2296719230930115,1.6,0.12704,5059,18346132163007254892,160.0,P4-ladder
0.0,0.00044,0.0,200000,0.131,4.034612629305321,1.6,0.13054,5000,707030064224583701,160.0,P4-ladder
0.0,0.0,0.0,200000,0.131,3.077353606665607,1.6,0.131115,5001,17532081651074862257,160.0,P4-ladder
0.0,1.5e-05,0.0,200000,0.131,3.319635864026112,1.6,0.13169,5002,13959887536136028564,160.0,P4-ladder
0.63605,0.50518,0.63643,200000,0.131,84.03383563281979,1.6,0.13263,5003,874748803112811757,160.0,P4-ladder
0.0,0.0,0.0,200000,0.131,2.8768645901722554,1.6,0.130945,5004,15540085587814661856,160.0,P4-ladder
0.0,0.0,0.0,200000,0.131,2.152574462992665,1.6,0.131,5005,16433474345053691543,160.0,P4-ladder
0.0,0.0,0.0,200000,0.131,2.1358417939410104,1.6,0.13097,5006,8099526823953657327,160.0,P4-ladder
0.0,0.0,0.0,200000,0.131,3.4929809940051624,1.6,0.130995,5007,14397499718893390304,160.0,P4-ladder
0.63305,0.63551,0.63513,200000,0.131,92.61078553383041,1.6,0.13231,5008,6687385333981668339,160.0,P4-ladder
0.636595,0.634225,0.636305,200000,0.131,89.11601892095068,1.6,0.13307,5009,3905388555170553730,160.0,P4-ladder
0.0,0.0,0.0,200000,0.131,2.2521883032665704,1.6,0.132095,5010,5621576716597024629,160.0,P4-ladder
0.0,0.0,0.0,200000,0.131,2.260196451778171,1.6,0.13038,5011,3554379718881242586,160.0,P4-ladder
0.0,0.0,0.0,200000,0.131,2.8033418095683906,1.6,0.13061,5012,11039887152509298190,160.0,P4-ladder
0.637095,0.54299,0.637825,200000,0.131,84.60113652626266,1.6,0.13153,5013,12524728465047263883,160.0,P4-ladder
0.634155,0.631115,0.63402,200000,0.131,89.66049168274682,1.6,0.13084,5014,459327698669380450,160.0,P4-ladder
0.0,5e-06,0.0,200000,0.131,3.2753005281577154,1.6,0.13174,5015,11043035901127265250,160.0,P4-ladder
0.0,0.0,0.0,200000,0.131,2.700151299283307,1.6,0.131325,5016,1259216810307354490,160.0,P4-ladder
0.0,0.0,0.0,200000,0.131,1.9690721882355138,1.6,0.130775,5017,16498799643234149451,160.0,P4-ladder
0.0,4.5e-05,0.0,200000,0.131,2.5819357493975876,1.6,0.13077,5018,120270620340244480,160.0,P4-ladder
0.640045,0.604795,0.63521,200000,0.131,86.25840000992946,1.6,0.13197,5019,5888998606854528181,160.0,P4-ladder
0.0,0.003415,0.0,200000,0.131,4.306166722555764,1.6,0.130675,5020,1963191456863977259,160.0,P4-ladder
0.0,5e-06,0.0,200000,0.131,2.9100918113213137,1.6,0.12976,5021,7311175527603072493,160.0,P4-ladder
0.0,0.0,0.0,200000,0.131,2.90471884256973,1.6,0.131355,5022,15479438635203982700,160.0,P4-ladder
0.0,0.0,0.0,200000,0.131,2.529141041812902,1.6,0.130365,5023,1301462932365587167,160.0,P4-ladder
0.0,0.0,0.0,200000,0.131,2.2316447811944817,1.6,0.131005,5024,254230643200753228,160.0,P4-ladder
0.0,0.0,0.0,200000,0.131,3.1699548232485575,1.6,0.130995,5025,296918590271897049,160.0,P4-ladder
0.0,0.0,0.0,200000,0.131,2.7283320158215125,1.6,0.131595,5026,14419452700293645645,160.0,P4-ladder
0.0,0.00591,0.0,200000,0.131,4.43294821467651,1.6,0.13187,5027,7676292925780901935,160.0,P4-ladder
0.0,0.0,0.0,200000,0.131,2.8135777472028294,1.6,0.130685,5028,7631600534363998889,160.0,P4-ladder
0.0,0.0,0.0,200000,0.131,2.6101505407713916,1.6,0.13109,5029,8837311512853952656,160.0,P4-ladder
0.63608,0.609315,0.636155,200000,0.131,86.6438639202665,1.6,0.131915,5030,18028828825053765234,160.0,P4-ladder
0.0,0.0,0.0,200000,0.131,2.1184104542485365,1.6,0.129905,5031,7119497453515168844,160.0,P4-ladder
0.0,0.0,0.0,200000,0.131,2.07637464607456,1.6,0.13168,5032,14941657448745228238,160.0,P4-ladder
0.0,0.0,0.0,200000,0.131,2.1251905368072923,1.6,0.130535,5033,13955759731821079100,160.0,P4-ladder
0.0,0.0,0.0,200000,0.131,2.4608797513168574,1.6,0.13028,5034,13290251919213260848,160.0,P4-ladder
0.636885,0.62406,0.634615,200000,0.131,87.84976803663885,1.6,0.13262,5035,13550039872649897992,160.0,P4-ladder
0.0,0.0,0.0,200000,0.131,2.8080575945319612,1.6,0.131295,5036,14462905626003488206,160.0,P4-ladder
0.636255,0.600095,0.63819,200000,0.131,86.27780555154715,1.6,0.131625,5037,14523088142423574212,160.0,P4-ladder
0.0,0.0,0.0,200000,0.131,2.5984626097456704,1.6,0.1305,5038,4526470474172941528,160.0,P4-ladder
0.636575,0.630015,0.637505,200000,0.131,89.95904307171453,1.6,0.13306,5039,13755792572015477241,160.0,P4-ladder
0.0,0.0,0.0,200000,0.131,2.8279619592394156,1.6,0.13087,5040,12479975759365770509,160.0,P4-ladder
0.0,0.0,0.0,200000,0.131,2.7460468430735947,1.6,0.13243,5041,892532765235780607,160.0,P4-ladder
0.0,0.0,0.0,200000,0.131,3.1050019487210205,1.6,0.13103,5042,6499521495702566944,160.0,P4-ladder
0.638445,0.618135,0.637185,200000,0.131,87.1440851565936,1.6,0.13203,5043,13625073364936343348,160.0,P4-ladder
0.634755,0.63657,0.63488,200000,0.131,90.74755384853836,1.6,0.131525,5044,7381179983277735383,160.0,P4-ladder
0.0,0.0,0.0,200000,0.131,2.0523134173938136,1.6,0.130195,5045,15633152310093120729,160.0,P4-ladder
0.0,0.0,0.0,200000,0.131,2.5959733993364162,1.6,0.130875,5046,12390537225314002621,160.0,P4-ladder
0.0,0.0,0.0,200000,0.131,2.049639380176426,1.6,0.13066,5047,986048767623123709,160.0,P4-ladder
0.0,0.0,0.0,200000,0.131,2.5068541513466274,1.6,0.13205,5048,6506484137765156802,160.0,P4-ladder
0.63711,0.628745,0.63731,200000,0.131,88.57094278300715,1.6,0.13086,5049,10812964041200571759,160.0,P4-ladder
0.0,0.0,0.0,200000,0.131,2.1679872808524023,1.6,0.13038,5050,13890465822219643429,160.0,P4-ladder
0.0,0.0,0.0,200000,0.131,2.6054048721078895,1.6,0.131215,5051,4592884749147069351,160.0,P4-ladder
0.0,0.0,0.0,200000,0.131,3.5742143310361296,1.6,0.131785,5052,2303010118873785157,160.0,P4-ladder
0.63653,0.614815,0.633375,200000,0.131,86.77290276015395,1.6,0.130255,5053,12331112877433957594,160.0,P4-ladder
0.6351,0.632935,0.63618,200000,0.131,89.3125256733719,1.6,0.13217,5054,9210428558411068095,160.0,P4-ladder
0.63798,0.486035,0.636815,200000,0.131,83.57059533237856,1.6,0.13152,5055,10980742997884665093,160.0,P4-ladder
0.0,5.5e-05,0.0,200000,0.131,3.5064698382501085,1.6,0.130415,5056,14497585406711026358,160.0,P4-ladder
0.0,0.0,0.0,200000,0.131,2.4723644030914023,1.6,0.130265,5057,14387536761556824902,160.0,P4-ladder
0.0,0.0,0.0,200000,0.131,2.0221389362984925,1.6,0.129315,5058,14265014579359599577,160.0,P4-ladder
0.0,0.0,0.0,200000,0.131,2.7963613017629703,1.6,0.13031,5059,15297480815698248383,160.0,P4-ladder
0.638355,0.640035,0.638055,200000,0.136,91.2666912022447,1.6,0.13621,5000,7390606814260758624,160.0,P4-ladder
0.63687,0.632205,0.63785,200000,0.136,89.79822352568208,1.6,0.135485,5001,6880997207953299092,160.0,P4-ladder
0.640275,0.63422,0.637105,200000,0.136,91.3423794102861,1.6,0.137285,5002,13744218477783244261,160.0,P4-ladder
0.633855,0.63732,0.63513,200000,0.136,90.8320842423658,1.6,0.137505,5003,2737872521351812939,160.0,P4-ladder
0.63783,0.56209,0.634235,200000,0.136,85.00414639950677,1.6,0.13569,5004,6764412537712742393,160.0,P4-ladder
0.638605,0.638835,0.637035,200000,0.136,90.64772520701494,1.6,0.13544,5005,17077860806785398034,160.0,P4-ladder
0.63499,0.633325,0.635055,200000,0.136,90.35304603933845,1.6,0.13682,5006,2044763695536384960,160.0,P4-ladder
0.635835,0.61417,0.63615,200000,0.136,86.88482196847076,1.6,0.13509,5007,13713727294473796011,160.0,P4-ladder
0.63888,0.63536,0.63554,200000,0.136,91.3085680852255,1.6,0.13645,5008,5912731596064181266,160.0,P4-ladder
0.634365,0.63488,0.637095,200000,0.136,90.24801933150684,1.6,0.13533,5009,11084581613828767410,160.0,P4-ladder
0.637345,0.638605,0.63691,200000,0.136,92.58458973813438,1.6,0.13719,5010,17553973375894173655,160.0,P4-ladder
0.63497,0.637845,0.633345,200000,0.136,92.46548933294821,1.6,0.13642,5011,11979657198721008244,160.0,P4-ladder
0.63379,0.635765,0.63445,200000,0.136,90.82950097571785,1.6,0.137165,5012,13786100173703710700,160.0,P4-ladder
0.63715,0.634375,0.63761,200000,0.136,91.68223481295878,1.6,0.13552,5013,4673022684820822373,160.0,P4-ladder
0.635375,0.6333,0.639895,200000,0.136,89.70869834426179,1.6,0.13487,5014,13976722594751381979,160.0,P4-ladder
0.0,0.000565,0.0,200000,0.136,3.9135973713218815,1.6,0.13615,5015,7130868372580561142,160.0,P4-ladder
0.63285,0.633895,0.6374,200000,0.136,92.35802370871049,1.6,0.13639,5016,8029078460782364580,160.0,P4-ladder
0.63647,0.61704,0.63665,200000,0.136,87.29891904940344,1.6,0.135065,5017,15626465581841678468,160.0,P4-ladder
0.635745,0.630955,0.638425,200000,0.136,90.25284842460076,1.6,0.135215,5018,8246107184959337173,160.0,P4-ladder
0.636325,0.636505,0.636235,200000,0.136,90.88724992680939,1.6,0.13629,5019,1028126998806260071,160.0,P4-ladder
0.63517,0.63784,0.63737,200000,0.136,90.65753581934838,1.6,0.13646,5020,3339031657199785837,160.0,P4-ladder
0.63823,0.635805,0.63882,200000,0.136,92.21177283237796,1.6,0.136405,5021,764341514487082843,160.0,P4-ladder
0.638175,0.636895,0.63568,200000,0.136,91.3374271412302,1.6,0.13747,5022,3496967976022207747,160.0,P4-ladder
0.636395,0.63162,0.638625,200000,0.136,89.45290247074269,1.6,0.1365,5023,13348268886529659252,160.0,P4-ladder
0.63355,0.63735,0.63762,200000,0.136,91.76438678223184,1.6,0.13643,5024,3896425791682202403,160.0,P4-ladder
0.634615,0.63468,0.634465,200000,0.136,93.09117486353098,1.6,0.136425,5025,16530953986293090939,160.0,P4-ladder
0.639125,0.63221,0.63571,200000,0.136,90.91756664208651,1.6,0.13528,5026,1986718677147427898,160.0,P4-ladder
0.0,0.06235,0.0,200000,0.136,5.479965793323589,1.6,0.1356,5027,16888203069826072961,160.0,P4-ladder
0.63619,0.63319,0.635575,200000,0.136,89.13584753267041,1.6,0.135275,5028,16024441003638979243,160.0,P4-ladder
0.0,0.0,0.0,200000,0.136,3.0601913744936198,1.6,0.135655,5029,11301148755666691275,160.0,P4-ladder
0.63451,0.63231,0.6338,200000,0.136,91.10498115402359,1.6,0.13605,5030,12878184170714246581,160.0,P4-ladder
0.63517,0.637755,0.636095,200000,0.136,91.19504472912965,1.6,0.13667,5031,7074416451562534223,160.0,P4-ladder
0.635165,0.629245,0.634785,200000,0.136,89.30490871404395,1.6,0.1357,5032,246342877473572589,160.0,P4-ladder
0.63742,0.632105,0.638135,200000,0.136,90.88584556457951,1.6,0.135745,5033,17430798029002761680,160.0,P4-ladder
0.633965,0.636035,0.635825,200000,0.136,93.14402321708857,1.6,0.13674,5034,901356449122617071,160.0,P4-ladder
0.633105,0.636645,0.63836,200000,0.136,93.17069154053418,1.6,0.13623,5035,8806248350692822374,160.0,P4-ladder
0.63539,0.635285,0.6363,200000,0.136,89.69109492254242,1.6,0.134905,5036,9625903337046335360,160.0,P4-ladder
0.63388,0.63333,0.636135,200000,0.136,91.17906291818771,1.6,0.13418,5037,18331291929326250756,160.0,P4-ladder
0.635765,0.60606,0.63611,200000,0.136,86.4659277936142,1.6,0.1358,5038,10772771534765720421,160.0,P4-ladder
0.6373,0.630355,0.636215,200000,0.136,91.6920283763395,1.6,0.13542,5039,2103416576431083910,160.0,P4-ladder
0.63623,0.56325,0.63654,200000,0.136,85.05000158840362,1.6,0.13572,5040,5345287945899509009,160.0,P4-ladder
0.637115,0.63499,0.636935,200000,0.136,89.85478210561979,1.6,0.13562,5041,9818798538481862285,160.0,P4-ladder
0.638525,0.633155,0.636215,200000,0.136,90.52996483430182,1.6,0.134855,5042,16801396136287694528,160.0,P4-ladder
0.0,0.0,0.0,200000,0.136,2.7515985902170854,1.6,0.13503,5043,5810547083288190130,160.0,P4-ladder
0.63682,0.637735,0.634275,200000,0.136,92.08075323392376,1.6,0.135785,5044,17001042948377039792,160.0,P4-ladder
0.63763,0.63484,0.640035,200000,0.136,92.14856845434353,1.6,0.1358,5045,10626334533763217183,160.0,P4-ladder
0.636795,0.634435,0.635375,200000,0.136,91.65204261704946,1.6,0.135825,5046,13688900583217622372,160.0,P4-ladder
0.637665,0.637395,0.63478,200000,0.136,92.4712505192083,1.6,0.135375,5047,6104125998951442787,160.0,P4-ladder
0.635265,0.63217,0.63679,200000,0.136,89.92496139474697,1.6,0.13426,5048,5942669349428336759,160.0,P4-ladder
0.635615,0.63597,0.63714,200000,0.136,91.95168839610498,1.6,0.135845,5049,2544674081346751630,160.0,P4-ladder
0.63958,0.63169,0.63814,200000,0.136,90.20177013380167,1.6,0.13676,5050,3208711441626675284,160.0,P4-ladder
0.63529,0.636,0.6343,200000,0.136,89.48394147406029,1.6,0.13498,5051,11461623052465720008,160.0,P4-ladder
0.637255,0.63133,0.637955,200000,0.136,89.5873491052495,1.6,0.135015,5052,3254304703056599724,160.0,P4-ladder
0.634195,0.63695,0.636035,200000,0.136,91.24419172191979,1.6,0.136655,5053,5370693844367267177,160.0,P4-ladder
0.635405,0.637015,0.63779,200000,0.136,91.96747553785673,1.6,0.135885,5054,13645497674491937105,160.0,P4-ladder
0.639435,0.634865,0.63568,200000,0.136,91.92693476013862,1.6,0.13569,5055,10283559488384750721,160.0,P4-ladder
0.0,0.0,0.0,200000,0.136,2.956957934277486,1.6,0.135305,5056,2010426083894580157,160.0,P4-ladder
0.637025,0.63177,0.634575,200000,0.136,89.29522655366078,1.6,0.136435,5057,9090052701215201114,160.0,P4-ladder
0.635615,0.631195,0.636795,200000,0.136,89.41549242655346,1.6,0.13523,5058,10350456456704349058,160.0,P4-ladder
0.637245,0.63215,0.63914,200000,0.136,91.0843138736862,1.6,0.136415,5059,16173665634388158903,160.0,P4-ladder
0.63532,0.635455,0.63714,200000,0.145,94.64753573673734,1.6,0.14568,5000,8338731653778950623,160.0,P4-ladder
0.634065,0.636025,0.63623,200000,0.145,93.1235264246384,1.6,0.14459,5001,10368515318044019686,160.0,P4-ladder
0.63785,0.63573,0.636505,200000,0.145,94.28205320982413,1.6,0.146245,5002,9122218710629706478,160.0,P4-ladder
0.63468,0.63913,0.637075,200000,0.145,94.5891981960066,1.6,0.144765,5003,298274388914380040,160.0,P4-ladder
0.63699,0.636555,0.63636,200000,0.145,93.82248079626773,1.6,0.144815,5004,2280475875314446239,160.0,P4-ladder
0.63888,0.63634,0.640225,200000,0.145,94.45408102141872,1.6,0.1465,5005,15766743974681558688,160.0,P4-ladder
0.634745,0.63389,0.63483,200000,0.145,94.38926450226377,1.6,0.14487,5006,7917822990369135981,160.0,P4-ladder
0.635715,0.638285,0.63864,200000,0.145,94.28649572844839,1.6,0.14489,5007,17468671012377817256,160.0,P4-ladder
0.637425,0.63193,0.63356,200000,0.145,93.75530185152108,1.6,0.147115,5008,5322240825693824861,160.0,P4-ladder
0.63728,0.63709,0.639355,200000,0.145,93.83492969756797,1.6,0.14442,5009,2716714524483435959,160.0,P4-ladder
0.637135,0.63503,0.63619,200000,0.145,94.47412907432759,1.6,0.14506,5010,8422546500297609306,160.0,P4-ladder
0.63347,0.63738,0.63774,200000,0.145,94.33879705469738,1.6,0.14523,5011,5200773517097967371,160.0,P4-ladder
0.638,0.63725,0.63899,200000,0.145,93.48636594514713,1.6,0.14551,5012,7104021902459621510,160.0,P4-ladder
0.63595,0.635535,0.63918,200000,0.145,94.35560823210423,1.6,0.14576,5013,16266071243392692451,160.0,P4-ladder
0.640745,0.635415,0.63908,200000,0.145,94.45533328992019,1.6,0.145875,5014,14134314353279089903,160.0,P4-ladder
0.63401,0.63653,0.636695,200000,0.145,93.98727707618438,1.6,0.145395,5015,9368218098997183126,160.0,P4-ladder
0.638235,0.635935,0.635725,200000,0.145,94.33419873753209,1.6,0.14549,5016,16602817935153851546,160.0,P4-ladder
0.63602,0.63825,0.63839,200000,0.145,94.03188458005894,1.6,0.14437,5017,6161742180467686129,160.0,P4-ladder
0.638385,0.63732,0.638975,200000,0.145,93.6885793513698,1.6,0.1455,5018,13980027802473656420,160.0,P4-ladder
0.638455,0.637315,0.63338,200000,0.145,93.63493569214602,1.6,0.14472,5019,3932161422283864793,160.0,P4-ladder
0.637125,0.637765,0.63779,200000,0.145,93.83366614908581,1.6,0.14609,5020,14144282542918134078,160.0,P4-ladder
0.635325,0.63647,0.636185,200000,0.145,94.30757519004592,1.6,0.14643,5021,14034387440339366143,160.0,P4-ladder
0.638075,0.6338,0.637435,200000,0.145,94.05559532575745,1.6,0.145945,5022,8150411656905007200,160.0,P4-ladder
0.637025,0.6358,0.63688,200000,0.145,94.39553557018654,1.6,0.145035,5023,3890679543613832172,160.0,P4-ladder
0.63502,0.637565,0.63598,200000,0.145,94.03119240798958,1.6,0.14533,5024,12426533417464354275,160.0,P4-ladder
0.637105,0.63598,0.634225,200000,0.145,93.72022644786153,1.6,0.14463,5025,5586563907456880431,160.0,P4-ladder
0.636545,0.634305,0.638505,200000,0.145,94.53445119165626,1.6,0.14519,5026,17748047222597838452,160.0,P4-ladder
0.63524,0.635845,0.63522,200000,0.145,94.32619787795652,1.6,0.14391,5027,2587884081717249230,160.0,P4-ladder
0.63461,0.636685,0.63539,200000,0.145,94.89041667613324,1.6,0.14677,5028,16047299219693882459,160.0,P4-ladder
0.63791,0.63968,0.63352,200000,0.145,94.59230075751302,1.6,0.14658,5029,8080893523677504513,160.0,P4-ladder
0.63697,0.637175,0.63683,200000,0.145,94.56371312026413,1.6,0.144055,5030,7212245262415386779,160.0,P4-ladder
0.63743,0.635735,0.637375,200000,0.145,94.2927191468555,1.6,0.1453,5031,12562400861220909700,160.0,P4-ladder
0.63519,0.636205,0.63901,200000,0.145,92.7597687589274,1.6,0.14434,5032,14860844063692257473,160.0,P4-ladder
0.63766,0.63629,0.635305,200000,0.145,94.46078802476676,1.6,0.145705,5033,12146980110357898405,160.0,P4-ladder
0.637745,0.63562,0.63752,200000,0.145,93.82458796065299,1.6,0.14508,5034,177069444023210424,160.0,P4-ladder
0.6372,0.637615,0.63857,200000,0.145,94.52479422627019,1.6,0.145085,5035,13237908273250325904,160.0,P4-ladder
0.633955,0.638445,0.639495,200000,0.145,93.9543519197232,1.6,0.144595,5036,9453623155365550193,160.0,P4-ladder
0.635515,0.637215,0.63596,200000,0.145,95.12530614746034,1.6,0.14574,5037,3492787122868386445,160.0,P4-ladder
0.636075,0.63458,0.63629,200000,0.145,93.56993928807444,1.6,0.144785,5038,2380933502305034981,160.0,P4-ladder
0.63956,0.63708,0.636825,200000,0.145,94.40983877195401,1.6,0.144105,5039,84049111064595755,160.0,P4-ladder
0.63552,0.636285,0.63812,200000,0.145,94.33248405910639,1.6,0.146145,5040,12821076609293362887,160.0,P4-ladder
0.638375,0.63608,0.636065,200000,0.145,93.99770319972859,1.6,0.14536,5041,6275466893606618793,160.0,P4-ladder
0.635305,0.63762,0.63531,200000,0.145,94.82679728378393,1.6,0.14654,5042,7622987590514394132,160.0,P4-ladder
0.637175,0.638825,0.637385,200000,0.145,92.92206291783809,1.6,0.144035,5043,7294121693984939473,160.0,P4-ladder
0.637695,0.63577,0.63497,200000,0.145,93.84253039907613,1.6,0.145745,5044,1019000386651520229,160.0,P4-ladder
0.63705,0.6369,0.636925,200000,0.145,94.50064795523592,1.6,0.14384,5045,11692218598728811099,160.0,P4-ladder
0.63564,0.637635,0.638915,200000,0.145,93.82020523716885,1.6,0.14617,5046,17083224201874941087,160.0,P4-ladder
0.635915,0.637975,0.63819,200000,0.145,94.19638298073511,1.6,0.14489,5047,5042396105625676434,160.0,P4-ladder
0.633675,0.63682,0.63759,200000,0.145,94.18627020263041,1.6,0.144415,5048,3954011108109525352,160.0,P4-ladder
0.63574,0.635705,0.63758,200000,0.145,94.05404449772779,1.6,0.14572,5049,15439067630709859334,160.0,P4-ladder
0.63716,0.634545,0.6322,200000,0.145,93.60971504130265,1.6,0.14603,5050,6438719942113762880,160.0,P4-ladder
0.636975,0.63369,0.634985,200000,0.145,93.6967759323246,1.6,0.145665,5051,12118619050667892119,160.0,P4-ladder
0.63799,0.63975,0.637485,200000,0.145,93.72510275032364,1.6,0.14407,5052,15504180254683864069,160.0,P4-ladder
0.63518,0.63585,0.63669,200000,0.145,93.63655812248791,1.6,0.14463,5053,10004159767081080874,160.0,P4-ladder
0.635005,0.63854,0.632785,200000,0.145,94.20003375547908,1.6,0.142215,5054,9872883535358887068,160.0,P4-ladder
0.635435,0.63636,0.637275,200000,0.145,94.13431293584956,1.6,0.14545,5055,9214199133177162238,160.0,P4-ladder
0.63472,0.63454,0.6373,200000,0.145,93.2868088838955,1.6,0.14428,5056,8468944915508262829,160.0,P4-ladder
0.63682,0.64067,0.63711,200000,0.145,95.04544624641103,1.6,0.144715,5057,18127321220333197800,160.0,P4-ladder
0.634745,0.63571,0.635965,200000,0.145,94.18034487282621,1.6,0.145305,5058,17526774573367063740,160.0,P4-ladder
0.636045,0.63646,0.63613,200000,0.145,93.7334099108397,1.6,0.145805,5059,3473039267902930771,160.0,P4-ladder
0.0,0.0,0.0,200000,0.035,0.3961609712059579,1.75,0.03478,5000,9399739130354631253,160.0,P4-ladder
0.0,0.0,0.0,200000,0.035,0.455524774779664,1.75,0.035665,5001,15614300460384991786,160.0,P4-ladder
0.0,0.0,0.0,200000,0.035,0.44040795088051754,1.75,0.03534,5002,14149562533743372094,160.0,P4-ladder
0.0,0.0,0.0,200000,0.035,0.32350387385816803,1.75,0.035275,5003,16965882321006332533,160.0,P4-ladder
0.0,0.0,0.0,200000,0.035,0.44075462612182253,1.75,0.03449,5004,17889044462777896351,160.0,P4-ladder
0.0,0.0,0.0,200000,0.035,0.46618150293503313,1.75,0.03448,5005,11140587138404681758,160.0,P4-ladder
0.0,0.0,0.0,200000,0.035,0.3555108345132328,1.75,0.034805,5006,9671953369409063582,160.0,P4-ladder
0.0,0.0,0.0,200000,0.035,0.370527152070145,1.75,0.035115,5007,534848555967066837,160.0,P4-ladder
0.0,0.0,0.0,200000,0.035,0.4013941037452098,1.75,0.0348,5008,10076080307831060039,160.0,P4-ladder
0.0,0.0,0.0,200000,0.035,0.4586661272860921,1.75,0.03545,5009,9384899076751846955,160.0,P4-ladder
0.0,0.0,0.0,200000,0.035,0.42358816289874335,1.75,0.034785,5010,17464744982339027354,160.0,P4-ladder
0.0,0.0,0.0,200000,0.035,0.38746393225954484,1.75,0.034785,5011,1989895476271546729,160.0,P4-ladder
0.0,0.0,0.0,200000,0.035,0.36310651270893346,1.75,0.03511,5012,7502764792116286168,160.0,P4-ladder
0.0,0.0,0.0,200000,0.035,0.38626833729709076,1.75,0.03567,5013,3472805692827192740,160.0,P4-ladder
0.0,0.0,0.0,200000,0.035,0.3988325394029086,1.75,0.03479,5014,17105571022560683230,160.0,P4-ladder
0.0,0.0,0.0,200000,0.035,0.4069847129960647,1.75,0.034775,5015,14665720204032983454,160.0,P4-ladder
0.0,0.0,0.0,200000,0.035,0.3675414750760513,1.75,0.03492,5016,9614741252469774496,160.0,P4-ladder
0.0,0.0,0.0,200000,0.035,0.38463051940666076,1.75,0.034575,5017,7217783507457528102,160.0,P4-ladder
0.0,0.0,0.0,200000,0.035,0.4145812320282326,1.75,0.03516,5018,10382375732015234704,160.0,P4-ladder
0.0,0.0,0.0,200000,0.035,0.38794868300185126,1.75,0.03502,5019,5769566497967387545,160.0,P4-ladder
0.0,0.0,0.0,200000,0.035,0.3762106844542107,1.75,0.03462,5020,5371894255340407604,160.0,P4-ladder
0.0,0.0,0.0,200000,0.035,0.38211848684086464,1.75,0.03507,5021,4456992821989683427,160.0,P4-ladder
0.0,0.0,0.0,200000,0.035,0.4115164729422209,1.75,0.03453,5022,345231619139686243,160.0,P4-ladder
0.0,0.0,0.0,200000,0.035,0.4071605623377849,1.75,0.035,5023,4399398841294900221,160.0,P4-ladder
0.0,0.0,0.0,200000,0.035,0.4048877297380942,1.75,0.0347,5024,3913487165486040676,160.0,P4-ladder
0.0,0.0,0.0,200000,0.035,0.42989020632887026,1.75,0.034385,5025,11170261088809666375,160.0,P4-ladder
0.0,0.0,0.0,200000,0.035,0.44054130771787947,1.75,0.03495,5026,4369285998444158810,160.0,P4-ladder
0.0,0.0,0.0,200000,0.035,0.4113134901044209,1.75,0.034625,5027,10725901513746858790,160.0,P4-ladder
0.0,0.0,0.0,200000,0.035,0.43078502225726734,1.75,0.035975,5028,2614014878504915550,160.0,P4-ladder
0.0,0.0,0.0,200000,0.035,0.335675846110112,1.75,0.034725,5029,17799994841213849439,160.0,P4-ladder
0.0,0.0,0.0,200000,0.035,0.39805964142827716,1.75,0.034655,5030,4020082653790597740,160.0,P4-ladder
0.0,0.0,0.0,200000,0.035,0.49992130208845714,1.75,0.03518,5031,11393535952019996428,160.0,P4-ladder
0.0,0.0,0.0,200000,0.035,0.424436524709238,1.75,0.035255,5032,15183040408791412342,160.0,P4-ladder
0.0,0.0,0.0,200000,0.035,0.4372487918644562,1.75,0.035225,5033,782276342737794927,160.0,P4-ladder
0.0,0.0,0.0,200000,0.035,0.42461027544812624,1.75,0.034555,5034,16232083754774137219,160.0,P4-ladder
0.0,0.0,0.0,200000,0.035,0.41340666196845,1.75,0.03459,5035,2800768087307784228,160.0,P4-ladder
0.0,0.0,0.0,200000,0.035,0.4159189751258965,1.75,0.03485,5036,7264461303125776097,160.0,P4-ladder
0.0,0.0,0.0,200000,0.035,0.39567691185842224,1.75,0.03542,5037,4132232912120110585,160.0,P4-ladder
0.0,0.0,0.0,200000,0.035,0.4358787005968327,1.75,0.03537,5038,12850358124882562967,160.0,P4-ladder
0.0,0.0,0.0,200000,0.035,0.4370646729348865,1.75,0.03542,5039,15229991023829836287,160.0,P4-ladder
0.0,0.0,0.0,200000,0.035,0.4525462002425678,1.75,0.03517,5040,16901262200813885885,160.0,P4-ladder
0.0,0.0,0.0,200000,0.035,0.47980816659560943,1.75,0.034885,5041,17481176873859203473,160.0,P4-ladder
0.0,0.0,0.0,200000,0.035,0.41253684023325077,1.75,0.034855,5042,3860134427939150970,160.0,P4-ladder
0.0,1e-05,0.0,200000,0.035,0.3824324117990748,1.75,0.034345,5043,9954260330662880310,160.0,P4-ladder
0.0,0.0,0.0,200000,0.035,0.41160528751675346,1.75,0.03504,5044,17878363798445518675,160.0,P4-ladder
0.0,0.0,0.0,200000,0.035,0.40034060039966796,1.75,0.03517,5045,710687326873725293,160.0,P4-ladder
0.0,0.0,0.0,200000,0.035,0.5251509494021678,1.75,0.0353,5046,3623892827482455109,160.0,P4-ladder
0.0,0.0,0.0,200000,0.035,0.44632283187640603,1.75,0.034115,5047,10482947713679318426,160.0,P4-ladder
0.0,0.0,0.0,200000,0.035,0.36538656449287127,1.75,0.034495,5048,8906987449129869136,160.0,P4-ladder
0.0,0.0,0.0,200000,0.035,0.4481013948808826,1.75,0.034705,5049,14993097675523019828,160.0,P4-ladder
0.0,0.0,0.0,200000,0.035,0.43115872939327937,1.75,0.03532,5050,12558414208508719991,160.0,P4-ladder
0.0,0.0,0.0,200000,0.035,0.4497816534916336,1.75,0.035045,5051,10322781913767504176,160.0,P4-ladder
0.0,0.0,0.0,200000,0.035,0.36448622863780206,1.75,0.035005,5052,12483561597777391835,160.0,P4-ladder
0.0,0.0,0.0,200000,0.035,0.36355270159474,1.75,0.034835,5053,16149589835041415867,160.0,P4-ladder
0.0,0.0,0.0,200000,0.035,0.4195334309550586,1.75,0.034245,5054,14759277877163240577,160.0,P4-ladder
0.0,0.0,0.0,200000,0.035,0.362986088200919,1.75,0.03467,5055,8975768941278945733,160.0,P4-ladder
0.0,0.0,0.0,200000,0.035,0.49315275396921554,1.75,0.03527,5056,1701471271111982178,160.0,P4-ladder
0.0,0.0,0.0,200000,0.035,0.4272474786800338,1.75,0.034565,5057,481243339680658659,160.0,P4-ladder
0.0,0.0,0.0,200000,0.035,0.43007132539714277,1.75,0.03484,5058,12116595628953432394,160.0,P4-ladder
0.0,0.0,0.0,200000,0.035,0.4135831139366501,1.75,0.03595,5059,16534108864407071057,160.0,P4-ladder
0.0,0.0,0.0,200000,0.038,0.4545630001416424,1.75,0.03779,5000,17613402609463102936,160.0,P4-ladder
0.0,0.0,0.0,200000,0.038,0.4857868623555069,1.75,0.03822,5001,6425575279963619719,160.0,P4-ladder
0.0,0.0,0.0,200000,0.038,0.4459358836489175,1.75,0.03744,5002,1331152529953154624,160.0,P4-ladder
0.0,0.0,0.0,200000,0.038,0.5173893066891809,1.75,0.03802,5003,10387539616905393844,160.0,P4-ladder
0.0,0.0,0.0,200000,0.038,0.5455440815455543,1.75,0.03812,5004,1076863845482796477,160.0,P4-ladder
0.0,0.0,0.0,200000,0.038,0.6825853738388399,1.75,0.037645,5005,4225856655384419543,160.0,P4-ladder
0.0,0.0,0.0,200000,0.038,0.4679276498636539,1.75,0.037055,5006,10221279561253273905,160.0,P4-ladder
0.0,0.0,0.0,200000,0.038,0.45321604120161996,1.75,0.03835,5007,16004969991676651876,160.0,P4-ladder
0.0,0.0,0.0,200000,0.038,0.5196234327308389,1.75,0.03805,5008,3937191839917700349,160.0,P4-ladder
0.0,0.0,0.0,200000,0.038,0.6047999200013512,1.75,0.03775,5009,3834499090718976438,160.0,P4-ladder
0.0,0.0,0.0,200000,0.038,0.4960415374995905,1.75,0.03772,5010,11040348146030315731,160.0,P4-ladder
0.0,0.0,0.0,200000,0.038,0.5209233159577366,1.75,0.03787,5011,9147328952754999157,160.0,P4-ladder
0.0,0.0,0.0,200000,0.038,0.5395067342644734,1.75,0.037685,5012,15600034510112733188,160.0,P4-ladder
0.0,0.0,0.0,200000,0.038,0.47516552044901794,1.75,0.038365,5013,3288545762290246262,160.0,P4-ladder
0.0,0.0,0.0,200000,0.038,0.5539491311814279,1.75,0.037975,5014,4151616414062332143,160.0,P4-ladder
0.0,0.0,0.0,200000,0.038,0.5721585583375967,1.75,0.037945,5015,8182403332436396086,160.0,P4-ladder
0.0,0.0,0.0,200000,0.038,0.4821702353939736,1.75,0.0381,5016,10913952179771211014,160.0,P4-ladder
0.0,0.0,0.0,200000,0.038,0.5543313266522651,1.75,0.037605,5017,3279460466516009527,160.0,P4-ladder
0.0,0.0,0.0,200000,0.038,0.5164062830707661,1.75,0.03867,5018,5707357241233868631,160.0,P4-ladder
0.0,0.0,0.0,200000,0.038,0.530195940432879,1.75,0.03765,5019,13000337932111775681,160.0,P4-ladder
0.0,0.0,0.0,200000,0.038,0.7763155294035606,1.75,0.038135,5020,10139280583948402350,160.0,P4-ladder
0.0,0.0,0.0,200000,0.038,0.5402007515978731,1.75,0.038275,5021,10681737525800866588,160.0,P4-ladder
0.0,0.0,0.0,200000,0.038,0.5098445693942332,1.75,0.03877,5022,10939753964299368049,160.0,P4-ladder
0.0,0.0,0.0,200000,0.038,0.6527358869084492,1.75,0.03847,5023,12460759383161419430,160.0,P4-ladder
0.0,0.0,0.0,200000,0.038,0.46661907068864034,1.75,0.03809,5024,14568741161229686825,160.0,P4-ladder
0.0,0.0,0.0,200000,0.038,0.5331773433341107,1.75,0.038105,5025,991218415118976730,160.0,P4-ladder
0.0,0.0,0.0,200000,0.038,0.5040463305136744,1.75,0.03793,5026,13976304976573389519,160.0,P4-ladder
0.0,0.0,0.0,200000,0.038,0.36140886251110504,1.75,0.0375,5027,14409387432092349196,160.0,P4-ladder
0.0,0.0,0.0,200000,0.038,0.5230729428012152,1.75,0.037885,5028,13615326395839925841,160.0,P4-ladder
0.0,0.0,0.0,200000,0.038,0.5358784529187368,1.75,0.03783,5029,3381326888659112851,160.0,P4-ladder
0.0,0.0,0.0,200000,0.038,0.46242680206636366,1.75,0.03828,5030,1570594043506164153,160.0,P4-ladder
0.0,0.0,0.0,200000,0.038,0.47931584832713364,1.75,0.03817,5031,2036573663935779406,160.0,P4-ladder
0.0,0.0,0.0,200000,0.038,0.42929256859079096,1.75,0.037695,5032,3118654406378816852,160.0,P4-ladder
0.0,0.0,0.0,200000,0.038,0.5678901505363619,1.75,0.03868,5033,4018237742000284655,160.0,P4-ladder
0.0,0.0,0.0,200000,0.038,0.5503502332370086,1.75,0.03833,5034,7481808051059134839,160.0,P4-ladder
0.0,0.0,0.0,200000,0.038,0.653162179180655,1.75,0.038555,5035,12134496446517623141,160.0,P4-ladder
0.0,0.0,0.0,200000,0.038,0.5560673908230658,1.75,0.038465,5036,11170356454856669651,160.0,P4-ladder
0.0,0.0,0.0,200000,0.038,0.5188609991345079,1.75,0.03843,5037,13526061027803789172,160.0,P4-ladder
0.0,0.0,0.0,200000,0.038,0.5233675146915454,1.75,0.038315,5038,1309967806038262394,160.0,P4-ladder
0.0,0.0,0.0,200000,0.038,0.5108368065838497,1.75,0.037945,5039,15009369390924694313,160.0,P4-ladder
0.0,0.0,0.0,200000,0.038,0.5281249717977462,1.75,0.038385,5040,17363536679969322265,160.0,P4-ladder
0.0,0.0,0.0,200000,0.038,0.4862735586638768,1.75,0.037785,5041,5813035511382652445,160.0,P4-ladder
0.0,0.0,0.0,200000,0.038,0.49482516053095255,1.75,0.03801,5042,955248312872454589,160.0,P4-ladder
0.0,0.0,0.0,200000,0.038,0.498153642607792,1.75,0.038215,5043,13054363675550540011,160.0,P4-ladder
0.0,0.0,0.0,200000,0.038,0.48938615218849124,1.75,0.038515,5044,17671041643579114420,160.0,P4-ladder
0.0,0.0,0.0,200000,0.038,0.519113434300495,1.75,0.038215,5045,16528513958896319833,160.0,P4-ladder
0.0,0.0,0.0,200000,0.038,0.5670548007005133,1.75,0.038265,5046,18061747895858999204,160.0,P4-ladder
0.0,0.0,0.0,200000,0.038,0.5058155205225322,1.75,0.03795,5047,5996473775778332055,160.0,P4-ladder
0.0,0.0,0.0,200000,0.038,0.6234385677277712,1.75,0.037925,5048,17717768920492917484,160.0,P4-ladder
0.0,0.0,0.0,200000,0.038,0.43625116624800964,1.75,0.037785,5049,7707150961020149537,160.0,P4-ladder
0.0,0.0,0.0,200000,0.038,0.4824680952960863,1.75,0.037665,5050,102454390033833808,160.0,P4-ladder
0.0,0.0,0.0,200000,0.038,0.6068267315260801,1.75,0.037735,5051,4798964764479285430,160.0,P4-ladder
0.0,0.0,0.0,200000,0.038,0.47489872529465793,1.75,0.038555,5052,17927804106895439121,160.0,P4-ladder
0.0,0.0,0.0,200000,0.038,0.4973261259014656,1.75,0.03747,5053,854839928930583304,160.0,P4-ladder
0.0,0.0,0.0,200000,0.038,0.6237692642742163,1.75,0.03806,5054,17857971268485814044,160.0,P4-ladder
0.0,0.0,0.0,200000,0.038,0.4888133529433742,1.75,0.037645,5055,6930784411933964515,160.0,P4-ladder
0.0,0.0,0.0,200000,0.038,0.5022513728680709,1.75,0.038,5056,4354305874323993334,160.0,P4-ladder
0.0,0.0,0.0,200000,0.038,0.4736810520373472,1.75,0.037975,5057,3323485009241018062,160.0,P4-ladder
0.0,0.0,0.0,200000,0.038,0.5409681336547915,1.75,0.03733,5058,7793974095128768323,160.0,P4-ladder
0.0,0.0,0.0,200000,0.038,0.49601162352685113,1.75,0.037815,5059,7211723278635338731,160.0,P4-ladder
0.0,0.0,0.0,200000,0.041,0.6684733293454468,1.75,0.040405,5000,18012590470818775917,160.0,P4-ladder
0.0,0.0,0.0,200000,0.041,0.6508497590682539,1.75,0.04119,5001,5014163950595554871,160.0,P4-ladder
0.0,0.0,0.0,200000,0.041,0.7974609663925228,1.75,0.04058,5002,5576304343772928297,160.0,P4-ladder
0.0,0.0,0.0,200000,0.041,0.5797922936292799,1.75,0.040625,5003,2020694853144715117,160.0,P4-ladder
0.0,0.000165,0.0,200000,0.041,0.9397094075181157,1.75,0.04123,5004,16171662588569171114,160.0,P4-ladder
0.0,0.0,0.0,200000,0.041,0.7028706877538268,1.75,0.042115,5005,1850965955791206451,160.0,P4-ladder
0.0,0.0,0.0,200000,0.041,0.6983810253934382,1.75,0.041805,5006,16382712055537489186,160.0,P4-ladder
0.0,0.0,0.0,200000,0.041,0.9868869408712958,1.75,0.041375,5007,6488461025252173859,160.0,P4-ladder
0.0,0.0,0.0,200000,0.041,0.6166685676762075,1.75,0.041,5008,11615766947723772362,160.0,P4-ladder
0.0,0.0,0.0,200000,0.041,0.6212468833512353,1.75,0.04175,5009,5714553777314059433,160.0,P4-ladder
0.0,0.0,0.0,200000,0.041,0.704575055785923,1.75,0.040655,5010,1774129016396481773,160.0,P4-ladder
0.0,4e-05,0.0,200000,0.041,1.1251647719663551,1.75,0.04067,5011,10891706911056163262,160.0,P4-ladder
0.0,0.0,0.0,200000,0.041,0.6752012000459606,1.75,0.041455,5012,10331846089997331308,160.0,P4-ladder
0.0,0.0,0.0,200000,0.041,0.8450071900815836,1.75,0.0413,5013,16699194776651212291,160.0,P4-ladder
0.0,0.0,0.0,200000,0.041,0.6017845317978455,1.75,0.041025,5014,4859072464140936078,160.0,P4-ladder
0.0,6e-05,0.0,200000,0.041,1.39789373828195,1.75,0.04131,5015,16803114636296623676,160.0,P4-ladder
0.0,0.0,0.0,200000,0.041,0.8997016345583938,1.75,0.041385,5016,14526206947036493755,160.0,P4-ladder
0.0,0.0,0.0,200000,0.041,0.5926181113879518,1.75,0.04064,5017,13249219521358581320,160.0,P4-ladder
0.0,0.0,0.0,200000,0.041,0.708768094284263,1.75,0.04107,5018,17564501214564853767,160.0,P4-ladder
0.0,0.0,0.0,200000,0.041,0.6415130837545431,1.75,0.04059,5019,13687311607910506616,160.0,P4-ladder
0.0,0.0,0.0,200000,0.041,0.5687198106222634,1.75,0.04073,5020,18010075284361057022,160.0,P4-ladder
0.0,0.0,0.0,200000,0.041,0.5870093081526989,1.75,0.040495,5021,7155955941665180123,160.0,P4-ladder
0.0,0.0,0.0,200000,0.041,0.6917493000764634,1.75,0.040765,5022,8094533188547453041,160.0,P4-ladder
0.0,0.0,0.0,200000,0.041,0.6244924659855012,1.75,0.04118,5023,4404688564893988784,160.0,P4-ladder
0.0,0.0,0.0,200000,0.041,0.6441594328007616,1.75,0.04049,5024,10851976128567807730,160.0,P4-ladder
0.0,0.0,0.0,200000,0.041,0.7471233985352893,1.75,0.04068,5025,6334770300754723081,160.0,P4-ladder
0.0,0.0,0.0,200000,0.041,0.5217836917723397,1.75,0.04021,5026,5277584129279290924,160.0,P4-ladder
0.0,0.0,0.0,200000,0.041,0.8074720788990508,1.75,0.040825,5027,4224069467905852704,160.0,P4-ladder
0.0,0.0,0.0,200000,0.041,0.6431124060287617,1.75,0.04171,5028,11607168989920445458,160.0,P4-ladder
0.0,0.0,0.0,200000,0.041,0.8424446719166832,1.75,0.041175,5029,15689091305280844341,160.0,P4-ladder
0.0,0.0,0.0,200000,0.041,0.850291170010408,1.75,0.041215,5030,2510835683983379766,160.0,P4-ladder
0.0,0.0,0.0,200000,0.041,0.7581385684338432,1.75,0.04099,5031,10806272497366515811,160.0,P4-ladder
0.0,0.0,0.0,200000,0.041,0.6710238482432287,1.75,0.04088,5032,14601136716978254891,160.0,P4-ladder
0.0,0.0,0.0,200000,0.041,0.763297349769465,1.75,0.04149,5033,16148299532614571636,160.0,P4-ladder
0.0,0.0,0.0,200000,0.041,0.8291742455165967,1.75,0.040515,5034,16467439808442234274,160.0,P4-ladder
0.0,0.0,0.0,200000,0.041,0.7189133430485122,1.75,0.0409,5035,16581227794085781835,160.0,P4-ladder
0.0,0.0,0.0,200000,0.041,0.5702899973983084,1.75,0.040685,5036,12610725035692484973,160.0,P4-ladder
0.0,6.5e-05,0.0,200000,0.041,0.6731924122028851,1.75,0.041005,5037,16661483032300460237,160.0,P4-ladder
0.0,0.0,0.0,200000,0.041,0.7423558591620015,1.75,0.039985,5038,5735309453233658820,160.0,P4-ladder
0.0,0.0,0.0,200000,0.041,0.7500810059177788,1.75,0.041675,5039,8149983211664184380,160.0,P4-ladder
0.0,0.0,0.0,200000,0.041,0.6740835506797844,1.75,0.040535,5040,17965658314256301793,160.0,P4-ladder
0.0,0.0,0.0,200000,0.041,0.707280327201521,1.75,0.04093,5041,10038865180790201584,160.0,P4-ladder
0.0,0.0,0.0,200000,0.041,0.7907913834774315,1.75,0.04143,5042,6099183297398757936,160.0,P4-ladder
0.0,0.0,0.0,200000,0.041,0.6895457163997925,1.75,0.041215,5043,319651564203575859,160.0,P4-ladder
0.0,0.0,0.0,200000,0.041,0.853563630573827,1.75,0.04109,5044,683561631985390848,160.0,P4-ladder
0.0,0.0,0.0,200000,0.041,0.6831848974998598,1.75,0.04146,5045,4762777875269096872,160.0,P4-ladder
0.0,0.0,0.0,200000,0.041,0.7623641011827466,1.75,0.04139,5046,9976766945126047028,160.0,P4-ladder
0.0,0.0,0.0,200000,0.041,0.602511565223459,1.75,0.04041,5047,688815655792224001,160.0,P4-ladder
0.0,0.0,0.0,200000,0.041,0.789506591986487,1.75,0.040995,5048,16518902743415819403,160.0,P4-ladder
0.0,0.000455,0.0,200000,0.041,1.2063596901768632,1.75,0.04116,5049,15745881549830632671,160.0,P4-ladder
0.0,0.0,0.0,200000,0.041,0.6556342008201959,1.75,0.04145,5050,5932632942922013922,160.0,P4-ladder
0.0,0.0,0.0,200000,0.041,0.6530429376489505,1.75,0.040175,5051,6526508355013167632,160.0,P4-ladder
0.0,0.0,0.0,200000,0.041,0.6280009887536243,1.75,0.04073,5052,17521127174552887985,160.0,P4-ladder
0.0,0.0,0.0,200000,0.041,0.7847311412064573,1.75,0.041005,5053,8829963131710423403,160.0,P4-ladder
0.0,0.0,0.0,200000,0.041,0.8762569017169934,1.75,0.04013,5054,16647142299762888883,160.0,P4-ladder
0.0,0.0,0.0,200000,0.041,0.5709910025284936,1.75,0.04084,5055,9725621190796078738,160.0,P4-ladder
0.0,0.0,0.0,200000,0.041,0.600447091614733,1.75,0.040535,5056,6473143557867451937,160.0,P4-ladder
0.0,0.0,0.0,200000,0.041,0.7673049732531115,1.75,0.041485,5057,1334844155133947215,160.0,P4-ladder
0.0,0.0,0.0,200000,0.041,0.6855586587735086,1.75,0.04101,5058,8638599657135351125,160.0,P4-ladder
0.0,0.0,0.0,200000,0.041,0.6854858255712294,1.75,0.040665,5059,8184564573572566287,160.0,P4-ladder
0.74728,0.746085,0.748,200000,0.045,100.41499680018163,1.75,0.044045,5000,16145720256580185525,160.0,P4-ladder
0.74945,0.748345,0.7475,200000,0.045,103.3947795079309,1.75,0.044645,5001,4105359189230504714,160.0,P4-ladder
0.74898,0.74678,0.74797,200000,0.045,101.84834262833135,1.75,0.045055,5002,9332784253140969921,160.0,P4-ladder
0.0,8.5e-05,0.0,200000,0.045,1.10802974482014,1.75,0.0445,5003,8737170120321210043,160.0,P4-ladder
0.747885,0.741085,0.7454,200000,0.045,98.22636521181026,1.75,0.04518,5004,13996616690546036117,160.0,P4-ladder
0.74922,0.745435,0.744895,200000,0.045,102.83552097629293,1.75,0.045125,5005,13241119112230015697,160.0,P4-ladder
0.748105,0.318745,0.744165,200000,0.045,91.5799706577874,1.75,0.045225,5006,574489657671627197,160.0,P4-ladder
0.0,0.00012,0.0,200000,0.045,1.2360385280168125,1.75,0.04518,5007,12243079062159461260,160.0,P4-ladder
0.748425,0.748365,0.745605,200000,0.045,105.71038489016244,1.75,0.045365,5008,4262027172457378401,160.0,P4-ladder
0.0,0.0,0.0,200000,0.045,1.0861450171360478,1.75,0.044685,5009,4189257937204600741,160.0,P4-ladder
0.0,0.0,0.0,200000,0.045,1.0968715125849366,1.75,0.04431,5010,15430954994309936285,160.0,P4-ladder
0.74661,0.1013,0.74604,200000,0.045,87.29000953554467,1.75,0.0442,5011,15338551680614772188,160.0,P4-ladder
0.0,0.0,0.0,200000,0.045,1.1262317527653134,1.75,0.044485,5012,11517254829335759323,160.0,P4-ladder
0.74738,0.74751,0.746015,200000,0.045,105.3936589843259,1.75,0.045285,5013,5650357933311470537,160.0,P4-ladder
0.747235,0.748205,0.74565,200000,0.045,103.38610191393744,1.75,0.04507,5014,8505005738550052854,160.0,P4-ladder
0.0,0.00042,0.0,200000,0.045,1.4772396667535195,1.75,0.044795,5015,1015992583705659412,160.0,P4-ladder
0.74683,0.748795,0.745075,200000,0.045,106.37922926775606,1.75,0.04575,5016,5634339041477938110,160.0,P4-ladder
0.0,0.0,0.0,200000,0.045,0.8176789543463331,1.75,0.04376,5017,3792921507223394651,160.0,P4-ladder
0.74672,0.747015,0.74597,200000,0.045,106.15810653309329,1.75,0.045235,5018,12822372804373339320,160.0,P4-ladder
0.0,0.000245,0.0,200000,0.045,1.0269947445810692,1.75,0.04517,5019,15528944734739479729,160.0,P4-ladder
0.744455,0.745115,0.74762,200000,0.045,99.88713401002171,1.75,0.04559,5020,17128501323883343915,160.0,P4-ladder
0.74578,0.72904,0.747265,200000,0.045,97.08619091808339,1.75,0.04529,5021,18329948640447911586,160.0,P4-ladder
0.745625,0.74766,0.748755,200000,0.045,107.70882167868162,1.75,0.04482,5022,17236817411271537136,160.0,P4-ladder
0.746085,0.7476,0.74922,200000,0.045,105.51185475470261,1.75,0.0442,5023,17541553791577602968,160.0,P4-ladder
0.746715,0.7431,0.74605,200000,0.045,106.57432441159307,1.75,0.045135,5024,11076104763219606199,160.0,P4-ladder
0.0,0.000165,0.0,200000,0.045,1.3404609596899728,1.75,0.044335,5025,11740353724184602297,160.0,P4-ladder
0.745675,0.74801,0.746045,200000,0.045,102.67545646547732,1.75,0.045065,5026,3757972953380264355,160.0,P4-ladder
0.0,0.0,0.0,200000,0.045,1.2454323174469368,1.75,0.045185,5027,5872350416065606698,160.0,P4-ladder
0.74824,0.74523,0.74717,200000,0.045,101.51400507717118,1.75,0.044395,5028,3749782020138502712,160.0,P4-ladder
0.0,0.0,0.0,200000,0.045,1.0970835199660713,1.75,0.04507,5029,15489149200700451793,160.0,P4-ladder
0.0,8e-05,0.0,200000,0.045,1.0593756824998892,1.75,0.045305,5030,17128812471031081454,160.0,P4-ladder
0.745235,0.747275,0.746665,200000,0.045,104.69670545635294,1.75,0.045195,5031,11292103844162316581,160.0,P4-ladder
0.74586,0.749395,0.74489,200000,0.045,103.16066248633908,1.75,0.04544,5032,680457472573441924,160.0,P4-ladder
0.748515,0.75008,0.74859,200000,0.045,103.00732457293812,1.75,0.04472,5033,1812139362333725335,160.0,P4-ladder
0.74653,0.74747,0.748555,200000,0.045,104.38994812653098,1.75,0.044875,5034,2123505344835156181,160.0,P4-ladder
0.746445,0.746905,0.746285,200000,0.045,101.43153216203844,1.75,0.04546,5035,6729770814210596651,160.0,P4-ladder
0.74746,0.56988,0.7467,200000,0.045,93.79821187961956,1.75,0.04543,5036,5600117383622209708,160.0,P4-ladder
0.74617,0.743675,0.747865,200000,0.045,100.84925596736149,1.75,0.044955,5037,7414351823367799850,160.0,P4-ladder
0.747895,0.746555,0.746465,200000,0.045,99.20014605345827,1.75,0.045265,5038,12225249814520000034,160.0,P4-ladder
0.74707,0.747915,0.749285,200000,0.045,107.06322016964333,1.75,0.04524,5039,10382241044855059725,160.0,P4-ladder
0.74869,0.745615,0.745065,200000,0.045,102.48548892599455,1.75,0.04493,5040,2377693836395263131,160.0,P4-ladder
0.745665,0.70912,0.74617,200000,0.045,95.88738773767305,1.75,0.045975,5041,10121098884713912573,160.0,P4-ladder
0.74696,0.746355,0.74752,200000,0.045,105.67934378080405,1.75,0.04563,5042,1015050587186451256,160.0,P4-ladder
0.745525,0.7446,0.747895,200000,0.045,104.8848360605371,1.75,0.044835,5043,15453399021485528902,160.0,P4-ladder
0.748175,0.74727,0.74656,200000,0.045,100.46080414799631,1.75,0.04463,5044,9707785768600091143,160.0,P4-ladder
0.749645,0.74628,0.74572,200000,0.045,101.89334175760807,1.75,0.04488,5045,10734206459592968131,160.0,P4-ladder
0.0,0.0,0.0,200000,0.045,0.851524828386218,1.75,0.04406,5046,16389501606045999147,160.0,P4-ladder
0.748795,0.74907,0.748755,200000,0.045,104.11805185040494,1.75,0.045925,5047,11866144726098662407,160.0,P4-ladder
0.748295,0.74595,0.74763,200000,0.045,104.09927330886036,1.75,0.045425,5048,496576810372238593,160.0,P4-ladder
0.747155,0.747585,0.746815,200000,0.045,106.77658514844126,1.75,0.045525,5049,5211542015477932420,160.0,P4-ladder
0.74684,0.746585,0.747055,200000,0.045,106.33551038592381,1.75,0.045695,5050,767512261204140737,160.0,P4-ladder
0.0,0.00361,0.0,200000,0.045,1.7777310259446708,1.75,0.04443,5051,2787413510069391119,160.0,P4-ladder
0.74624,0.74756,0.74678,200000,0.045,100.17094077188169,1.75,0.044305,5052,7701717377644372940,160.0,P4-ladder
0.748835,0.714405,0.746615,200000,0.045,96.1524996792656,1.75,0.04525,5053,8034072944938409577,160.0,P4-ladder
0.0,0.000125,0.0,200000,0.045,1.1072050336322876,1.75,0.04485,5054,18055476808553499384,160.0,P4-ladder
0.748415,0.737255,0.74646,200000,0.045,97.6314762268955,1.75,0.044805,5055,10646250820184132745,160.0,P4-ladder
0.746645,0.73245,0.747745,200000,0.045,97.1625020653479,1.75,0.045225,5056,12361851140302122992,160.0,P4-ladder
0.746345,0.747455,0.74858,200000,0.045,103.6360126026488,1.75,0.045495,5057,9252126002674988938,160.0,P4-ladder
0.749335,0.746415,0.74667,200000,0.045,103.68248105209376,1.75,0.045225,5058,17395417579855679488,160.0,P4-ladder
0.746525,0.74561,0.74999,200000,0.045,105.15082903154422,1.75,0.045085,5059,6119999881948185923,160.0,P4-ladder
0.7497,0.748005,0.746525,200000,0.052,109.75225419679744,1.75,0.05112,5000,5961557582306909314,160.0,P4-ladder
0.74779,0.746585,0.7468,200000,0.052,109.34188288139102,1.75,0.051865,5001,11227490003970418490,160.0,P4-ladder
0.745975,0.748375,0.74862,200000,0.052,109.87904563403357,1.75,0.052425,5002,4449075510119899392,160.0,P4-ladder
0.747525,0.746525,0.74589,200000,0.052,109.49695444057444,1.75,0.05163,5003,13814185254421856655,160.0,P4-ladder
0.7477,0.748025,0.748175,200000,0.052,109.69782629578268,1.75,0.051875,5004,2784973153633941311,160.0,P4-ladder
0.74399,0.7443,0.748215,200000,0.052,109.29891927744087,1.75,0.052065,5005,12053875412150606737,160.0,P4-ladder
0.748785,0.748755,0.7459,200000,0.052,110.6416891772494,1.75,0.05319,5006,3164223205380274246,160.0,P4-ladder
0.74808,0.745605,0.74864,200000,0.052,110.25065686540162,1.75,0.05224,5007,1567864618096209977,160.0,P4-ladder
0.745925,0.749,0.74682,200000,0.052,110.59950738720703,1.75,0.05183,5008,16617015890818851910,160.0,P4-ladder
0.746885,0.748305,0.7472,200000,0.052,109.81800821271922,1.75,0.051835,5009,8060234748352682318,160.0,P4-ladder
0.748075,0.747645,0.748145,200000,0.052,108.8877054460047,1.75,0.051515,5010,11478164160913750914,160.0,P4-ladder
0.746785,0.748575,0.746875,200000,0.052,108.57166309032263,1.75,0.05309,5011,17160243115172917567,160.0,P4-ladder
0.74769,0.74819,0.74848,200000,0.052,109.39487503939705,1.75,0.051815,5012,797901534623134835,160.0,P4-ladder
0.746485,0.74839,0.75066,200000,0.052,109.65248410731213,1.75,0.051865,5013,17854853904239243446,160.0,P4-ladder
0.74535,0.747235,0.74754,200000,0.052,109.0648922706541,1.75,0.05276,5014,17881105032947154816,160.0,P4-ladder
0.74726,0.74758,0.74747,200000,0.052,109.34668013105839,1.75,0.052185,5015,9894808246188685566,160.0,P4-ladder
0.745805,0.74798,0.74847,200000,0.052,110.49911815494498,1.75,0.05245,5016,5621865348529890233,160.0,P4-ladder
0.745535,0.74437,0.74675,200000,0.052,110.65294879243228,1.75,0.05237,5017,16888267461513769885,160.0,P4-ladder
0.74721,0.7482,0.747325,200000,0.052,109.97412565895478,1.75,0.05264,5018,10145480024442329098,160.0,P4-ladder
0.74659,0.74833,0.746345,200000,0.052,110.49639543936902,1.75,0.052435,5019,13807317257915327850,160.0,P4-ladder
0.744905,0.747505,0.748255,200000,0.052,109.06329976238727,1.75,0.05209,5020,11001071874029476228,160.0,P4-ladder
0.745475,0.745325,0.74865,200000,0.052,110.15725176610304,1.75,0.052605,5021,6469751077466915199,160.0,P4-ladder
0.747905,0.747495,0.747185,200000,0.052,109.0729058364654,1.75,0.05143,5022,3397092109707558198,160.0,P4-ladder
0.747795,0.74727,0.745175,200000,0.052,109.64713723328049,1.75,0.05129,5023,6806369320823836460,160.0,P4-ladder
0.746415,0.744795,0.74486,200000,0.052,109.30168022170928,1.75,0.051355,5024,6500572217667176432,160.0,P4-ladder
0.74685,0.7455,0.745595,200000,0.052,109.39897060453028,1.75,0.05161,5025,11586086135719583703,160.0,P4-ladder
0.74636,0.74655,0.747925,200000,0.052,109.36018572668524,1.75,0.051715,5026,6041304943480488114,160.0,P4-ladder
0.747875,0.744975,0.74838,200000,0.052,108.76447413362347,1.75,0.05218,5027,1936515487738143011,160.0,P4-ladder
0.747275,0.74582,0.745355,200000,0.052,109.59701103590092,1.75,0.051345,5028,17650643793650680949,160.0,P4-ladder
0.747555,0.7439,0.745725,200000,0.052,110.0937431239368,1.75,0.052545,5029,3890810654989321022,160.0,P4-ladder
0.7445,0.747585,0.747345,200000,0.052,110.36142225564289,1.75,0.052805,5030,3022787274176573811,160.0,P4-ladder
0.747615,0.748635,0.746365,200000,0.052,109.09013317036651,1.75,0.052585,5031,8309985177347567916,160.0,P4-ladder
0.74786,0.748695,0.746595,200000,0.052,110.719996797285,1.75,0.052675,5032,4209200651312022937,160.0,P4-ladder
0.74564,0.74776,0.74655,200000,0.052,110.22963062502456,1.75,0.05174,5033,3885955294687898850,160.0,P4-ladder
0.747855,0.74787,0.74759,200000,0.052,109.43889322592268,1.75,0.05173,5034,6572657900985711212,160.0,P4-ladder
0.74503,0.74598,0.74761,200000,0.052,109.54407366640076,1.75,0.052185,5035,2751432053541307890,160.0,P4-ladder
0.749225,0.74658,0.74761,200000,0.052,109.91770144739198,1.75,0.051715,5036,5484041307331751468,160.0,P4-ladder
0.74633,0.746255,0.747355,200000,0.052,108.99635790938795,1.75,0.051535,5037,3895007114621972723,160.0,P4-ladder
0.74617,0.74797,0.746555,200000,0.052,109.19175633297984,1.75,0.051605,5038,18029919024556912099,160.0,P4-ladder
0.74838,0.750125,0.74576,200000,0.052,110.51388274927113,1.75,0.05205,5039,13041796201104871209,160.0,P4-ladder
0.747165,0.747335,0.74747,200000,0.052,109.96170427320858,1.75,0.052785,5040,13618231676767933340,160.0,P4-ladder
0.74671,0.74781,0.74527,200000,0.052,109.91883516684528,1.75,0.05134,5041,11441071922071509861,160.0,P4-ladder
0.74721,0.74466,0.746445,200000,0.052,110.00300101232442,1.75,0.051695,5042,16323014832725720641,160.0,P4-ladder
0.744625,0.74731,0.74868,200000,0.052,109.48630309675566,1.75,0.053075,5043,11594932297930672777,160.0,P4-ladder
0.748835,0.748,0.749725,200000,0.052,110.59627260737267,1.75,0.05251,5044,4510970811041342239,160.0,P4-ladder
0.74771,0.746015,0.7453,200000,0.052,110.31211559221676,1.75,0.052025,5045,17513038233586899285,160.0,P4-ladder
0.746085,0.74689,0.746185,200000,0.052,109.4414961348655,1.75,0.052665,5046,339078861886459699,160.0,P4-ladder
0.74812,0.74868,0.74643,200000,0.052,108.72020024599382,1.75,0.051375,5047,8570839556670496379,160.0,P4-ladder
0.745695,0.74748,0.7499,200000,0.052,110.12089636439147,1.75,0.05201,5048,7939902058765712540,160.0,P4-ladder
0.74563,0.748815,0.746805,200000,0.052,109.37027329740845,1.75,0.05119,5049,1232256936347781887,160.0,P4-ladder
0.746445,0.74679,0.745745,200000,0.052,110.94577142901892,1.75,0.0529,5050,2791484643671555567,160.0,P4-ladder
0.746195,0.748155,0.747705,200000,0.052,110.6123003136766,1.75,0.052225,5051,3196365099119310108,160.0,P4-ladder
0.74798,0.74768,0.746635,200000,0.052,109.88898137470137,1.75,0.0518,5052,1662383398251418343,160.0,P4-ladder
0.745,0.74948,0.747885,200000,0.052,110.04797267650505,1.75,0.052495,5053,1863328470179156096,160.0,P4-ladder
0.747095,0.74819,0.746655,200000,0.052,110.2350002111551,1.75,0.05207,5054,49507865991185405,160.0,P4-ladder
0.7475,0.7474,0.746545,200000,0.052,110.06090101970413,1.75,0.051735,5055,9787183321699711500,160.0,P4-ladder
0.74833,0.74661,0.746225,200000,0.052,110.20764284254092,1.75,0.05278,5056,15880345933902475595,160.0,P4-ladder
0.745645,0.744345,0.746955,200000,0.052,111.11889401984064,1.75,0.052715,5057,305816205381625420,160.0,P4-ladder
0.746665,0.746545,0.74764,200000,0.052,109.43065725297338,1.75,0.05213,5058,7221606407924833115,160.0,P4-ladder
0.74744,0.745575,0.746635,200000,0.052,109.56549691158689,1.75,0.051625,5059,15700132728955556733,160.0,P4-ladder
0.0,0.00536,0.0,200000,0.0065,0.44453337566767526,1.9,0.00638,5000,10299756704405408726,160.0,P4-ladder
0.0,0.002565,0.0,200000,0.0065,0.34606847464027457,1.9,0.006535,5001,10624399395129810298,160.0,P4-ladder
0.814645,0.79509,0.81399,200000,0.0065,102.58658523775605,1.9,0.00627,5002,13599118613418582510,160.0,P4-ladder
0.0,0.0,0.0,200000,0.0065,0.15944560193133145,1.9,0.00667,5003,2553040152463558666,160.0,P4-ladder
0.0,0.000655,0.0,200000,0.0065,0.17979035349800804,1.9,0.00665,5004,2461984191025296565,160.0,P4-ladder
0.0,0.000925,0.0,200000,0.0065,0.23805793500862732,1.9,0.00629,5005,11738960983670067195,160.0,P4-ladder
0.0,0.00733,0.0,200000,0.0065,0.44697507704661416,1.9,0.006315,5006,4900816490567325507,160.0,P4-ladder
0.0,0.001635,0.0,200000,0.0065,0.1968917358741983,1.9,0.00657,5007,16764858271026171745,160.0,P4-ladder
0.0,0.00422,0.00014,200000,0.0065,0.38438163405278164,1.9,0.006325,5008,18203181862278806168,160.0,P4-ladder
0.0,0.005405,0.00013,200000,0.0065,0.47340520829550264,1.9,0.006855,5009,13261922952868277051,160.0,P4-ladder
0.0,0.001085,0.0,200000,0.0065,0.26112442048244405,1.9,0.0066,5010,17201358054989694985,160.0,P4-ladder
0.0,0.00734,4e-05,200000,0.0065,0.5005260203013941,1.9,0.00665,5011,7670345470067428372,160.0,P4-ladder
0.813205,0.01872,0.813755,200000,0.0065,82.69941561182522,1.9,0.006605,5012,13820927177144370858,160.0,P4-ladder
0.0,0.00158,0.0,200000,0.0065,0.3155115671151322,1.9,0.006625,5013,1676063283064917687,160.0,P4-ladder
0.0,0.000775,0.0,200000,0.0065,0.19857379624611057,1.9,0.00633,5014,8465773307412769902,160.0,P4-ladder
0.0,0.002605,4.5e-05,200000,0.0065,0.31025995100547393,1.9,0.00656,5015,7376025650467136914,160.0,P4-ladder
0.0,0.00119,0.0,200000,0.0065,0.28531763358482964,1.9,0.00655,5016,4205700899950835612,160.0,P4-ladder
0.0,0.006065,0.0002,200000,0.0065,0.48309488876202106,1.9,0.006435,5017,8593026948764905774,160.0,P4-ladder
0.0,0.002135,0.000255,200000,0.0065,0.2956291929696736,1.9,0.006315,5018,11848492342929028564,160.0,P4-ladder
0.0,0.00246,0.0,200000,0.0065,0.3351198398753652,1.9,0.006375,5019,7647509856821539882,160.0,P4-ladder
0.81331,0.769635,0.81376,200000,0.0065,101.77111005158963,1.9,0.0064,5020,4130690761793557725,160.0,P4-ladder
0.0,0.00022,0.0,200000,0.0065,0.13946645185338077,1.9,0.00664,5021,12669493056300345871,160.0,P4-ladder
0.0,0.00685,0.0,200000,0.0065,0.4748270717135501,1.9,0.00673,5022,1046179101774066563,160.0,P4-ladder
0.0,0.001755,0.0,200000,0.0065,0.2355988929669185,1.9,0.006595,5023,3872632628086144425,160.0,P4-ladder
0.81256,0.011895,0.812535,200000,0.0065,75.27456342803116,1.9,0.00677,5024,13453542100299833180,160.0,P4-ladder
0.81283,0.016255,0.814565,200000,0.0065,75.61795092623116,1.9,0.006055,5025,17806529167174180228,160.0,P4-ladder
0.0,0.002195,0.0,200000,0.0065,0.2558141558642193,1.9,0.006455,5026,15269803245728309384,160.0,P4-ladder
0.0,0.001545,0.0,200000,0.0065,0.26211971947839074,1.9,0.006575,5027,11669283021939582683,160.0,P4-ladder
0.0,0.00171,0.0,200000,0.0065,0.2942414023731905,1.9,0.006315,5028,6902858553194876656,160.0,P4-ladder
0.0,0.00061,0.0,200000,0.0065,0.18362555099785313,1.9,0.006595,5029,17210139940963013951,160.0,P4-ladder
0.0,0.00135,0.0,200000,0.0065,0.23180291092850094,1.9,0.006165,5030,1595670547938642748,160.0,P4-ladder
0.0,0.006675,5e-06,200000,0.0065,0.46785941832586825,1.9,0.006505,5031,17297727137715595415,160.0,P4-ladder
0.0,0.01239,0.002805,200000,0.0065,0.7937349035464522,1.9,0.00661,5032,12793047933730228173,160.0,P4-ladder
0.0,0.00351,0.0,200000,0.0065,0.3771585972888541,1.9,0.00627,5033,16439866863751186586,160.0,P4-ladder
0.0,0.007495,0.000905,200000,0.0065,0.6099878635552668,1.9,0.00638,5034,10458357232449857913,160.0,P4-ladder
0.0,0.002,0.0,200000,0.0065,0.26208164702465714,1.9,0.006375,5035,9748813941835615961,160.0,P4-ladder
0.814345,0.016175,0.813865,200000,0.0065,77.7197023883445,1.9,0.0067,5036,7277581495410168170,160.0,P4-ladder
0.0,0.003785,0.0,200000,0.0065,0.42949164470627943,1.9,0.00663,5037,7705379058196055376,160.0,P4-ladder
0.0,0.000395,0.0,200000,0.0065,0.19595150201263575,1.9,0.00652,5038,6039087056467260735,160.0,P4-ladder
0.81343,0.68696,0.816255,200000,0.0065,100.48274288316233,1.9,0.00646,5039,4896635750382207987,160.0,P4-ladder
0.0,0.000565,0.0,200000,0.0065,0.1635774064000868,1.9,0.006205,5040,14429976435926057401,160.0,P4-ladder
0.0,0.000745,0.0,200000,0.0065,0.1946872642331163,1.9,0.006325,5041,8693589419565676644,160.0,P4-ladder
0.0,0.0072,3.5e-05,200000,0.0065,0.4948688279281825,1.9,0.006295,5042,988651205954693497,160.0,P4-ladder
0.0,0.0,0.0,200000,0.0065,0.10659101134341023,1.9,0.00637,5043,3104458968969895117,160.0,P4-ladder
0.81384,0.77132,0.81292,200000,0.0065,101.75457830135194,1.9,0.00715,5044,11840646070096541552,160.0,P4-ladder
0.0,0.005835,0.0,200000,0.0065,0.45563306518096874,1.9,0.00651,5045,12873863491298747211,160.0,P4-ladder
0.81333,0.810735,0.812705,200000,0.0065,105.38919983736174,1.9,0.006655,5046,4703051105252573654,160.0,P4-ladder
0.81281,0.14994,0.81442,200000,0.0065,96.27829373964207,1.9,0.006395,5047,12530226855900046153,160.0,P4-ladder
0.0,1.5e-05,0.0,200000,0.0065,0.14266216686865285,1.9,0.0065,5048,9411353707512463791,160.0,P4-ladder
0.0,0.002255,0.0,200000,0.0065,0.28267206693998126,1.9,0.00631,5049,17049461278061015232,160.0,P4-ladder
0.0,0.00368,0.0,200000,0.0065,0.3335656571661372,1.9,0.006605,5050,12284166054657000384,160.0,P4-ladder
0.0,0.00274,0.0,200000,0.0065,0.3202839736741658,1.9,0.006435,5051,18342695817631212810,160.0,P4-ladder
0.812455,0.52729,0.81226,200000,0.0065,99.25392476050243,1.9,0.00658,5052,2243149838882630916,160.0,P4-ladder
0.0,0.009665,1.5e-05,200000,0.0065,0.597762819299055,1.9,0.006375,5053,11449342475345758677,160.0,P4-ladder
0.0,0.00235,0.0,200000,0.0065,0.30202338352869573,1.9,0.00659,5054,4559187756141709908,160.0,P4-ladder
0.0,0.004795,0.000285,200000,0.0065,0.44777644929387134,1.9,0.006685,5055,2284144436125828222,160.0,P4-ladder
0.0,0.01118,0.00209,200000,0.0065,0.7569119790430481,1.9,0.006415,5056,1902906504593633895,160.0,P4-ladder
0.0,0.000445,0.0,200000,0.0065,0.23614505988487072,1.9,0.00654,5057,4824031681828391349,160.0,P4-ladder
0.81358,0.39898,0.81529,200000,0.0065,98.5283432353103,1.9,0.006665,5058,17534393441264458968,160.0,P4-ladder
0.0,0.000345,0.0,200000,0.0065,0.1480423098375897,1.9,0.006355,5059,1094751478120805011,160.0,P4-ladder
0.0,0.000625,0.0,200000,0.0075,0.25953756499596453,1.9,0.007475,5000,8542906668904673759,160.0,P4-ladder
0.0,0.00113,0.0,200000,0.0075,0.2984079744441225,1.9,0.00769,5001,3505404546342513917,160.0,P4-ladder
0.0,0.005775,0.00035,200000,0.0075,0.5351570477305279,1.9,0.00754,5002,8347313487058762918,160.0,P4-ladder
0.812785,0.810655,0.813,200000,0.0075,104.40244167995233,1.9,0.007975,5003,16603219036500963134,160.0,P4-ladder
0.0,0.00222,0.0,200000,0.0075,0.27331140169826884,1.9,0.00756,5004,6581475184154753414,160.0,P4-ladder
0.812275,0.01826,0.81206,200000,0.0075,82.96590971851361,1.9,0.007215,5005,3151400637404453924,160.0,P4-ladder
0.81574,0.01545,0.814425,200000,0.0075,77.24475699349175,1.9,0.00745,5006,3236980937039513027,160.0,P4-ladder
0.0,0.00154,0.0,200000,0.0075,0.2984648559431697,1.9,0.00733,5007,15010832358941887799,160.0,P4-ladder
0.0,0.009085,0.005825,200000,0.0075,0.8915375812637237,1.9,0.00756,5008,306905560241528695,160.0,P4-ladder
0.00033,0.01084,0.008095,200000,0.0075,1.0486604707865048,1.9,0.007245,5009,6315000288291878425,160.0,P4-ladder
0.812245,0.8125,0.81535,200000,0.0075,110.69293394410178,1.9,0.0074,5010,2934991345142253299,160.0,P4-ladder
0.0,0.00518,0.0,200000,0.0075,0.45389073044593414,1.9,0.00732,5011,13103648222438856334,160.0,P4-ladder
0.81538,0.024885,0.813845,200000,0.0075,88.07964551442336,1.9,0.007565,5012,8502790103807338427,160.0,P4-ladder
0.0,0.000595,0.00016,200000,0.0075,0.2300709805940162,1.9,0.007535,5013,16777402302633389075,160.0,P4-ladder
0.0,0.005005,0.0,200000,0.0075,0.3749713876428258,1.9,0.00732,5014,16150623369961992000,160.0,P4-ladder
0.0,0.00578,9e-05,200000,0.0075,0.5033465000967302,1.9,0.007235,5015,314509559155770589,160.0,P4-ladder
0.813525,0.81181,0.813235,200000,0.0075,106.74899348646932,1.9,0.007695,5016,8056218035001535048,160.0,P4-ladder
0.8124,0.1519,0.813365,200000,0.0075,96.3131239467662,1.9,0.00742,5017,2304581305890489640,160.0,P4-ladder
0.813275,0.816005,0.811165,200000,0.0075,107.48248515773611,1.9,0.00767,5018,337817014893122369,160.0,P4-ladder
0.0,0.00158,0.0,200000,0.0075,0.2923657808969343,1.9,0.00752,5019,16078645204017450041,160.0,P4-ladder
0.812305,0.813055,0.812475,200000,0.0075,109.05389149262076,1.9,0.007795,5020,3473091575751746520,160.0,P4-ladder
0.813005,0.799865,0.814225,200000,0.0075,102.9556095954448,1.9,0.007495,5021,14053311497549081091,160.0,P4-ladder
0.81165,0.79129,0.81322,200000,0.0075,102.46753631302697,1.9,0.007565,5022,691888477542344155,160.0,P4-ladder
0.81218,0.027465,0.81487,200000,0.0075,87.96313515403769,1.9,0.007525,5023,13377490424450919588,160.0,P4-ladder
0.812395,0.79229,0.813525,200000,0.0075,102.41220262418076,1.9,0.007385,5024,13502439006388762730,160.0,P4-ladder
0.81321,0.23381,0.81419,200000,0.0075,97.30156409566213,1.9,0.00741,5025,13330928340276404970,160.0,P4-ladder
0.813015,0.8142,0.813535,200000,0.0075,106.19675171979314,1.9,0.007525,5026,9533115652324480,160.0,P4-ladder
0.0,0.00141,0.0,200000,0.0075,0.29491260527053675,1.9,0.00715,5027,13323307714251916566,160.0,P4-ladder
0.81196,0.805935,0.81326,200000,0.0075,103.64537326167381,1.9,0.007625,5028,6855932158371174610,160.0,P4-ladder
0.0,0.0035,0.0,200000,0.0075,0.38271263658667837,1.9,0.00732,5029,583464509034901782,160.0,P4-ladder
0.81435,0.81025,0.81275,200000,0.0075,105.3162481808763,1.9,0.00743,5030,2279932714743516304,160.0,P4-ladder
0.0,0.00359,0.0,200000,0.0075,0.4141657821709718,1.9,0.007835,5031,927675492138024916,160.0,P4-ladder
0.81249,0.281425,0.813435,200000,0.0075,97.72310121095322,1.9,0.00756,5032,445782892957400781,160.0,P4-ladder
0.0,0.0082,0.000315,200000,0.0075,0.5855117655531595,1.9,0.007365,5033,8955593211223849052,160.0,P4-ladder
0.81265,0.77589,0.813135,200000,0.0075,101.9129926755201,1.9,0.007595,5034,6795773939261555880,160.0,P4-ladder
0.81365,0.80313,0.81212,200000,0.0075,103.31370405098187,1.9,0.00747,5035,11824045467353685941,160.0,P4-ladder
0.81204,0.79587,0.811085,200000,0.0075,102.7487255728087,1.9,0.00763,5036,14874846883746986640,160.0,P4-ladder
0.813325,0.36166,0.8149,200000,0.0075,98.32406072013691,1.9,0.007335,5037,11840618267184726863,160.0,P4-ladder
0.813065,0.02569,0.813265,200000,0.0075,88.58506215476915,1.9,0.007625,5038,9945268716289660749,160.0,P4-ladder
0.0,0.000475,0.0,200000,0.0075,0.30478040036829146,1.9,0.007445,5039,8058376042338030870,160.0,P4-ladder
0.812315,0.781885,0.813995,200000,0.0075,102.07654928314587,1.9,0.007795,5040,5732519606452178418,160.0,P4-ladder
0.813005,0.813375,0.813745,200000,0.0075,107.68588236041082,1.9,0.007465,5041,15671007236167451903,160.0,P4-ladder
0.813635,0.814555,0.813115,200000,0.0075,109.33963694677755,1.9,0.00747,5042,10166578508421138124,160.0,P4-ladder
0.0,0.001695,0.0,200000,0.0075,0.28331625672870164,1.9,0.00738,5043,5587073480939339498,160.0,P4-ladder
0.813515,0.635,0.813785,200000,0.0075,100.00362005940883,1.9,0.007685,5044,3992297077391338829,160.0,P4-ladder
0.812145,0.060885,0.814435,200000,0.0075,93.58670313839352,1.9,0.007505,5045,16104195425997953344,160.0,P4-ladder
0.812055,0.79653,0.814685,200000,0.0075,102.72257232961759,1.9,0.007725,5046,1225280580542272705,160.0,P4-ladder
0.81486,0.766955,0.81379,200000,0.0075,101.65147833777966,1.9,0.00765,5047,220795078742481232,160.0,P4-ladder
0.813605,0.813065,0.811855,200000,0.0075,106.71413843999967,1.9,0.007425,5048,6496901056354971702,160.0,P4-ladder
0.0,0.00108,0.0,200000,0.0075,0.2053616678852254,1.9,0.0076,5049,16647277821793758043,160.0,P4-ladder
0.81484,0.132495,0.813215,200000,0.0075,96.01431138348516,1.9,0.00755,5050,4759166303439633629,160.0,P4-ladder
0.0,0.009475,0.0,200000,0.0075,0.5776290101160584,1.9,0.00722,5051,17002817115438457755,160.0,P4-ladder
0.80912,0.806465,0.81421,200000,0.0075,103.82323979706422,1.9,0.007705,5052,7523558024800061472,160.0,P4-ladder
0.81225,0.791355,0.81308,200000,0.0075,102.54968943712662,1.9,0.00744,5053,9637618947192132497,160.0,P4-ladder
0.81295,0.01543,0.813035,200000,0.0075,80.9805909150607,1.9,0.00747,5054,16779073525549943153,160.0,P4-ladder
0.81352,0.0106,0.241535,200000,0.0075,65.21893230129687,1.9,0.007505,5055,12984210860397921529,160.0,P4-ladder
0.81328,0.516675,0.81155,200000,0.0075,99.22887468903279,1.9,0.00734,5056,12193480948916406957,160.0,P4-ladder
0.0,0.001325,0.0,200000,0.0075,0.2855846137136404,1.9,0.007355,5057,8944522725979292990,160.0,P4-ladder
0.810585,0.78693,0.81339,200000,0.0075,102.23939575450301,1.9,0.007405,5058,2999386715878031297,160.0,P4-ladder
0.0,0.006335,0.0,200000,0.0075,0.4618687117084294,1.9,0.00771,5059,14726809496954179165,160.0,P4-ladder
0.81305,0.70852,0.81478,200000,0.0086,100.73123003484966,1.9,0.008675,5000,14948238175249527472,160.0,P4-ladder
0.81393,0.81091,0.81469,200000,0.0086,106.74590243721691,1.9,0.00851,5001,10870037219316346565,160.0,P4-ladder
0.81129,0.813885,0.813995,200000,0.0086,107.62941517828577,1.9,0.00859,5002,2220153951721864612,160.0,P4-ladder
0.81182,0.813665,0.814345,200000,0.0086,111.4040839142623,1.9,0.008305,5003,16076864613675151621,160.0,P4-ladder
0.813535,0.81444,0.812745,200000,0.0086,112.35358347652998,1.9,0.00859,5004,7391594192903177612,160.0,P4-ladder
0.813705,0.814875,0.81483,200000,0.0086,107.81057694076725,1.9,0.0086,5005,18403782099024569040,160.0,P4-ladder
0.815025,0.81294,0.811835,200000,0.0086,108.35175381500875,1.9,0.00872,5006,14089829826935393834,160.0,P4-ladder
0.81378,0.81119,0.812985,200000,0.0086,109.19039412530435,1.9,0.00854,5007,13676125875319708011,160.0,P4-ladder
0.815055,0.81159,0.813475,200000,0.0086,105.23220888522854,1.9,0.008815,5008,11678708784216371751,160.0,P4-ladder
0.81253,0.8123,0.813285,200000,0.0086,105.62236905929178,1.9,0.008985,5009,17305725823702778823,160.0,P4-ladder
0.81397,0.81276,0.813995,200000,0.0086,109.22313380269318,1.9,0.008485,5010,9931698323487959679,160.0,P4-ladder
0.81419,0.812205,0.811315,200000,0.0086,109.06286389347311,1.9,0.008905,5011,17561052602445545635,160.0,P4-ladder
0.814165,0.07194,0.81221,200000,0.0086,94.18436310138952,1.9,0.00847,5012,11190165776163911061,160.0,P4-ladder
0.81339,0.47168,0.813615,200000,0.0086,98.95357514779496,1.9,0.008505,5013,16393451053609104420,160.0,P4-ladder
0.814445,0.814045,0.814245,200000,0.0086,108.76798375731211,1.9,0.00848,5014,9927977976582014990,160.0,P4-ladder
0.81463,0.81344,0.813895,200000,0.0086,110.33613031811815,1.9,0.008845,5015,12647696799584144771,160.0,P4-ladder
0.81442,0.81364,0.812775,200000,0.0086,113.23250221012833,1.9,0.00871,5016,16207538737934712483,160.0,P4-ladder
0.81376,0.813505,0.81345,200000,0.0086,113.7084198486608,1.9,0.008575,5017,7834709688339637287,160.0,P4-ladder
0.8137,0.81264,0.815725,200000,0.0086,108.42244677911576,1.9,0.008405,5018,5362448225446844299,160.0,P4-ladder
0.813265,0.81218,0.81322,200000,0.0086,108.41137506225071,1.9,0.00881,5019,9464743630935817507,160.0,P4-ladder
0.81395,0.571825,0.8107,200000,0.0086,99.54729774131519,1.9,0.0085,5020,4530285739514355660,160.0,P4-ladder
0.81415,0.771745,0.81444,200000,0.0086,101.80493685430719,1.9,0.008625,5021,1593383278238354823,160.0,P4-ladder
0.8118,0.8125,0.81113,200000,0.0086,105.8056371943813,1.9,0.008805,5022,12132153123738523376,160.0,P4-ladder
0.81487,0.805445,0.81364,200000,0.0086,103.59802439266855,1.9,0.008935,5023,12702229153277557750,160.0,P4-ladder
0.0,0.00036,0.0,200000,0.0086,0.27272366274859855,1.9,0.00863,5024,14660097730258388854,160.0,P4-ladder
0.815625,0.032165,0.812135,200000,0.0086,90.47221183293279,1.9,0.008815,5025,2194991514207246268,160.0,P4-ladder
0.813445,0.810775,0.811895,200000,0.0086,104.81564202605638,1.9,0.0085,5026,11589289903616546112,160.0,P4-ladder
0.813335,0.81422,0.81284,200000,0.0086,110.7244205720536,1.9,0.00834,5027,8687295893483146546,160.0,P4-ladder
0.813565,0.81487,0.81499,200000,0.0086,112.84413192958347,1.9,0.008975,5028,1086905580665623622,160.0,P4-ladder
0.0,0.009525,0.003925,200000,0.0086,0.7982345209686041,1.9,0.008545,5029,12256081427464391438,160.0,P4-ladder
0.813455,0.184065,0.81393,200000,0.0086,96.74440072187785,1.9,0.00834,5030,10776128839997715927,160.0,P4-ladder
0.813095,0.81348,0.815835,200000,0.0086,112.53066722581438,1.9,0.00845,5031,600999662898905065,160.0,P4-ladder
0.81226,0.81532,0.814355,200000,0.0086,109.01482571135222,1.9,0.00847,5032,11537875119294461865,160.0,P4-ladder
0.81314,0.81099,0.813025,200000,0.0086,109.92479705822235,1.9,0.008765,5033,13530031932327025787,160.0,P4-ladder
0.813325,0.80039,0.81352,200000,0.0086,103.02200780758876,1.9,0.0084,5034,10860927343095719871,160.0,P4-ladder
0.813885,0.812455,0.81411,200000,0.0086,108.94854664406584,1.9,0.00901,5035,4381824146538711515,160.0,P4-ladder
0.814735,0.81414,0.81283,200000,0.0086,106.79703911916599,1.9,0.008835,5036,14494374609150207479,160.0,P4-ladder
0.81294,0.81574,0.81044,200000,0.0086,112.94510638149599,1.9,0.008615,5037,10194517899162061872,160.0,P4-ladder
0.811765,0.81399,0.815215,200000,0.0086,109.81123527990096,1.9,0.008305,5038,16796281867583045538,160.0,P4-ladder
0.811985,0.812615,0.81502,200000,0.0086,108.06787699426833,1.9,0.00876,5039,8889758441169578875,160.0,P4-ladder
0.81209,0.81164,0.813925,200000,0.0086,110.45228831112848,1.9,0.00867,5040,7042688638787020780,160.0,P4-ladder
0.812875,0.81305,0.813595,200000,0.0086,111.60029739335664,1.9,0.008685,5041,14398214028977300598,160.0,P4-ladder
0.81218,0.812335,0.811645,200000,0.0086,111.44996904706679,1.9,0.008505,5042,9488412202508845409,160.0,P4-ladder
0.81276,0.018755,0.813185,200000,0.0086,82.47086028900289,1.9,0.008845,5043,13305291682555770625,160.0,P4-ladder
0.81373,0.799285,0.81474,200000,0.0086,103.0370843007207,1.9,0.008445,5044,4048641287772591941,160.0,P4-ladder
0.812315,0.813445,0.81282,200000,0.0086,106.83330819554223,1.9,0.008265,5045,5758109267013041333,160.0,P4-ladder
0.811825,0.812585,0.81118,200000,0.0086,109.0851547804326,1.9,0.00858,5046,1745593354200021993,160.0,P4-ladder
0.0,0.001985,0.0,200000,0.0086,0.3018111136106298,1.9,0.008485,5047,585709398243162544,160.0,P4-ladder
0.812325,0.31441,0.8133,200000,0.0086,97.92805850515329,1.9,0.00847,5048,1586322058118779968,160.0,P4-ladder
0.0,0.002695,0.0,200000,0.0086,0.3703598728912273,1.9,0.00854,5049,5298227993623684909,160.0,P4-ladder
0.81258,0.81458,0.81373,200000,0.0086,108.32950209988259,1.9,0.008505,5050,9005846312855232436,160.0,P4-ladder
0.81282,0.804655,0.81357,200000,0.0086,103.48319303525683,1.9,0.008415,5051,16123939523761432539,160.0,P4-ladder
0.81257,0.814315,0.812115,200000,0.0086,109.24405811774366,1.9,0.0086,5052,9860422460741748069,160.0,P4-ladder
0.812395,0.813435,0.812325,200000,0.0086,106.75139120647187,1.9,0.0087,5053,8091496768820257068,160.0,P4-ladder
0.8148,0.810405,0.81215,200000,0.0086,105.4223251704637,1.9,0.008675,5054,2536165185783453201,160.0,P4-ladder
0.81386,0.812395,0.81286,200000,0.0086,105.98871341761567,1.9,0.00878,5055,4979871987635457167,160.0,P4-ladder
0.811495,0.812915,0.815185,200000,0.0086,113.53023002057841,1.9,0.00899,5056,7018201157383285758,160.0,P4-ladder
0.812235,0.81074,0.81546,200000,0.0086,106.86743417003122,1.9,0.0085,5057,14689102483759945381,160.0,P4-ladder
0.81401,0.812815,0.813935,200000,0.0086,111.90583011416284,1.9,0.00882,5058,5523925488419713903,160.0,P4-ladder
0.811305,0.815715,0.81494,200000,0.0086,110.18672394152934,1.9,0.008555,5059,17503205421488267638,160.0,P4-ladder
0.8126,0.811965,0.812495,200000,0.0098,114.46913434577402,1.9,0.009965,5000,1887819913396677069,160.0,P4-ladder
0.81286,0.81192,0.8131,200000,0.0098,110.82841859652615,1.9,0.009725,5001,7215116633804907068,160.0,P4-ladder
0.81323,0.81326,0.813,200000,0.0098,113.58440838912901,1.9,0.0093,5002,9648051729540424005,160.0,P4-ladder
0.81262,0.813335,0.813655,200000,0.0098,114.05292154551256,1.9,0.00958,5003,4363571305764432682,160.0,P4-ladder
0.815155,0.813775,0.813995,200000,0.0098,113.67689809859095,1.9,0.00991,5004,5191933195296705633,160.0,P4-ladder
0.81348,0.812365,0.814105,200000,0.0098,115.07086337342815,1.9,0.009915,5005,18303656613085411202,160.0,P4-ladder
0.812115,0.81568,0.813,200000,0.0098,112.61836489986833,1.9,0.00982,5006,6977702218350736374,160.0,P4-ladder
0.813155,0.813315,0.814875,200000,0.0098,113.65861553602537,1.9,0.010065,5007,17116268429135618384,160.0,P4-ladder
0.8142,0.813135,0.81398,200000,0.0098,116.18801175819665,1.9,0.00965,5008,12444778793580182153,160.0,P4-ladder
0.813545,0.81203,0.81384,200000,0.0098,115.10797519567868,1.9,0.00961,5009,12613250197256396307,160.0,P4-ladder
0.81272,0.812965,0.81253,200000,0.0098,112.78231346471729,1.9,0.009745,5010,14901042715824204359,160.0,P4-ladder
0.813895,0.813115,0.81285,200000,0.0098,110.80392902492856,1.9,0.009835,5011,3455175925747226690,160.0,P4-ladder
0.813055,0.813575,0.81268,200000,0.0098,113.54102327407485,1.9,0.01015,5012,18112033439382657232,160.0,P4-ladder
0.814475,0.81409,0.81409,200000,0.0098,110.66331710848425,1.9,0.009545,5013,3824680559032482923,160.0,P4-ladder
0.81434,0.8117,0.813005,200000,0.0098,115.89552844694323,1.9,0.010355,5014,10954309463347992345,160.0,P4-ladder
0.812465,0.813855,0.81453,200000,0.0098,113.34938664603246,1.9,0.009735,5015,16013251727456203033,160.0,P4-ladder
0.812635,0.812255,0.813245,200000,0.0098,109.41432885509354,1.9,0.009885,5016,5763439662289482433,160.0,P4-ladder
0.810915,0.81189,0.81392,200000,0.0098,110.88601222394698,1.9,0.00984,5017,11697231578675863708,160.0,P4-ladder
0.813925,0.814785,0.813765,200000,0.0098,112.20430715239154,1.9,0.009515,5018,5550651452753272358,160.0,P4-ladder
0.81558,0.811945,0.81396,200000,0.0098,110.73093209779499,1.9,0.00981,5019,13485562164624025945,160.0,P4-ladder
0.814085,0.81144,0.81372,200000,0.0098,112.75707742046792,1.9,0.00954,5020,15574967664428948742,160.0,P4-ladder
0.814115,0.812805,0.81341,200000,0.0098,112.56247948115707,1.9,0.009825,5021,9551809403271310109,160.0,P4-ladder
0.810355,0.813,0.812815,200000,0.0098,108.48107798434769,1.9,0.01009,5022,12902745516955772710,160.0,P4-ladder
0.81334,0.81341,0.814465,200000,0.0098,106.5718942644091,1.9,0.009795,5023,9469656573019126139,160.0,P4-ladder
0.812605,0.81293,0.813685,200000,0.0098,113.7696751846678,1.9,0.009975,5024,5428404647845955236,160.0,P4-ladder
0.81408,0.813105,0.812975,200000,0.0098,110.691502222923,1.9,0.00969,5025,9150531215408711759,160.0,P4-ladder
0.814595,0.81263,0.813035,200000,0.0098,111.48668491441049,1.9,0.010005,5026,13506154251639252909,160.0,P4-ladder
0.813315,0.796415,0.813105,200000,0.0098,102.83929921134104,1.9,0.00975,5027,3270436744938506705,160.0,P4-ladder
0.8126,0.81325,0.81236,200000,0.0098,112.78322508894593,1.9,0.010015,5028,10167337192375097677,160.0,P4-ladder
0.813855,0.812335,0.813145,200000,0.0098,108.66063827223057,1.9,0.0097,5029,5381896134877795085,160.0,P4-ladder
0.81402,0.81181,0.81302,200000,0.0098,115.86386217980625,1.9,0.009885,5030,5329387051039579820,160.0,P4-ladder
0.814235,0.81358,0.81403,200000,0.0098,108.75668174464077,1.9,0.00997,5031,5066081411327223697,160.0,P4-ladder
0.81629,0.81326,0.81366,200000,0.0098,113.44348619556364,1.9,0.009805,5032,17108614104576307173,160.0,P4-ladder
0.813325,0.81398,0.81416,200000,0.0098,113.66307394047773,1.9,0.00965,5033,9953892887516204517,160.0,P4-ladder
0.8133,0.81374,0.81301,200000,0.0098,112.59970720294272,1.9,0.01008,5034,5316238358224092674,160.0,P4-ladder
0.813595,0.81421,0.812745,200000,0.0098,112.21170525104932,1.9,0.0099,5035,1733590147617291310,160.0,P4-ladder
0.813435,0.813225,0.813515,200000,0.0098,112.50600189702908,1.9,0.009745,5036,7779961008739195928,160.0,P4-ladder
0.81394,0.81243,0.81533,200000,0.0098,111.36408017922793,1.9,0.009725,5037,4774105541413034203,160.0,P4-ladder
0.81394,0.812985,0.813805,200000,0.0098,111.07803609065708,1.9,0.00991,5038,4956294924866284102,160.0,P4-ladder
0.812435,0.81207,0.81219,200000,0.0098,113.89217658810884,1.9,0.00972,5039,10780602507690782586,160.0,P4-ladder
0.813595,0.81135,0.813145,200000,0.0098,111.5810128145368,1.9,0.009635,5040,16692735334810614646,160.0,P4-ladder
0.81152,0.812215,0.812755,200000,0.0098,115.02657889419405,1.9,0.01007,5041,12481402787535704476,160.0,P4-ladder
0.81528,0.81225,0.81312,200000,0.0098,113.44444481314875,1.9,0.00976,5042,15662289368262775642,160.0,P4-ladder
0.814225,0.812605,0.8142,200000,0.0098,109.80069882202038,1.9,0.00981,5043,14271650880988546017,160.0,P4-ladder
0.81335,0.81415,0.815865,200000,0.0098,112.09942742205324,1.9,0.0098,5044,7889186743362320360,160.0,P4-ladder
0.813805,0.812525,0.814275,200000,0.0098,114.36710595485103,1.9,0.010115,5045,14968289797998558117,160.0,P4-ladder
0.811785,0.813815,0.812845,200000,0.0098,113.02539889307891,1.9,0.00925,5046,14399073453335019995,160.0,P4-ladder
0.813445,0.81359,0.81313,200000,0.0098,109.60242888823115,1.9,0.00976,5047,6624923576738592253,160.0,P4-ladder
0.81263,0.813785,0.811925,200000,0.0098,116.59904408897029,1.9,0.009355,5048,5426195674415716328,160.0,P4-ladder
0.812815,0.812255,0.812875,200000,0.0098,115.6730007725951,1.9,0.0098,5049,11454600645854052344,160.0,P4-ladder
0.81278,0.81295,0.815165,200000,0.0098,113.82981117041832,1.9,0.010015,5050,15629256859142768900,160.0,P4-ladder
0.81402,0.813785,0.81239,200000,0.0098,113.11235002835313,1.9,0.009665,5051,8011784642962631120,160.0,P4-ladder
0.81292,0.812325,0.8132,200000,0.0098,115.42073253056208,1.9,0.00997,5052,11829018288769397233,160.0,P4-ladder
0.8156,0.8119,0.8133,200000,0.0098,112.71063518789784,1.9,0.00976,5053,421083799565664151,160.0,P4-ladder
0.81238,0.81413,0.813595,200000,0.0098,114.74594720642611,1.9,0.010065,5054,3389425698003590007,160.0,P4-ladder
0.81313,0.814015,0.81262,200000,0.0098,114.8501661917397,1.9,0.009855,5055,9099494415024961373,160.0,P4-ladder
0.81351,0.81223,0.812575,200000,0.0098,112.59482151718272,1.9,0.00975,5056,16962253025469161208,160.0,P4-ladder
0.81203,0.813185,0.813635,200000,0.0098,112.46413199767213,1.9,0.009955,5057,11100945531747369562,160.0,P4-ladder
0.81114,0.813045,0.812985,200000,0.0098,114.26701323873378,1.9,0.01007,5058,6848997889094351762,160.0,P4-ladder
0.81349,0.813455,0.813835,200000,0.0098,109.76377975808823,1.9,0.00974,5059,15104895390889611422,160.0,P4-ladder
0.812835,0.81305,0.813735,200000,0.0115,117.16195776658726,1.9,0.0116,5000,12663415836641814803,160.0,P4-ladder
0.811755,0.814155,0.81443,200000,0.0115,117.22789544805799,1.9,0.01164,5001,688837420512474427,160.0,P4-ladder
0.813945,0.813705,0.814645,200000,0.0115,116.32755795755993,1.9,0.01098,5002,4954166820274340278,160.0,P4-ladder
0.81439,0.81354,0.813415,200000,0.0115,116.03888951698406,1.9,0.011475,5003,9409543808343510452,160.0,P4-ladder
0.815075,0.81304,0.814165,200000,0.0115,113.45831968882375,1.9,0.011355,5004,6666582477150895083,160.0,P4-ladder
0.813475,0.815205,0.81344,200000,0.0115,115.37798976959571,1.9,0.01157,5005,7588445932572649862,160.0,P4-ladder
0.813835,0.815545,0.81274,200000,0.0115,116.84497368980361,1.9,0.011865,5006,486497931068801183,160.0,P4-ladder
0.81393,0.81199,0.81335,200000,0.0115,115.58242543143668,1.9,0.01161,5007,8025829248898674078,160.0,P4-ladder
0.814385,0.81349,0.8132,200000,0.0115,117.53884386441342,1.9,0.01177,5008,4376386645404754728,160.0,P4-ladder
0.81327,0.814055,0.81455,200000,0.0115,115.79853871857779,1.9,0.01145,5009,3644360022424907871,160.0,P4-ladder
0.81397,0.81338,0.81307,200000,0.0115,116.54408927041625,1.9,0.011255,5010,10514072073630102211,160.0,P4-ladder
0.813045,0.813845,0.81434,200000,0.0115,117.0988634311843,1.9,0.011455,5011,5725508340034369520,160.0,P4-ladder
0.813605,0.81372,0.813585,200000,0.0115,116.80905670100803,1.9,0.011095,5012,3281307293403531576,160.0,P4-ladder
0.81381,0.813275,0.81383,200000,0.0115,117.25915688373308,1.9,0.011965,5013,9565850242675909955,160.0,P4-ladder
0.813365,0.814295,0.813155,200000,0.0115,112.74813573224941,1.9,0.010845,5014,15125089522521180653,160.0,P4-ladder
0.811835,0.81472,0.812625,200000,0.0115,117.88191355100435,1.9,0.011785,5015,7044145904920233531,160.0,P4-ladder
0.8147,0.81163,0.813105,200000,0.0115,117.17504982520614,1.9,0.01153,5016,5282753567936195738,160.0,P4-ladder
0.811335,0.81247,0.812755,200000,0.0115,115.72150957594778,1.9,0.01156,5017,13212471119853327345,160.0,P4-ladder
0.812595,0.812435,0.81406,200000,0.0115,117.28169266996593,1.9,0.011935,5018,1561712149665707318,160.0,P4-ladder
0.81392,0.814165,0.813805,200000,0.0115,115.75281071301913,1.9,0.01137,5019,754502109726901649,160.0,P4-ladder
0.812615,0.811945,0.813765,200000,0.0115,116.171068048101,1.9,0.011075,5020,17814869336207868999,160.0,P4-ladder
0.8134,0.811745,0.81324,200000,0.0115,114.9993741380781,1.9,0.011025,5021,6539731524692242630,160.0,P4-ladder
0.814375,0.81364,0.81341,200000,0.0115,116.55298819539993,1.9,0.01155,5022,13620908795731155356,160.0,P4-ladder
0.81471,0.814525,0.81165,200000,0.0115,117.11368332670581,1.9,0.011595,5023,14526848509329355054,160.0,P4-ladder
0.81365,0.81149,0.813925,200000,0.0115,116.2984140196127,1.9,0.011525,5024,8921115318146301311,160.0,P4-ladder
0.813605,0.81272,0.81389,200000,0.0115,115.93125825836817,1.9,0.01174,5025,5981043545206038302,160.0,P4-ladder
0.81156,0.813595,0.811535,200000,0.0115,113.7067542382477,1.9,0.011845,5026,8401812026944894989,160.0,P4-ladder
0.81154,0.815395,0.81454,200000,0.0115,116.02597191167371,1.9,0.011995,5027,9619089409438521877,160.0,P4-ladder
0.812575,0.81324,0.81263,200000,0.0115,115.3257973276192,1.9,0.011625,5028,13485041065599493609,160.0,P4-ladder
0.81249,0.814125,0.813985,200000,0.0115,111.76560979656294,1.9,0.01143,5029,191490757295501127,160.0,P4-ladder
0.813705,0.814935,0.81377,200000,0.0115,116.69215421005968,1.9,0.01147,5030,18074782149350187570,160.0,P4-ladder
0.813055,0.81341,0.812525,200000,0.0115,114.95485332992652,1.9,0.01141,5031,1766461234078130259,160.0,P4-ladder
0.81186,0.81518,0.81394,200000,0.0115,117.37081207485039,1.9,0.011455,5032,16627577149663353575,160.0,P4-ladder
0.81377,0.812825,0.814615,200000,0.0115,115.7301635376018,1.9,0.011805,5033,8637853132339298022,160.0,P4-ladder
0.813825,0.81381,0.81366,200000,0.0115,116.36705049972674,1.9,0.01142,5034,16837922459406099795,160.0,P4-ladder
0.813475,0.813415,0.813215,200000,0.0115,116.74878170569198,1.9,0.0114,5035,10838611337484885910,160.0,P4-ladder
0.814055,0.814215,0.814915,200000,0.0115,112.8364761609257,1.9,0.011935,5036,8820253600058358046,160.0,P4-ladder
0.812905,0.81544,0.81391,200000,0.0115,116.5454834832617,1.9,0.01168,5037,932714829531167735,160.0,P4-ladder
0.814475,0.814485,0.812525,200000,0.0115,117.57662375015715,1.9,0.011545,5038,4062310280722806127,160.0,P4-ladder
0.813085,0.813255,0.812735,200000,0.0115,117.36977184645534,1.9,0.01153,5039,13793266981407596880,160.0,P4-ladder
0.81323,0.81293,0.813355,200000,0.0115,117.45866824663382,1.9,0.01189,5040,15079081689323600149,160.0,P4-ladder
0.812325,0.812355,0.81417,200000,0.0115,114.76968842932841,1.9,0.01115,5041,8585788920547979239,160.0,P4-ladder
0.81386,0.813395,0.81361,200000,0.0115,116.56359005483829,1.9,0.011195,5042,11665434099630290782,160.0,P4-ladder
0.812275,0.81305,0.81348,200000,0.0115,115.99407801215938,1.9,0.01166,5043,4317224856618611111,160.0,P4-ladder
0.812025,0.8144,0.81397,200000,0.0115,114.9379094253903,1.9,0.011425,5044,9666893681984581920,160.0,P4-ladder
0.815635,0.813285,0.81175,200000,0.0115,117.90824557922207,1.9,0.01148,5045,3088355795425906915,160.0,P4-ladder
0.81084,0.813425,0.814965,200000,0.0115,117.10081063959636,1.9,0.011575,5046,6492953156631650540,160.0,P4-ladder
0.813685,0.813685,0.81315,200000,0.0115,115.36528155923331,1.9,0.01144,5047,13408125890429933706,160.0,P4-ladder
0.813245,0.812935,0.812655,200000,0.0115,115.9782285230626,1.9,0.011775,5048,16932052853548566801,160.0,P4-ladder
0.81412,0.812535,0.811385,200000,0.0115,116.5883621410162,1.9,0.011775,5049,7766100822812698384,160.0,P4-ladder
0.81245,0.81283,0.81417,200000,0.0115,115.84716724871218,1.9,0.011695,5050,15681353029954431763,160.0,P4-ladder
0.81254,0.813865,0.81323,200000,0.0115,116.2081875602678,1.9,0.01144,5051,5810723165318482011,160.0,P4-ladder
0.814585,0.81511,0.8133,200000,0.0115,116.6172369422413,1.9,0.011605,5052,11098069239521966992,160.0,P4-ladder
0.81181,0.815645,0.81396,200000,0.0115,113.58899338403877,1.9,0.011645,5053,7220689249661519407,160.0,P4-ladder
0.811525,0.81215,0.81374,200000,0.0115,117.32223766984718,1.9,0.011625,5054,2682937409886762659,160.0,P4-ladder
0.812045,0.811295,0.813815,200000,0.0115,117.14225514324855,1.9,0.011605,5055,6631786828478143855,160.0,P4-ladder
0.813355,0.813485,0.81367,200000,0.0115,114.07978217139566,1.9,0.01112,5056,17433751715729506920,160.0,P4-ladder
0.815105,0.81071,0.81427,200000,0.0115,116.24888424613127,1.9,0.011285,5057,16046523705168698614,160.0,P4-ladder
0.8126,0.81415,0.81336,200000,0.0115,115.55845338100073,1.9,0.01151,5058,15271356278371932752,160.0,P4-ladder
0.81327,0.81418,0.81528,200000,0.0115,117.95656355410162,1.9,0.011665,5059,17041723340046076657,160.0,P4-ladder
