name,predicted,measured,diff,ci_lo,ci_hi,delta,delta_basis,status,n_replicates,N,replicates_needed,mc_error,finite_N_bias,numerical_error,closure_error,interval_kind,note,endpoint,p_equivalence,holm_adjusted_p_endpoint
P1 no activation by the campaign (pathwise),0.0,0.0,0.0,0.0,0.0,0.0,R8(a): 'Nothing activates'; any activation is a FAIL,PASS,576,100000,,0.0,0.0,0.0,0.0,exact pathwise (violation count),max |c| post-campaign 0.369002378 < c_b = 0.5,P1,1.0,1.0
"P1 post-campaign x | (40, 50, 140)",0.0,0.0005974999999999999,0.0005974999999999999,-0.0005735923814159183,0.0017685923814159182,0.01,A4a absolute tolerance for x = 0: 0.01,PASS,24,100000,,0.0011710923814159183,0.0,0.0,0.0,student-t across replicates,,P1,1.0,1.0
"P1 operator R/lambda | (40, 50, 140)",0.34657359,0.34732708333333334,0.0007534933333333549,-0.0011333118469465941,0.002640298513613304,0.0069314718,A6 operator check: 2% of 0.346573590,PASS,24,100000,,0.0018868051802799382,0.0031437500000000007,0.0,0.0,student-t across replicates,"single seed on the relaxed background at tau0=10.0/rho, lambda=2.0; 10000 seeds per background",P1,1.0,1.0
"P1 post-campaign x | (40, 140, 50)",0.96984631,0.9701091666666667,0.0002628566666666998,-0.00012688425743878629,0.0006525975907721859,0.0193969262,A6 operator check: 2% of 0.969846310,PASS,24,100000,,0.0003897409241054364,0.0,0.0,0.0,student-t across replicates,,P1,1.0,1.0
"P1 operator R/lambda | (40, 140, 50)",0.682696708,0.6824187500000001,-0.00027795799999996706,-0.0026297012666153252,0.002073785266615391,0.01365393416,A6 operator check: 2% of 0.682696708,PASS,24,100000,,0.0023517432666154046,0.002718750000000103,0.0,0.0,student-t across replicates,"single seed on the relaxed background at tau0=10.0/rho, lambda=2.0; 10000 seeds per background",P1,1.0,1.0
"P1 held-out post-campaign x | (50, 40, 140)",0.0,-0.0010316666666666666,-0.0010316666666666666,-0.00249008233088115,0.0004267489975478167,0.01,A4a absolute tolerance for x = 0: 0.01,PASS,24,100000,,0.0014584156642144833,0.0,0.0,0.0,student-t across replicates,sealed before the run,P1,1.0,1.0
"P1 held-out operator R/lambda | (50, 40, 140)",0.34657359,0.3473354166666667,0.0007618266666666873,-0.00125573399827833,0.0027793873316117046,0.0069314718,A6 operator check: 2% of 0.346573590,PASS,24,100000,,0.0020175606649449947,,0.0,0.0,student-t across replicates,"single seed on the relaxed background at tau0=10.0/rho, lambda=2.0; 10000 seeds per background",P1,1.0,1.0
"P1 held-out post-campaign x | (140, 40, 50)",0.96984631,0.969685,-0.0001613099999999701,-0.0004884432571858888,0.0001658232571859486,0.0193969262,A6 operator check: 2% of 0.969846310,PASS,24,100000,,0.0003271332571859007,0.0,0.0,0.0,student-t across replicates,sealed before the run,P1,1.0,1.0
"P1 held-out operator R/lambda | (140, 40, 50)",0.682696708,0.6806749999999999,-0.002021708000000122,-0.0049131940227292725,0.0008697780227290286,0.01365393416,A6 operator check: 2% of 0.682696708,PASS,24,100000,,0.0028914860227291297,,0.0,0.0,student-t across replicates,"single seed on the relaxed background at tau0=10.0/rho, lambda=2.0; 10000 seeds per background",P1,1.0,1.0
P1-delay invasion-advantage ratio at tau0=10.0/rho vs 1.97,1.97,1.9650829823260565,-0.00491701767394348,-0.017488795343886476,0.007654759995999516,0.0394,A6 operator check: 2% of 1.97,PASS,24,100000,,0.012571777669943052,,0.0,0.0,student-t across replicates,ratio of invasion radii (A4a endpoint F1); the exact limit from the sealed enumeration is 1.969846310,P1-delay,1.0,1.0
P1-delay advantage present at every delay (ratio > 1),1.0,1.0006283252933197,0.000628325293319687,-0.00777391835608221,0.009030568942721473,0.0,"sign claim; A6 three-way: PASS iff the 95% lower bound exceeds 1 at every delay, FAIL iff an upper bound falls below 1, INCONCLUSIVE otherwise",INCONCLUSIVE,24,100000,,0.008402243649401786,,0.0,0.0,"student-t across backgrounds, worst delay","worst delay tau0=0.0/rho, where the EXACT invasion-radius ratio derived from the same enumeration that reproduces C3.15 is 1.000000000. At tau0 = 0 that exact ratio is 1 to machine precision, because from I2 the maximally mixed orientation is invariant under every projection (R8(b)), so the orientation channel contributes nothing and the stance channel has had no time to act. No finite replicate count can place a confidence interval strictly above 1 at a point where the true value IS 1; see BUGLOG.md A1.",P1-delay,0.878410819021785,1.0
P1-delay orientation preparation decays as exp(-rho tau0),0.0,0.0016531402399847957,0.0016531402399847957,0.0014148804233014194,0.0018973851856413917,0.02,"A4a: the exponential-decay claim is stated for the underlying state law, not the threshold observable; 2% absolute on the unrelaxed orientation fraction",PASS,24,100000,,0.00024125238116998616,,0.0,0.0,bootstrap over backgrounds of the max absolute deviation over the six delays,"unrelaxed fraction measured vs exp(-rho tau0): 0.0:1.00000/1.00000, 0.5:0.60669/0.60653, 1.0:0.36797/0.36788, 2.0:0.13551/0.13534, 5.0:0.00670/0.00674, 10.0:0.00005/0.00005",P1-delay,1.0,1.0
P2 no activation by the campaign (pathwise),0.0,0.0,0.0,0.0,0.0,0.0,c_b = 0.95 is chosen so the campaign is silent; any activation is a FAIL,PASS,120,100000,,0.0,0.0,0.0,0.0,exact pathwise (violation count),max |c| post-campaign 0.771138,P2,1.0,1.0
"P2 first-generation acceptance q_T | (10, 20, 30)",0.707442366,0.7057632130905821,-0.0016791529094178914,-0.003977639985340509,0.0006193341665047258,0.01414884732,A6 operator check: 2% of 0.707442366,PASS,20,100000,,0.002298487075922638,0.0,0.0,0.0,student-t across replicates,,P2,1.0,1.0
"P2 operator R/lambda | (10, 20, 30)",0.03628705,0.03620566037735849,-8.138962264150895e-05,-0.0004335392178433789,0.000270759972560361,0.000725741,A6 operator check: 2% of 0.036287050,PASS,20,100000,,0.0003521495952018691,0.00013396226415094553,0.0,0.0,student-t across replicates,,P2,1.0,1.0
"P2 first-generation acceptance q_T | (10, 30, 20)",0.759089355,0.7592743090538466,0.0001849540538466643,-0.0018500236762847289,0.0022199317839780575,0.0151817871,A6 operator check: 2% of 0.759089355,PASS,20,100000,,0.002034977730131359,0.0,0.0,0.0,student-t across replicates,,P2,1.0,1.0
"P2 operator R/lambda | (10, 30, 20)",0.038936194,0.03900990566037736,7.371166037736104e-05,-9.371493819933241e-05,0.0002411382589540545,0.00077872388,A6 operator check: 2% of 0.038936194,PASS,20,100000,,0.00016742659857669313,0.00012594339622641615,0.0,0.0,student-t across replicates,,P2,1.0,1.0
"P2 first-generation acceptance q_T | (20, 10, 30)",0.637858566,0.6383957683899861,0.0005372023899861134,-0.002053238745575503,0.0031276435255477297,0.01275717132,A6 operator check: 2% of 0.637858566,PASS,20,100000,,0.002590441135561615,0.0,0.0,0.0,student-t across replicates,,P2,1.0,1.0
"P2 operator R/lambda | (20, 10, 30)",0.032717867,0.03265424528301887,-6.362171698112706e-05,-0.00033087332526218066,0.00020362989129992654,0.00065435734,A6 operator check: 2% of 0.032717867,PASS,20,100000,,0.00026725160828105165,0.00010613207547169323,0.0,0.0,student-t across replicates,,P2,1.0,1.0
P2 operator R/lambda from I2 (all orders equal),0.025646647,0.02563459119496855,-1.2055805031451622e-05,-0.00016415355821537692,0.00014004194815247367,0.00051293294,A6 operator check: 2% of 0.025646647,PASS,60,100000,,0.00015209775318392418,0.0,0.0,0.0,student-t across replicates,pooled over the three orders; the maximally mixed orientation is invariant under every projection,P2,1.0,1.0
P2-delay rho=0: order dependence persists (orientation never relaxes),0.006199056603773581,0.006072641509433964,-0.00012641509433961723,-0.000544363207547166,0.0002915094339622712,0.00012398113207547163,A6 operator check: 2% of the tau0 = 0 spread; persistence means the spread does not decay,INCONCLUSIVE,10,100000,294845,0.0004179363207547186,,0.0,0.0,bootstrap over backgrounds of the spread of R/lambda across the three orders,"spread at tau0=0 0.006199 [0.005760, 0.006677], at tau0=10.0 0.006073 [0.005655, 0.006491]",P2-delay,0.9897761767012491,
P2-delay rho=0.5: order dependence decays as exp(-rho tau0),0.0,0.001697480653405865,0.001697480653405865,0.001481202447104141,0.0019052525089137018,0.02,"A4a: the decay claim is stated for the underlying orientation law, not the threshold observable; 2% absolute",PASS,10,100000,,0.00021202503090478038,,0.0,0.0,bootstrap over backgrounds of the max absolute deviation over the four delays,"A4a: the post-campaign preparation IS recomputed at rho = 0.5 (the rho = 0 coefficients are not reused); un-relaxed fraction relative to tau0 = 0: 0.0:1.00000/1.00000, 1.0:0.60617/0.60653, 3.0:0.22250/0.22313, 10.0:0.00681/0.00674",P2-delay,1.0,
P3 no activation by the campaign (pathwise),0.0,0.0,0.0,0.0,0.0,0.0,the campaign must leave a silent background,PASS,40,100000,,0.0,0.0,0.0,0.0,exact pathwise (violation count),max |c| 0.459626666 < c_b,P3,1.0,1.0
"P3 frozen diagnostic R_fr(0) | (45, 20)",1.266783868,1.2601592726202568,-0.006624595379743248,-0.014099894916437039,0.0008507041569505436,0.025335677360000003,A6 operator check: 2% of 1.266783868,PASS,20,100000,,0.007475299536693722,0.005440000392583411,0.0,0.0,student-t across replicates,LABELLED A FROZEN DIAGNOSTIC (A4a); evaluated on the saved post-campaign state at lambda=4.0,P3,1.0,1.0
"P3 E Z_2 from a seed introduced immediately | (45, 20)",1.5624039584,1.56143,-0.0009739583999999191,-0.00851955266101978,0.006571635861019942,0.031248079168,A6 operator check: 2% of 1.562403958,PASS,20,100000,,0.007545594261019944,,4.3396526080555576e-14,0.0,student-t across replicates,"time-dependent kernel, background NOT frozen (C3.21); measured descendant growth",P3,1.0,1.0
"P3 frozen diagnostic R_fr(0) | (20, 45)",0.875468736,0.8782097699147796,0.0027410339147796448,-0.0033633338798712,0.00884540170943049,0.01750937472,A6 operator check: 2% of 0.875468736,PASS,20,100000,,0.006104367794650809,0.008307442553639688,0.0,0.0,student-t across replicates,LABELLED A FROZEN DIAGNOSTIC (A4a); evaluated on the saved post-campaign state at lambda=4.0,P3,1.0,1.0
"P3 E Z_2 from a seed introduced immediately | (20, 45)",1.1039594704,1.1103925000000001,0.00643302960000014,0.0017490427753295013,0.011117016424670778,0.022079189408,A6 operator check: 2% of 1.103959470,PASS,20,100000,,0.004683986824670591,,2.7004467296808596e-14,0.0,student-t across replicates,"time-dependent kernel, background NOT frozen (C3.21); measured descendant growth",P3,1.0,1.0
"P3 convergence to R_inf = 0.0912 lambda at tau0 = 10.0 | (45, 20)",0.364643112,0.36353574072836575,-0.0011073712716342388,-0.003912602209384164,0.0016978596661156864,0.00729286224,A6 operator check: 2% of 0.364643112,PASS,20,100000,,0.0028052309377499395,,0.0,0.0,student-t across replicates,"next-generation operator of the RELAXED state (the offspring count of a typical offspring, not of the seed, whose conviction is 1 by A1)",P3,1.0,1.0
"P3 convergence to R_inf = 0.0912 lambda at tau0 = 10.0 | (20, 45)",0.364643112,0.36252635981950865,-0.0021167521804913436,-0.005650507619680445,0.0014170032586977577,0.00729286224,A6 operator check: 2% of 0.364643112,PASS,20,100000,,0.003533755439189093,,0.0,0.0,student-t across replicates,"next-generation operator of the RELAXED state (the offspring count of a typical offspring, not of the seed, whose conviction is 1 by A1)",P3,1.0,1.0
P4 no reach ignites at lambda = 1.4 (A(160) = 0),0.0,0.0,0.0,0.0,0.0,0.0,"A4a: below the fold the criterion is extinction, A(t) = 0 by t = 160 for every f tested",PASS,500,50000,,0.0,0.0,0.0,0.0,exact pathwise (violation count),"reaches tested [0.1, 0.25, 0.5, 0.75, 1.0]; 500 runs",P4,1.0,2.174873180860899e-25
P4 finite-amplitude threshold f_c at lambda = 1.6,0.127,0.13342201463414632,0.0064220146341463225,0.00558753639689577,0.007219819999999988,0.006350000000000001,A6 trajectory marker: 5% of 0.127,INCONCLUSIVE,100,50000,12844,0.0008161418015521088,0.0005593244632061678,0.002,,"bootstrap (4000 draws) of the 50% point of the ignition-probability curve against REALIZED reach, horizon t = 160","criterion A(160) > 1.5 A_u = 0.211248; horizon sensitivity {'f_c_t40': 0.13342, 'f_c_t80': 0.13342, 'f_c_t160': 0.13342}",P4,0.8613719010832743,2.174873180860899e-25
P4 upper branch A* at lambda = 1.6,0.63,0.6364194321766561,0.006419432176656081,0.005992116075150378,0.006846748278161785,0.0315,A6 trajectory marker: 5% of 0.63,PASS,317,50000,,0.0004273161015056966,,0.006617306438940873,,student-t across replicates,A(160) over the 317 ignited runs; the C2(b) quadrature gives 0.636617,P4,1.0,2.174873180860899e-25
P4 finite-amplitude threshold f_c at lambda = 1.75,0.038,0.04381454117647059,0.005814541176470588,0.005360917647058823,0.006434493333333326,0.0019,A6 trajectory marker: 5% of 0.038,FAIL,100,50000,,0.0005367878431372514,0.00015429117647059593,0.001,,"bootstrap (4000 draws) of the 50% point of the ignition-probability curve against REALIZED reach, horizon t = 160","criterion A(160) > 1.5 A_u = 0.085669; horizon sensitivity {'f_c_t40': 0.04381, 'f_c_t80': 0.04381, 'f_c_t160': 0.04381}",P4,3.624788634768165e-26,2.174873180860899e-25
P4 upper branch A* at lambda = 1.75,0.75,0.747168901098901,-0.002831098901099005,-0.003240169469841292,-0.002422028332356718,0.037500000000000006,A6 trajectory marker: 5% of 0.75,PASS,182,50000,,0.000409070568742334,,0.0028062904595678173,,student-t across replicates,A(160) over the 182 ignited runs; the C2(b) quadrature gives 0.747194,P4,1.0,2.174873180860899e-25
P4 finite-amplitude threshold f_c at lambda = 1.9,0.0086,0.00731044,-0.0012895600000000004,-0.002124035897435898,-0.0009670076923076927,0.00043000000000000004,A6 trajectory marker: 5% of 0.0086,FAIL,100,50000,,0.0005785141025641026,0.00011776692307692398,0.0008,,"bootstrap (4000 draws) of the 50% point of the ignition-probability curve against REALIZED reach, horizon t = 160","criterion A(160) > 1.5 A_u = 0.018203; horizon sensitivity {'f_c_t40': 0.00742, 'f_c_t80': 0.00731, 'f_c_t160': 0.00731}",P4,0.0039877071843229224,2.174873180860899e-25
P4 upper branch A* at lambda = 1.9,0.81,0.8132018611987382,0.0032018611987381096,0.003028042107942275,0.0033756802895339444,0.04050000000000001,A6 trajectory marker: 5% of 0.81,PASS,634,50000,,0.00017381909079581135,,0.0033804328512726523,,student-t across replicates,A(160) over the 634 ignited runs; the C2(b) quadrature gives 0.813380,P4,1.0,2.174873180860899e-25
P6 case A collapse time t_dagger vs the kinetic solution,70.3,70.35303633651682,0.0530363365168256,0.028785161619538258,0.07728751141411294,3.515,A6 trajectory marker: 5% of 70.3,PASS,50,100000,,0.02425117489728846,,0.1,4.0,student-t across replicates,"first downward crossing of A_f = 0.5603; the adiabatic value 66.3 is the approximation being assessed, closure error 5.7% (A4 claims 6%)",P6,1.0,1.0
