Lambda,N,mean_k,n_exo,rep,seed,test,var_k
5.999727600421425,100000,6.0065,600650.0,0,9563805433779075790,T3a,6.015477904779048
5.999727600421425,100000,6.00858,600858.0,1,978667391249153162,T3a,5.997506358663586
5.999727600421425,100000,6.00214,600214.0,2,12793274976787706383,T3a,6.022035640756407
5.999727600421425,100000,6.00454,600454.0,3,8295589436603552968,T3a,5.985679245192451
5.999727600421425,100000,5.99628,599628.0,4,2237083490061429103,T3a,6.033186493464934
5.999727600421425,100000,5.99718,599718.0,5,15908299577229765164,T3a,5.997392021520214
5.999727600421425,100000,6.0122,601220.0,6,594497443295389445,T3a,6.060431764317643
5.999727600421425,100000,5.98074,598074.0,7,16269425330492598260,T3a,5.9896889492894925
5.999727600421425,100000,5.99804,599804.0,8,6561850861982381244,T3a,5.9757959163591625
5.999727600421425,100000,6.01135,601135.0,9,458902263957514156,T3a,6.057661754117542
