N,chi2_per_dof,lam_intA,mean_k,rep,seed,test,var_k
1000,1.1170324872079247,1.7924802308669752,1.693069306930693,0,17724858327592260814,T3c,1.7348514851485146
1000,0.1133429843906508,1.7446528779653854,1.802325581395349,1,17852023368121732124,T3c,1.6898768809849518
1000,1.1720285022629064,1.752970902234694,1.9059829059829059,2,3808779187729795357,T3c,1.9307397583259651
1000,0.9728437423556212,1.7446529914444295,1.7326732673267327,3,16383607346141728547,T3c,1.9178217821782184
1000,0.7540211939069188,1.7696062611230496,1.8085106382978724,4,11390325763901821382,T3c,1.5758407687028135
1000,0.40060126389329936,1.6801902322176163,1.6162790697674418,5,1451014145591847923,T3c,1.345143638850889
1000,0.24814157813991722,1.7300969140419342,1.6355140186915889,6,11313593128946479903,T3c,1.611179686122377
1000,1.9252612840321564,1.7300969741796748,1.6941176470588235,7,16823241958605426264,T3c,1.7148459383753496
1000,0.34349008969894,1.7446529787006588,1.7647058823529411,8,13888854765004248901,T3c,1.6866627839254518
1000,0.7085473729484548,1.7800034664401982,1.7024793388429753,9,12724493592785773262,T3c,2.044077134986226
1000,0.830253809199632,1.8215924419313623,1.825242718446602,10,13462706482886113950,T3c,1.7338663620788122
1000,1.6339034408023885,1.6718725455200403,1.6304347826086956,11,3931969167827613510,T3c,2.0377448638318203
1000,0.26279166629852135,1.7051433637796323,1.8020833333333333,12,743121838895039447,T3c,1.8867324561403513
1000,0.15620945192288768,1.7592092600913352,1.7789473684210526,13,2380359000312995576,T3c,1.8548712206047038
1000,0.8716063530180445,1.7155406689068071,1.605263157894737,14,16956283929020551502,T3c,1.6021052631578947
1000,1.5439734165864982,1.7051436592050113,1.8,15,9941518538360416980,T3c,2.2379746835443037
1000,1.6076949854164269,1.7904008687691508,1.6741573033707866,16,4270760269097096810,T3c,1.2448927477017366
1000,0.4608758153387149,1.8195131782239762,1.8803418803418803,17,13809253911545760335,T3c,1.6579722959033305
1000,0.7881309375997217,1.7425737504123084,1.7524752475247525,18,9810833011934958363,T3c,1.948118811881188
1000,1.1778095098946744,1.8278307375734588,1.6236559139784945,19,5819715072016900251,T3c,1.6503038803179064
10000,1.7494604248907097,1.7361273027754751,1.7971163748712666,0,11309396922673192658,T3c,1.8072494080924117
10000,0.7713439096451982,1.7606647429364273,1.7869700103412616,1,13256134062410656432,T3c,1.7806582009630434
10000,1.345534026838552,1.737374978529427,1.7936046511627908,2,1789387383796112937,T3c,1.9563897096970655
10000,0.7173571010181466,1.758793278507906,1.7283464566929134,3,5899957383872528222,T3c,1.7842597261549205
10000,0.6498021425579835,1.7718937779633372,1.764319248826291,4,12558502486789350294,T3c,1.7874474919693597
10000,0.6635835637677217,1.7379988601834788,1.7610441767068272,5,16787176731204882454,T3c,1.639325139755
10000,0.734190816832566,1.7513073116838347,1.7334732423924448,6,13325548469185996592,T3c,1.7524182810584883
10000,0.18876324039181228,1.7810433728062627,1.8023032629558542,7,14908551555858611049,T3c,1.766834267213166
10000,0.5017936549617634,1.7583773984234665,1.7387127761767531,8,8517470940297673142,T3c,1.8470479568462277
10000,0.5756660739942301,1.7687746032054954,1.7909176915799432,9,9424112369638714028,T3c,1.8189325850749694
10000,1.395372849849089,1.751099348980918,1.7470355731225296,10,17344262605454490502,T3c,1.633275080830235
10000,0.21330405683128886,1.7579615409108125,1.7775609756097561,11,5441638597902555369,T3c,1.78250381097561
10000,0.9260023302247041,1.7650316355878481,1.8044103547459251,12,3871457586482380861,T3c,1.9194814897967074
10000,0.9785760755243432,1.7352955338460068,1.6804020100502512,13,6144540948438328543,T3c,1.6925229770583297
10000,1.8419191447520864,1.747772229797846,1.7453987730061349,14,9801824046844321246,T3c,1.8460637609810928
10000,1.2241192822770117,1.765447536579367,1.8151515151515152,15,43159045464306513,T3c,1.7018935563930506
10000,2.5623850638010617,1.7330081338472998,1.6879505664263645,16,2949509835207569017,T3c,1.82108146559504
10000,0.8309690462627594,1.742365645367819,1.7524950099800398,17,13538271274752747976,T3c,1.7848339285465034
10000,0.6823780260735782,1.7486040337940627,1.7280296022201664,18,10325047437179507038,T3c,1.809296947271045
10000,0.8457573448588668,1.7413259550412628,1.728146013448607,19,15527552165099770420,T3c,1.6923705017364958
100000,1.8405712890160912,1.7528668628266204,1.7168813017869622,0,8389978259391862744,T3c,1.6945961832935128
100000,0.7542437744451118,1.7524925558009166,1.741169427260028,1,2261378928669205272,T3c,1.7471902499064476
100000,0.4098449007811046,1.7582734180021524,1.7531347962382444,2,16314388806626505331,T3c,1.747810295534474
100000,0.8090897578792207,1.7587516984620066,1.7513107132258383,3,12908965031727143554,T3c,1.7776805632221757
100000,1.7189434801118586,1.7590844061800934,1.7384997516145058,4,15209354821652264494,T3c,1.742421636153555
100000,0.6983404142812779,1.7522638224640947,1.7626459143968871,5,17166732863496735085,T3c,1.7298278417830966
100000,0.7361085865281615,1.7589180590845626,1.767581047381546,6,2085820365958152722,T3c,1.7825682203111535
100000,1.0885656804798265,1.7568593958245602,1.7770648742234443,7,4935486120044431022,T3c,1.768689652645663
100000,2.113397830924911,1.757088147297329,1.7649843860179308,8,12759911549863988700,T3c,1.764729858208728
100000,0.8225700830968659,1.757753570808393,1.7661642205474017,9,15834369697151335070,T3c,1.797740278890288
100000,1.5094166759277212,1.7531163895996449,1.7407444567071335,10,8601193414798214345,T3c,1.8087581453071675
100000,0.45417260164495576,1.7548423441258798,1.7619809904952477,11,10638136645450475023,T3c,1.7411199496085843
100000,0.9398423956683712,1.7578991280706178,1.76308704756207,12,3373328735574719719,T3c,1.8000692884929672
100000,0.38634965983207387,1.7525133588760895,1.745024630541872,13,3158768487282160988,T3c,1.7475735288050411
100000,1.1085487910586405,1.7567138364668993,1.7457260758498723,14,17753323429575675172,T3c,1.779496814807848
100000,0.7156738004878931,1.7527836835615114,1.764,15,7742846502230740729,T3c,1.7586798679867988
100000,0.34888480712548064,1.7571089375928524,1.7671440096813231,16,15049481783297513845,T3c,1.7647337890422765
100000,0.9247214728905159,1.752076677178307,1.765093962415034,17,17182096360383504913,T3c,1.7874608429146583
100000,1.7423854063810047,1.7560900063744773,1.7657712043465137,18,8285930776823336354,T3c,1.7630021497000083
100000,1.25273524345943,1.7583150208089626,1.757239619122411,19,12233634761001653955,T3c,1.7420629862644537
